{"version":1,"request":{"fileName":"flow-anylogWastewaterV4-20240821-181630.json","resourceIds":[],"dashboardIds":[],"pipelineIds":["3c613313-47cb-4b1f-99df-cfb5d16c9e9b"],"pipelineJobIds":[],"resolutions":[]},"dashboards":[],"resources":[],"pipelines":[{"entryPointId":"dc489031-8af5-48b2-9b0d-8a4843337390","metadata":[{"key":"description","value":""},{"key":"name","value":"Anylog - Wastewater - v4"},{"key":"annotations:0:key","value":"a995bc1a-3f41-4036-8c89-4d50051c98a7"},{"key":"annotations:0:x","value":"0"},{"key":"annotations:0:y","value":"-250"},{"key":"annotations:0:width","value":"375"},{"key":"annotations:0:height","value":"125"},{"key":"annotations:0:kind","value":"annotation/comment"},{"key":"annotations:0:configuration:text","value":"v1 - Original Version\nv2 - Added local operator and HTTP Error log\nv3 - Moved analog to separate table. Disconnect the success log to lower quantity of log entries.\nv4 - Added timestamp."},{"key":"annotations:0:configuration:fontStyle:size","value":"12"},{"key":"annotations:0:configuration:backgroundColor","value":"#000000"},{"key":"annotations:0:configuration:backgroundOpacity","value":"40"}],"operators":[{"id":"dc489031-8af5-48b2-9b0d-8a4843337390","kind":"std/forward","configuration":[],"metadata":[{"key":"name","value":"Entry Point"},{"key":"x","value":"0"},{"key":"y","value":"0"}]},{"id":"9a9e4c5d-6eec-4512-8c91-4f71c7024174","kind":"plc/read","configuration":[{"key":"$version","value":"1"},{"key":"ids:0","value":"44aefd1d-1f22-46dd-8cb5-31da903ab81e"},{"key":"resource","value":"3ad677f7-2099-4689-b3a5-e5c023cbc37c"}],"metadata":[{"key":"$in:schemaType","value":"1"},{"key":"$out:selectors:0:fields:0:name","value":"SS_SCREENRUN_S"},{"key":"$out:selectors:0:fields:0:type","value":"1"},{"key":"$out:selectors:0:fields:10:name","value":"AM_ThickenerA_Alarm"},{"key":"$out:selectors:0:fields:10:type","value":"1"},{"key":"$out:selectors:0:fields:11:name","value":"AM_ThickenerA_Status"},{"key":"$out:selectors:0:fields:11:type","value":"1"},{"key":"$out:selectors:0:fields:12:name","value":"GK_SHAND_S"},{"key":"$out:selectors:0:fields:12:type","value":"1"},{"key":"$out:selectors:0:fields:13:name","value":"AM_ThickenerB_Alarm"},{"key":"$out:selectors:0:fields:13:type","value":"1"},{"key":"$out:selectors:0:fields:14:name","value":"UV_WF2_A.Alarm"},{"key":"$out:selectors:0:fields:14:type","value":"1"},{"key":"$out:selectors:0:fields:15:name","value":"AM_ThickenerB_Status"},{"key":"$out:selectors:0:fields:15:type","value":"1"},{"key":"$out:selectors:0:fields:16:name","value":"AM_WAS1_TUE_PB"},{"key":"$out:selectors:0:fields:16:type","value":"1"},{"key":"$out:selectors:0:fields:17:name","value":"UV_GFD1_S.Alarm"},{"key":"$out:selectors:0:fields:17:type","value":"1"},{"key":"$out:selectors:0:fields:18:name","value":"UV_GFD2_S.Alarm"},{"key":"$out:selectors:0:fields:18:type","value":"1"},{"key":"$out:selectors:0:fields:19:name","value":"UV_CABHT1_A.Alarm"},{"key":"$out:selectors:0:fields:19:type","value":"1"},{"key":"$out:selectors:0:fields:1:name","value":"SS_JAM_A.Alarm"},{"key":"$out:selectors:0:fields:1:type","value":"1"},{"key":"$out:selectors:0:fields:20:name","value":"UV_CABHT2_A.Alarm"},{"key":"$out:selectors:0:fields:20:type","value":"1"},{"key":"$out:selectors:0:fields:21:name","value":"MCC_GEN_A.Alarm"},{"key":"$out:selectors:0:fields:21:type","value":"1"},{"key":"$out:selectors:0:fields:22:name","value":"AM_AirPress_NotOK"},{"key":"$out:selectors:0:fields:22:type","value":"1"},{"key":"$out:selectors:0:fields:23:name","value":"CG_A.IN"},{"key":"$out:selectors:0:fields:23:type","value":"1"},{"key":"$out:selectors:0:fields:24:name","value":"AM_Auger_Alarm"},{"key":"$out:selectors:0:fields:24:type","value":"1"},{"key":"$out:selectors:0:fields:25:name","value":"AM_Auger_Status"},{"key":"$out:selectors:0:fields:25:type","value":"1"},{"key":"$out:selectors:0:fields:26:name","value":"AM_BeltPress_Alarm"},{"key":"$out:selectors:0:fields:26:type","value":"1"},{"key":"$out:selectors:0:fields:27:name","value":"AM_BeltPress_Status"},{"key":"$out:selectors:0:fields:27:type","value":"1"},{"key":"$out:selectors:0:fields:28:name","value":"SS_HL_A.Alarm"},{"key":"$out:selectors:0:fields:28:type","value":"1"},{"key":"$out:selectors:0:fields:29:name","value":"MCC_NPWPRNG1_S"},{"key":"$out:selectors:0:fields:29:type","value":"1"},{"key":"$out:selectors:0:fields:2:name","value":"AM_RASAB2_VALVE"},{"key":"$out:selectors:0:fields:2:type","value":"1"},{"key":"$out:selectors:0:fields:30:name","value":"AM_DIGA_VALVE"},{"key":"$out:selectors:0:fields:30:type","value":"1"},{"key":"$out:selectors:0:fields:31:name","value":"AM_DIGB_VALVE"},{"key":"$out:selectors:0:fields:31:type","value":"1"},{"key":"$out:selectors:0:fields:32:name","value":"AM_ESTOP"},{"key":"$out:selectors:0:fields:32:type","value":"1"},{"key":"$out:selectors:0:fields:33:name","value":"AM_HFLA_VALVE"},{"key":"$out:selectors:0:fields:33:type","value":"1"},{"key":"$out:selectors:0:fields:34:name","value":"MCC_TSTDBYRDY_S"},{"key":"$out:selectors:0:fields:34:type","value":"1"},{"key":"$out:selectors:0:fields:35:name","value":"MCC_GENRNG_S"},{"key":"$out:selectors:0:fields:35:type","value":"1"},{"key":"$out:selectors:0:fields:36:name","value":"AM_HFLB_VALVE"},{"key":"$out:selectors:0:fields:36:type","value":"1"},{"key":"$out:selectors:0:fields:37:name","value":"AM_HVEFRNG_S"},{"key":"$out:selectors:0:fields:37:type","value":"1"},{"key":"$out:selectors:0:fields:38:name","value":"AM_HVGAS_A.IN"},{"key":"$out:selectors:0:fields:38:type","value":"1"},{"key":"$out:selectors:0:fields:39:name","value":"AM_MainDrum_Alarm"},{"key":"$out:selectors:0:fields:39:type","value":"1"},{"key":"$out:selectors:0:fields:3:name","value":"UV_LF2_A.Alarm"},{"key":"$out:selectors:0:fields:3:type","value":"1"},{"key":"$out:selectors:0:fields:40:name","value":"AM_WAS1_WED_PB"},{"key":"$out:selectors:0:fields:40:type","value":"1"},{"key":"$out:selectors:0:fields:41:name","value":"AM_MainDrum_Status"},{"key":"$out:selectors:0:fields:41:type","value":"1"},{"key":"$out:selectors:0:fields:42:name","value":"AM_MX1_RUNNING"},{"key":"$out:selectors:0:fields:42:type","value":"1"},{"key":"$out:selectors:0:fields:43:name","value":"MCC_NPWPRNG2_S"},{"key":"$out:selectors:0:fields:43:type","value":"1"},{"key":"$out:selectors:0:fields:44:name","value":"AM_MX2_RUNNING"},{"key":"$out:selectors:0:fields:44:type","value":"1"},{"key":"$out:selectors:0:fields:45:name","value":"CG_FWDREV_S"},{"key":"$out:selectors:0:fields:45:type","value":"1"},{"key":"$out:selectors:0:fields:46:name","value":"AM_Polymer_Alarm"},{"key":"$out:selectors:0:fields:46:type","value":"1"},{"key":"$out:selectors:0:fields:47:name","value":"AM_Polymer_Status"},{"key":"$out:selectors:0:fields:47:type","value":"1"},{"key":"$out:selectors:0:fields:48:name","value":"AM_WAS1_FRI_PB"},{"key":"$out:selectors:0:fields:48:type","value":"1"},{"key":"$out:selectors:0:fields:49:name","value":"AM_SludgePump_Alarm"},{"key":"$out:selectors:0:fields:49:type","value":"1"},{"key":"$out:selectors:0:fields:4:name","value":"AM_WAS1_THR_PB"},{"key":"$out:selectors:0:fields:4:type","value":"1"},{"key":"$out:selectors:0:fields:50:name","value":"AM_SludgePump_Status"},{"key":"$out:selectors:0:fields:50:type","value":"1"},{"key":"$out:selectors:0:fields:51:name","value":"AM_SRG_AB_VALVE"},{"key":"$out:selectors:0:fields:51:type","value":"1"},{"key":"$out:selectors:0:fields:52:name","value":"GK_CLASSRNG_S"},{"key":"$out:selectors:0:fields:52:type","value":"1"},{"key":"$out:selectors:0:fields:53:name","value":"AM_SURGE_HIGH_ALARM"},{"key":"$out:selectors:0:fields:53:type","value":"1"},{"key":"$out:selectors:0:fields:54:name","value":"AM_TANKA_HIGH_ALARM"},{"key":"$out:selectors:0:fields:54:type","value":"1"},{"key":"$out:selectors:0:fields:55:name","value":"AM_TANKB_HIGH_ALARM"},{"key":"$out:selectors:0:fields:55:type","value":"1"},{"key":"$out:selectors:0:fields:56:name","value":"CG_START_S"},{"key":"$out:selectors:0:fields:56:type","value":"1"},{"key":"$out:selectors:0:fields:57:name","value":"AM_WASA_VALVE"},{"key":"$out:selectors:0:fields:57:type","value":"1"},{"key":"$out:selectors:0:fields:58:name","value":"MCC_SRFRNG_S"},{"key":"$out:selectors:0:fields:58:type","value":"1"},{"key":"$out:selectors:0:fields:59:name","value":"AM_WASB_VALVE"},{"key":"$out:selectors:0:fields:59:type","value":"1"},{"key":"$out:selectors:0:fields:5:name","value":"AM_SEQ1A_VALVE"},{"key":"$out:selectors:0:fields:5:type","value":"1"},{"key":"$out:selectors:0:fields:60:name","value":"AM_WaterPump_Alarm"},{"key":"$out:selectors:0:fields:60:type","value":"1"},{"key":"$out:selectors:0:fields:61:name","value":"AM_WAS1_MON_PB"},{"key":"$out:selectors:0:fields:61:type","value":"1"},{"key":"$out:selectors:0:fields:62:name","value":"AM_WaterPump_Status"},{"key":"$out:selectors:0:fields:62:type","value":"1"},{"key":"$out:selectors:0:fields:63:name","value":"MCC_TSNPRDY_S"},{"key":"$out:selectors:0:fields:63:type","value":"1"},{"key":"$out:selectors:0:fields:64:name","value":"GK_FVO_S"},{"key":"$out:selectors:0:fields:64:type","value":"1"},{"key":"$out:selectors:0:fields:65:name","value":"MCC_TSSTDBY_S"},{"key":"$out:selectors:0:fields:65:type","value":"1"},{"key":"$out:selectors:0:fields:66:name","value":"AM_WAS1_SAT_PB"},{"key":"$out:selectors:0:fields:66:type","value":"1"},{"key":"$out:selectors:0:fields:67:name","value":"UV_LF1_A.Alarm"},{"key":"$out:selectors:0:fields:67:type","value":"1"},{"key":"$out:selectors:0:fields:68:name","value":"AM_WAS1_SUN_PB"},{"key":"$out:selectors:0:fields:68:type","value":"1"},{"key":"$out:selectors:0:fields:69:name","value":"GK_GSF_S.IN"},{"key":"$out:selectors:0:fields:69:type","value":"1"},{"key":"$out:selectors:0:fields:6:name","value":"AM_SEQ1B_VALVE"},{"key":"$out:selectors:0:fields:6:type","value":"1"},{"key":"$out:selectors:0:fields:70:name","value":"GK_PMPRNG_S"},{"key":"$out:selectors:0:fields:70:type","value":"1"},{"key":"$out:selectors:0:fields:71:name","value":"SS_AUTO_S"},{"key":"$out:selectors:0:fields:71:type","value":"1"},{"key":"$out:selectors:0:fields:72:name","value":"UV_WF1_A.Alarm"},{"key":"$out:selectors:0:fields:72:type","value":"1"},{"key":"$out:selectors:0:fields:73:name","value":"AM_RASAB1_VALVE"},{"key":"$out:selectors:0:fields:73:type","value":"1"},{"key":"$out:selectors:0:fields:7:name","value":"AM_SEQ2A_VALVE"},{"key":"$out:selectors:0:fields:7:type","value":"1"},{"key":"$out:selectors:0:fields:8:name","value":"MCC_BRFRNG_S"},{"key":"$out:selectors:0:fields:8:type","value":"1"},{"key":"$out:selectors:0:fields:9:name","value":"AM_SEQ2B_VALVE"},{"key":"$out:selectors:0:fields:9:type","value":"1"},{"key":"$out:selectors:0:schemaType","value":"0"},{"key":"$out:selectors:0:selector","value":"0"},{"key":"name","value":"PLC Read - Fast"},{"key":"x","value":"500"},{"key":"y","value":"0"}]},{"id":"a7d06a1e-7502-43eb-bd4b-002c4c30ae06","kind":"plc/read","configuration":[{"key":"$version","value":"1"},{"key":"ids:0","value":"6a3b66a0-3351-4b14-9389-2104104fe20e"},{"key":"resource","value":"3ad677f7-2099-4689-b3a5-e5c023cbc37c"}],"metadata":[{"key":"$in:schemaType","value":"1"},{"key":"$out:selectors:0:fields:0:name","value":"AM_PDB1_FEEDBACK"},{"key":"$out:selectors:0:fields:0:type","value":"7"},{"key":"$out:selectors:0:fields:10:name","value":"AM_WASB_ON_REMAIN"},{"key":"$out:selectors:0:fields:10:type","value":"11"},{"key":"$out:selectors:0:fields:11:name","value":"AM_PDB1_STATUS"},{"key":"$out:selectors:0:fields:11:type","value":"5"},{"key":"$out:selectors:0:fields:12:name","value":"AM_BP_RTM_HRS"},{"key":"$out:selectors:0:fields:12:type","value":"5"},{"key":"$out:selectors:0:fields:13:name","value":"AM_PDB2_STATUS"},{"key":"$out:selectors:0:fields:13:type","value":"5"},{"key":"$out:selectors:0:fields:14:name","value":"AM_PDB3_STATUS"},{"key":"$out:selectors:0:fields:14:type","value":"5"},{"key":"$out:selectors:0:fields:15:name","value":"AM_PDB4_STATUS"},{"key":"$out:selectors:0:fields:15:type","value":"5"},{"key":"$out:selectors:0:fields:16:name","value":"AM_RAS1_OFF_TIME"},{"key":"$out:selectors:0:fields:16:type","value":"11"},{"key":"$out:selectors:0:fields:17:name","value":"UV_SIGNAL1_AI"},{"key":"$out:selectors:0:fields:17:type","value":"7"},{"key":"$out:selectors:0:fields:18:name","value":"HW_INFLUENT_TTLZR.CurDay"},{"key":"$out:selectors:0:fields:18:type","value":"11"},{"key":"$out:selectors:0:fields:19:name","value":"HW_INFLUENT_TTLZR.YesDay"},{"key":"$out:selectors:0:fields:19:type","value":"11"},{"key":"$out:selectors:0:fields:1:name","value":"AM_PDB2_FEEDBACK"},{"key":"$out:selectors:0:fields:1:type","value":"7"},{"key":"$out:selectors:0:fields:20:name","value":"UV_ROOM_TEMP_AI"},{"key":"$out:selectors:0:fields:20:type","value":"7"},{"key":"$out:selectors:0:fields:21:name","value":"AM_RASAB1_OFF_DISPLAY"},{"key":"$out:selectors:0:fields:21:type","value":"11"},{"key":"$out:selectors:0:fields:22:name","value":"AM_RASAB1_ON_DISPLAY"},{"key":"$out:selectors:0:fields:22:type","value":"11"},{"key":"$out:selectors:0:fields:23:name","value":"AM_BP_RTM_MINS"},{"key":"$out:selectors:0:fields:23:type","value":"5"},{"key":"$out:selectors:0:fields:24:name","value":"AM_RASAB2_OFF_DISPLAY"},{"key":"$out:selectors:0:fields:24:type","value":"11"},{"key":"$out:selectors:0:fields:25:name","value":"AM_WAS1_ON_SETPOINT"},{"key":"$out:selectors:0:fields:25:type","value":"11"},{"key":"$out:selectors:0:fields:26:name","value":"AM_WAS1_PAUSE_SETPOINT"},{"key":"$out:selectors:0:fields:26:type","value":"11"},{"key":"$out:selectors:0:fields:27:name","value":"AM_WAS1_SETTLE_SETPOINT"},{"key":"$out:selectors:0:fields:27:type","value":"11"},{"key":"$out:selectors:0:fields:28:name","value":"AM_PDB3_FEEDBACK"},{"key":"$out:selectors:0:fields:28:type","value":"7"},{"key":"$out:selectors:0:fields:29:name","value":"AM_WAS1_START_HR"},{"key":"$out:selectors:0:fields:29:type","value":"7"},{"key":"$out:selectors:0:fields:2:name","value":"AM_SludgePump_Rate"},{"key":"$out:selectors:0:fields:2:type","value":"5"},{"key":"$out:selectors:0:fields:30:name","value":"AM_WAS1_START_MIN"},{"key":"$out:selectors:0:fields:30:type","value":"7"},{"key":"$out:selectors:0:fields:31:name","value":"AM_RAS1_ON_TIME"},{"key":"$out:selectors:0:fields:31:type","value":"11"},{"key":"$out:selectors:0:fields:32:name","value":"AM_SEQ1_OFF_TOTAL"},{"key":"$out:selectors:0:fields:32:type","value":"11"},{"key":"$out:selectors:0:fields:33:name","value":"AM_SEQ1_ON_TOTAL"},{"key":"$out:selectors:0:fields:33:type","value":"11"},{"key":"$out:selectors:0:fields:34:name","value":"UV_SIGNAL2_AI"},{"key":"$out:selectors:0:fields:34:type","value":"7"},{"key":"$out:selectors:0:fields:35:name","value":"AM_SEQ2_OFF_TOTAL"},{"key":"$out:selectors:0:fields:35:type","value":"11"},{"key":"$out:selectors:0:fields:36:name","value":"AM_SEQ2_ON_TOTAL"},{"key":"$out:selectors:0:fields:36:type","value":"11"},{"key":"$out:selectors:0:fields:37:name","value":"AM_SEQ1_OFF_SETPOINT"},{"key":"$out:selectors:0:fields:37:type","value":"11"},{"key":"$out:selectors:0:fields:38:name","value":"AM_SEQ2_ON_SETPOINT"},{"key":"$out:selectors:0:fields:38:type","value":"11"},{"key":"$out:selectors:0:fields:39:name","value":"AM_SEQ2_OFF_SETPOINT"},{"key":"$out:selectors:0:fields:39:type","value":"11"},{"key":"$out:selectors:0:fields:3:name","value":"AM_TA_DO_AI"},{"key":"$out:selectors:0:fields:3:type","value":"11"},{"key":"$out:selectors:0:fields:40:name","value":"AM_SEQ1_ON_SETPOINT"},{"key":"$out:selectors:0:fields:40:type","value":"11"},{"key":"$out:selectors:0:fields:41:name","value":"AM_HW_TEMP_AI"},{"key":"$out:selectors:0:fields:41:type","value":"7"},{"key":"$out:selectors:0:fields:42:name","value":"AM_POLYMER_SPEED"},{"key":"$out:selectors:0:fields:42:type","value":"5"},{"key":"$out:selectors:0:fields:43:name","value":"AM_PR_TEMP_AI"},{"key":"$out:selectors:0:fields:43:type","value":"7"},{"key":"$out:selectors:0:fields:44:name","value":"AM_PDB4_FEEDBACK"},{"key":"$out:selectors:0:fields:44:type","value":"7"},{"key":"$out:selectors:0:fields:45:name","value":"AM_SLUDGEPRESS_DAILY"},{"key":"$out:selectors:0:fields:45:type","value":"11"},{"key":"$out:selectors:0:fields:4:name","value":"AM_RASAB2_ON_DISPLAY"},{"key":"$out:selectors:0:fields:4:type","value":"11"},{"key":"$out:selectors:0:fields:5:name","value":"AM_TB_DO_AI"},{"key":"$out:selectors:0:fields:5:type","value":"11"},{"key":"$out:selectors:0:fields:6:name","value":"AM_WAS1_PAUSE_REMAIN"},{"key":"$out:selectors:0:fields:6:type","value":"11"},{"key":"$out:selectors:0:fields:7:name","value":"AM_WAS1_SETTLE_REMAIN"},{"key":"$out:selectors:0:fields:7:type","value":"11"},{"key":"$out:selectors:0:fields:8:name","value":"HW_INFLUENT"},{"key":"$out:selectors:0:fields:8:type","value":"11"},{"key":"$out:selectors:0:fields:9:name","value":"AM_WASA_ON_REMAIN"},{"key":"$out:selectors:0:fields:9:type","value":"11"},{"key":"$out:selectors:0:schemaType","value":"0"},{"key":"$out:selectors:0:selector","value":"0"},{"key":"name","value":"PLC Read - Slow"},{"key":"x","value":"500"},{"key":"y","value":"125"}]},{"id":"d1dbc672-eae3-4591-a443-b9bfb0102d22","kind":"std/timer","configuration":[{"key":"count","value":"0"},{"key":"interval","value":"30000"}],"metadata":[{"key":"$in:schemaType","value":"2"},{"key":"name","value":"Timer - Slow (30ms)"},{"key":"x","value":"250"},{"key":"y","value":"125"}]},{"id":"13d1ecc0-5cfe-4bde-8ea2-ee16e6981877","kind":"std/http","configuration":[{"key":"$version","value":"1"},{"key":"contentColumn","value":"WastewaterPlant"},{"key":"contentEncoding","value":"0"},{"key":"contentSource","value":"1"},{"key":"contentTemplate","value":""},{"key":"contentType","value":"plain/text"},{"key":"headers:Content-Type","value":"text/plain"},{"key":"headers:User-Agent","value":"AnyLog/1.23"},{"key":"headers:dbms","value":"cos"},{"key":"headers:mode","value":"streaming"},{"key":"headers:table","value":"wwp_digital"},{"key":"headers:type","value":"json"},{"key":"method","value":"put"},{"key":"resource","value":"88c632dd-21ac-43e3-956a-203f6e0581ef"},{"key":"url","value":""}],"metadata":[{"key":"$in:fields:0:name","value":"WastewaterPlant"},{"key":"$in:fields:0:type","value":"13"},{"key":"$in:schemaType","value":"0"},{"key":"$out:selectors:0:fields:0:name","value":"Timestamp"},{"key":"$out:selectors:0:fields:0:type","value":"9"},{"key":"$out:selectors:0:fields:1:name","value":"StatusCode"},{"key":"$out:selectors:0:fields:1:type","value":"9"},{"key":"$out:selectors:0:fields:2:name","value":"ContentType"},{"key":"$out:selectors:0:fields:2:type","value":"13"},{"key":"$out:selectors:0:fields:3:name","value":"Content"},{"key":"$out:selectors:0:fields:3:type","value":"13"},{"key":"$out:selectors:0:schemaType","value":"0"},{"key":"$out:selectors:0:selector","value":"0"},{"key":"$out:selectors:1:schemaType","value":"1"},{"key":"$out:selectors:1:selector","value":"1"},{"key":"name","value":"Anylog - Cloud"},{"key":"x","value":"1000"},{"key":"y","value":"0"}]},{"id":"7d83772a-9b3f-40fa-98b7-e5a99d59a6e7","kind":"std/timer","configuration":[{"key":"count","value":"0"},{"key":"interval","value":"10000"}],"metadata":[{"key":"$in:schemaType","value":"2"},{"key":"name","value":"Timer - Fast (10ms)"},{"key":"x","value":"250"},{"key":"y","value":"0"}]},{"id":"04881265-e30c-4603-be01-749ab43436c6","kind":"std/log","configuration":[{"key":"level","value":"info"},{"key":"template","value":"HTTP Success"}],"metadata":[{"key":"$in:schemaType","value":"2"},{"key":"name","value":"Log Success"},{"key":"x","value":"1250"},{"key":"y","value":"125"}]},{"id":"d458a2cb-6d95-4374-95d4-e72baf3a76f5","kind":"script/execute","configuration":[{"key":"definition:engine","value":"csharp"},{"key":"definition:filesystem:allow","value":"false"},{"key":"definition:id","value":"1e647c1a-ecf5-4f04-a42f-7cb6454818a6"},{"key":"definition:location","value":"inline"},{"key":"definition:network:allow","value":"false"},{"key":"definition:runtime:background","value":"false"},{"key":"definition:runtime:debug","value":"false"},{"key":"definition:runtime:maxExecutionTime","value":"0"},{"key":"definition:source","value":"using Dynics.Arrow;\n\npublic class Script\n{\n    private static readonly string columnName = \u0022WastewaterPlant\u0022;\n\n    public static async Task ExecuteAsync(IScriptContext context, RecordBatch recordBatch, CancellationToken cancellationToken)\n    {\n        // New record builder\n        var builder = new RecordBatch.Builder();\n\n        // Generate the current UTC timestamp\n        string timestamp = DateTime.UtcNow.ToString(\u0022o\u0022); // ISO 8601 format\n        \n        string json = \u0022{\u0022;\n        \n        foreach (KeyValuePair\u003Cstring, Field\u003E fieldKvPair in recordBatch.Schema.Fields)\n        {\n            var field = fieldKvPair.Value;\n\n            json \u002B= \u0022\\\u0022\u0022 \u002B field.Name.Replace(\u0022.\u0022, \u0022_\u0022) \u002B \u0022\\\u0022:\u0022 \u002B recordBatch.Column(field.Name).GetValue(0);\n\n            if (!fieldKvPair.Equals(recordBatch.Schema.Fields.Last()))\n                json \u002B= \u0027,\u0027;\n        }\n\n        // Append the timestamp to the JSON string\n        json \u002B= \u0022,\\\u0022timestamp\\\u0022:\\\u0022\u0022 \u002B timestamp \u002B \u0022\\\u0022\u0022;\n\n        json \u002B= \u0027}\u0027;\n\n        builder.Append\u003CStringArray\u003E(columnName,false,x=\u003E x.String(s=\u003Es.Append(json)));\n\n        // Emit the result\n        await context.EmitAsync(builder.Build());\n    }\n}"}],"metadata":[{"key":"$in:schemaType","value":"1"},{"key":"name","value":"Script"},{"key":"x","value":"750"},{"key":"y","value":"0"}]},{"id":"0d51b0d7-28bc-4e79-8620-bd72e9980304","kind":"std/log","configuration":[{"key":"level","value":"info"},{"key":"template","value":"HTTP Error"}],"metadata":[{"key":"$in:schemaType","value":"2"},{"key":"name","value":"Log Error"},{"key":"x","value":"1250"},{"key":"y","value":"0"}]},{"id":"701ab169-c765-4f6f-abba-2150ff044e46","kind":"std/http","configuration":[{"key":"$version","value":"1"},{"key":"contentColumn","value":"WastewaterPlant"},{"key":"contentEncoding","value":"0"},{"key":"contentSource","value":"1"},{"key":"contentTemplate","value":""},{"key":"contentType","value":"plain/text"},{"key":"headers:Content-Type","value":"text/plain"},{"key":"headers:User-Agent","value":"AnyLog/1.23"},{"key":"headers:dbms","value":"cos"},{"key":"headers:mode","value":"streaming"},{"key":"headers:table","value":"wwp_digital"},{"key":"headers:type","value":"json"},{"key":"method","value":"put"},{"key":"resource","value":"6b5b2714-e03a-47f0-8bca-affc822f3dfd"},{"key":"url","value":""}],"metadata":[{"key":"$in:fields:0:name","value":"WastewaterPlant"},{"key":"$in:fields:0:type","value":"13"},{"key":"$in:schemaType","value":"0"},{"key":"$out:selectors:0:fields:0:name","value":"Timestamp"},{"key":"$out:selectors:0:fields:0:type","value":"9"},{"key":"$out:selectors:0:fields:1:name","value":"StatusCode"},{"key":"$out:selectors:0:fields:1:type","value":"9"},{"key":"$out:selectors:0:fields:2:name","value":"ContentType"},{"key":"$out:selectors:0:fields:2:type","value":"13"},{"key":"$out:selectors:0:fields:3:name","value":"Content"},{"key":"$out:selectors:0:fields:3:type","value":"13"},{"key":"$out:selectors:0:schemaType","value":"0"},{"key":"$out:selectors:0:selector","value":"0"},{"key":"$out:selectors:1:schemaType","value":"1"},{"key":"$out:selectors:1:selector","value":"1"},{"key":"name","value":"Anylog - Local"},{"key":"x","value":"1000"},{"key":"y","value":"-125"}]},{"id":"8c83d597-8507-4186-a8b5-d00ec986966e","kind":"script/execute","configuration":[{"key":"definition:engine","value":"csharp"},{"key":"definition:filesystem:allow","value":"false"},{"key":"definition:id","value":"1e647c1a-ecf5-4f04-a42f-7cb6454818a6"},{"key":"definition:location","value":"inline"},{"key":"definition:network:allow","value":"false"},{"key":"definition:runtime:background","value":"false"},{"key":"definition:runtime:debug","value":"false"},{"key":"definition:runtime:maxExecutionTime","value":"0"},{"key":"definition:source","value":"using Dynics.Arrow;\n\npublic class Script\n{\n    private static readonly string columnName = \u0022WastewaterPlant\u0022;\n\n    public static async Task ExecuteAsync(IScriptContext context, RecordBatch recordBatch, CancellationToken cancellationToken)\n    {\n        // New record builder\n        var builder = new RecordBatch.Builder();\n\n        // Generate the current UTC timestamp\n        string timestamp = DateTime.UtcNow.ToString(\u0022o\u0022); // ISO 8601 format\n        \n        string json = \u0022{\u0022;\n        \n        foreach (KeyValuePair\u003Cstring, Field\u003E fieldKvPair in recordBatch.Schema.Fields)\n        {\n            var field = fieldKvPair.Value;\n\n            json \u002B= \u0022\\\u0022\u0022 \u002B field.Name.Replace(\u0022.\u0022, \u0022_\u0022) \u002B \u0022\\\u0022:\u0022 \u002B recordBatch.Column(field.Name).GetValue(0);\n\n            if (!fieldKvPair.Equals(recordBatch.Schema.Fields.Last()))\n                json \u002B= \u0027,\u0027;\n        }\n\n        // Append the timestamp to the JSON string\n        json \u002B= \u0022,\\\u0022timestamp\\\u0022:\\\u0022\u0022 \u002B timestamp \u002B \u0022\\\u0022\u0022;\n\n        json \u002B= \u0027}\u0027;\n\n        builder.Append\u003CStringArray\u003E(columnName,false,x=\u003E x.String(s=\u003Es.Append(json)));\n\n        // Emit the result\n        await context.EmitAsync(builder.Build());\n    }\n}"}],"metadata":[{"key":"$in:schemaType","value":"1"},{"key":"name","value":"Script"},{"key":"x","value":"750"},{"key":"y","value":"125"}]},{"id":"03904c1f-fa7a-4192-840f-6baf75041582","kind":"std/http","configuration":[{"key":"$version","value":"1"},{"key":"contentColumn","value":"WastewaterPlant"},{"key":"contentEncoding","value":"0"},{"key":"contentSource","value":"1"},{"key":"contentTemplate","value":""},{"key":"contentType","value":"plain/text"},{"key":"headers:Content-Type","value":"text/plain"},{"key":"headers:User-Agent","value":"AnyLog/1.23"},{"key":"headers:dbms","value":"cos"},{"key":"headers:mode","value":"streaming"},{"key":"headers:table","value":"wwp_analog"},{"key":"headers:type","value":"json"},{"key":"method","value":"put"},{"key":"resource","value":"88c632dd-21ac-43e3-956a-203f6e0581ef"},{"key":"url","value":""}],"metadata":[{"key":"$in:fields:0:name","value":"WastewaterPlant"},{"key":"$in:fields:0:type","value":"13"},{"key":"$in:schemaType","value":"0"},{"key":"$out:selectors:0:fields:0:name","value":"Timestamp"},{"key":"$out:selectors:0:fields:0:type","value":"9"},{"key":"$out:selectors:0:fields:1:name","value":"StatusCode"},{"key":"$out:selectors:0:fields:1:type","value":"9"},{"key":"$out:selectors:0:fields:2:name","value":"ContentType"},{"key":"$out:selectors:0:fields:2:type","value":"13"},{"key":"$out:selectors:0:fields:3:name","value":"Content"},{"key":"$out:selectors:0:fields:3:type","value":"13"},{"key":"$out:selectors:0:schemaType","value":"0"},{"key":"$out:selectors:0:selector","value":"0"},{"key":"$out:selectors:1:schemaType","value":"1"},{"key":"$out:selectors:1:selector","value":"1"},{"key":"name","value":"Anylog - Cloud"},{"key":"x","value":"1000"},{"key":"y","value":"250"}]},{"id":"801afd6f-1453-4bea-9932-8faaacc0f8d8","kind":"std/http","configuration":[{"key":"$version","value":"1"},{"key":"contentColumn","value":"WastewaterPlant"},{"key":"contentEncoding","value":"0"},{"key":"contentSource","value":"1"},{"key":"contentTemplate","value":""},{"key":"contentType","value":"plain/text"},{"key":"headers:Content-Type","value":"text/plain"},{"key":"headers:User-Agent","value":"AnyLog/1.23"},{"key":"headers:dbms","value":"cos"},{"key":"headers:mode","value":"streaming"},{"key":"headers:table","value":"wwp_analog"},{"key":"headers:type","value":"json"},{"key":"method","value":"put"},{"key":"resource","value":"6b5b2714-e03a-47f0-8bca-affc822f3dfd"},{"key":"url","value":""}],"metadata":[{"key":"$in:fields:0:name","value":"WastewaterPlant"},{"key":"$in:fields:0:type","value":"13"},{"key":"$in:schemaType","value":"0"},{"key":"$out:selectors:0:fields:0:name","value":"Timestamp"},{"key":"$out:selectors:0:fields:0:type","value":"9"},{"key":"$out:selectors:0:fields:1:name","value":"StatusCode"},{"key":"$out:selectors:0:fields:1:type","value":"9"},{"key":"$out:selectors:0:fields:2:name","value":"ContentType"},{"key":"$out:selectors:0:fields:2:type","value":"13"},{"key":"$out:selectors:0:fields:3:name","value":"Content"},{"key":"$out:selectors:0:fields:3:type","value":"13"},{"key":"$out:selectors:0:schemaType","value":"0"},{"key":"$out:selectors:0:selector","value":"0"},{"key":"$out:selectors:1:schemaType","value":"1"},{"key":"$out:selectors:1:selector","value":"1"},{"key":"name","value":"Anylog - Local"},{"key":"x","value":"1000"},{"key":"y","value":"125"}]}],"pipes":[{"id":"f2f02df0-4e3c-43bb-aa36-369d4cfd4213","sourceId":"9a9e4c5d-6eec-4512-8c91-4f71c7024174","sinkId":"d458a2cb-6d95-4374-95d4-e72baf3a76f5","selector":0},{"id":"62e62c92-1c86-43ad-9ed3-8b9a4a23857e","sourceId":"dc489031-8af5-48b2-9b0d-8a4843337390","sinkId":"d1dbc672-eae3-4591-a443-b9bfb0102d22","selector":-1},{"id":"1c3291d8-83f4-4329-aa03-3ce6d403ac97","sourceId":"7d83772a-9b3f-40fa-98b7-e5a99d59a6e7","sinkId":"9a9e4c5d-6eec-4512-8c91-4f71c7024174","selector":-1},{"id":"0f4c3385-7472-40a3-86d4-70dae51c1e7c","sourceId":"d1dbc672-eae3-4591-a443-b9bfb0102d22","sinkId":"a7d06a1e-7502-43eb-bd4b-002c4c30ae06","selector":-1},{"id":"d5ebcea0-a045-4578-933e-24c811e97eb9","sourceId":"dc489031-8af5-48b2-9b0d-8a4843337390","sinkId":"7d83772a-9b3f-40fa-98b7-e5a99d59a6e7","selector":-1},{"id":"489283f1-68aa-44cd-8fe6-12b03184de32","sourceId":"13d1ecc0-5cfe-4bde-8ea2-ee16e6981877","sinkId":"0d51b0d7-28bc-4e79-8620-bd72e9980304","selector":1},{"id":"742a1bf5-be22-4493-bf54-5d5ea600e619","sourceId":"701ab169-c765-4f6f-abba-2150ff044e46","sinkId":"0d51b0d7-28bc-4e79-8620-bd72e9980304","selector":1},{"id":"41d4654a-b5c8-4da8-87a9-d4ecb04da597","sourceId":"a7d06a1e-7502-43eb-bd4b-002c4c30ae06","sinkId":"8c83d597-8507-4186-a8b5-d00ec986966e","selector":0},{"id":"e1121d34-c716-4195-ab22-365d9d92c153","sourceId":"03904c1f-fa7a-4192-840f-6baf75041582","sinkId":"0d51b0d7-28bc-4e79-8620-bd72e9980304","selector":1},{"id":"0e9f7618-fdb2-46be-a134-e04d78af7c11","sourceId":"801afd6f-1453-4bea-9932-8faaacc0f8d8","sinkId":"0d51b0d7-28bc-4e79-8620-bd72e9980304","selector":1},{"id":"07c29056-6ad3-44f8-b18c-913bccad0a81","sourceId":"d458a2cb-6d95-4374-95d4-e72baf3a76f5","sinkId":"701ab169-c765-4f6f-abba-2150ff044e46","selector":2},{"id":"b16642bf-0166-45dc-af38-16d5f95beab4","sourceId":"d458a2cb-6d95-4374-95d4-e72baf3a76f5","sinkId":"13d1ecc0-5cfe-4bde-8ea2-ee16e6981877","selector":2},{"id":"8cdf277e-5d6e-4f23-a400-3cd42c1863fc","sourceId":"8c83d597-8507-4186-a8b5-d00ec986966e","sinkId":"801afd6f-1453-4bea-9932-8faaacc0f8d8","selector":2},{"id":"ecd3b130-48d5-4065-8976-4f66d0e74dcb","sourceId":"8c83d597-8507-4186-a8b5-d00ec986966e","sinkId":"03904c1f-fa7a-4192-840f-6baf75041582","selector":2}],"id":"3c613313-47cb-4b1f-99df-cfb5d16c9e9b","dateCreated":"0001-01-01T00:00:00","dateLastModified":"0001-01-01T00:00:00"}],"pipelineJobs":[{"pipelineTopologyId":"3c613313-47cb-4b1f-99df-cfb5d16c9e9b","status":4,"dateStarted":"2024-08-15T01:37:43.472094","alertSummary":[{"severity":2,"count":0},{"severity":3,"count":0},{"severity":0,"count":0},{"severity":1,"count":0}],"id":"ed0966f3-1c49-4887-b269-661585f34bba","dateCreated":"2024-08-14T14:58:09.8696456","dateLastModified":"2024-08-14T14:58:09.8696456"}]}