{"version":1,"request":{"fileName":"resource-anylogLocalOperator-20240821-181713.json","resourceIds":["6b5b2714-e03a-47f0-8bca-affc822f3dfd"],"dashboardIds":[],"pipelineIds":[],"pipelineJobIds":[],"resolutions":[]},"dashboards":[],"resources":[{"name":"Anylog - Local Operator","kind":"webservice/rest","version":0,"configuration":[{"key":"authentication:credential","value":""},{"key":"authentication:kind","value":"none"},{"key":"authentication:token","value":""},{"key":"baseUri","value":"http://10.10.1.16:32159"},{"key":"connectTimeout","value":"5000"},{"key":"proxy:credential","value":""},{"key":"proxy:enabled","value":"false"},{"key":"proxy:host","value":""},{"key":"proxy:port","value":"443"},{"key":"proxy:token","value":""},{"key":"responseTimeout","value":"30000"},{"key":"security:ignoreCertificateErrors","value":"false"},{"key":"useCookies","value":"true"}],"id":"6b5b2714-e03a-47f0-8bca-affc822f3dfd","dateCreated":"2024-05-25T06:10:44.856383","dateLastModified":"2024-05-31T17:05:56.3108288"}],"pipelines":[],"pipelineJobs":[{"pipelineTopologyId":"3c613313-47cb-4b1f-99df-cfb5d16c9e9b","status":4,"dateStarted":"2024-08-15T01:37:43.472094","alertSummary":[{"severity":2,"count":0},{"severity":3,"count":0},{"severity":0,"count":0},{"severity":1,"count":0}],"id":"ed0966f3-1c49-4887-b269-661585f34bba","dateCreated":"2024-08-14T14:58:09.8696456","dateLastModified":"2024-08-14T14:58:09.8696456"}]}