{"version":1,"request":{"fileName":"resource-cosWastewaterPlantL81e-20240821-181800.json","resourceIds":["3ad677f7-2099-4689-b3a5-e5c023cbc37c"],"dashboardIds":[],"pipelineIds":[],"pipelineJobIds":[],"resolutions":[]},"dashboards":[],"resources":[{"name":"CoS Wastewater Plant L81E","kind":"plc/allenbradley","version":0,"configuration":[{"key":"connection:model","value":"ControlLogix"},{"key":"connection:routePath","value":"10.10.1.28,1,0"},{"key":"connection:timeoutConnectMilliseconds","value":"30000"},{"key":"connection:timeoutTransactionMilliseconds","value":"30000"},{"key":"tagGroups:0:id","value":"44aefd1d-1f22-46dd-8cb5-31da903ab81e"},{"key":"tagGroups:0:name","value":"UpdateFast"},{"key":"tagGroups:0:tagIds:0","value":"8b55bf08-8ac0-407e-a2e9-185c6daeb9bc"},{"key":"tagGroups:0:tagIds:1","value":"6e769c0a-3c2d-402e-bb27-156ffd0a3438"},{"key":"tagGroups:0:tagIds:10","value":"b2cc2ed3-b538-4312-9fbb-627ac68e4ddf"},{"key":"tagGroups:0:tagIds:11","value":"1d444449-1992-4f7b-a8b7-84fb540a0b2c"},{"key":"tagGroups:0:tagIds:12","value":"4b93b691-2968-402f-83ca-526e0df448ea"},{"key":"tagGroups:0:tagIds:13","value":"82ea6c51-11de-438d-8b9f-30bf7936a6d4"},{"key":"tagGroups:0:tagIds:14","value":"d9e0707f-6bd8-4af2-aaa9-cdd90667673d"},{"key":"tagGroups:0:tagIds:15","value":"8f4e4932-c7fc-475d-9c2f-650d233a74d2"},{"key":"tagGroups:0:tagIds:16","value":"87ee529d-1365-43c9-b0a6-7459a9ce176d"},{"key":"tagGroups:0:tagIds:17","value":"129b8aa3-8401-4c45-826c-f1e792642365"},{"key":"tagGroups:0:tagIds:18","value":"b9910138-5735-4508-b7c8-25fde13dfeb4"},{"key":"tagGroups:0:tagIds:19","value":"deb1d22d-fa0c-436a-865b-7e0272045335"},{"key":"tagGroups:0:tagIds:2","value":"361e8b8d-c332-45f0-85e7-bb964839b4b4"},{"key":"tagGroups:0:tagIds:20","value":"7077884c-4ec7-4fe9-8886-47ec238edabb"},{"key":"tagGroups:0:tagIds:21","value":"f4048c51-4844-4b5f-a4b9-96eb3903d975"},{"key":"tagGroups:0:tagIds:22","value":"81a8177d-c322-480e-8f88-4794cc4d662c"},{"key":"tagGroups:0:tagIds:23","value":"911f4927-b5dc-46ae-8333-56522fa9b9c1"},{"key":"tagGroups:0:tagIds:24","value":"f7430bf7-62f6-42c9-883d-b339e1230031"},{"key":"tagGroups:0:tagIds:25","value":"912b4ea4-ae67-4a51-bddb-c5cad2d50d48"},{"key":"tagGroups:0:tagIds:26","value":"9b06c054-b772-4137-85c9-3f9a16b870b0"},{"key":"tagGroups:0:tagIds:27","value":"8108415d-3b49-44dc-b944-9557b98b9a2b"},{"key":"tagGroups:0:tagIds:28","value":"324647c8-a6fb-447c-ab07-d4bba5b59ade"},{"key":"tagGroups:0:tagIds:29","value":"83f9b96f-6784-4724-9404-fd3d0c0dca25"},{"key":"tagGroups:0:tagIds:3","value":"8108af67-d817-4b54-bab1-f90803c9d894"},{"key":"tagGroups:0:tagIds:30","value":"4e36c59b-707a-4f09-a7ea-da011c6c51da"},{"key":"tagGroups:0:tagIds:31","value":"f051a22a-489c-47a9-8143-9f87cf3471d2"},{"key":"tagGroups:0:tagIds:32","value":"06a485f3-f356-4339-b8b4-26bbb35bf1c3"},{"key":"tagGroups:0:tagIds:33","value":"ac346f33-e933-4202-b50f-283010e11779"},{"key":"tagGroups:0:tagIds:34","value":"ff9c17fb-62df-4255-9bd8-17c690be42cb"},{"key":"tagGroups:0:tagIds:35","value":"a8609ec5-b4ca-47dd-8f2c-a8d8c33c2bbf"},{"key":"tagGroups:0:tagIds:36","value":"fa1e3a11-e6b2-49a7-b175-f39cc6786953"},{"key":"tagGroups:0:tagIds:37","value":"bc534dc3-d580-475b-abd6-5423fddd45b4"},{"key":"tagGroups:0:tagIds:38","value":"67a5d28e-63e2-4e7c-8c39-cfe07399581a"},{"key":"tagGroups:0:tagIds:39","value":"d8d70d6e-a08f-4ca8-817a-ac82e3ccdc57"},{"key":"tagGroups:0:tagIds:4","value":"6341cee9-d866-4fb0-ae10-e810c3a82fa8"},{"key":"tagGroups:0:tagIds:40","value":"9cce4fd8-abb8-4c22-8a1e-d95993353515"},{"key":"tagGroups:0:tagIds:41","value":"a9467354-501b-4ffd-ba5b-78fd29dc1137"},{"key":"tagGroups:0:tagIds:42","value":"6ad70b59-29f9-429a-8784-bedaffaaabe2"},{"key":"tagGroups:0:tagIds:43","value":"e8b10763-6ceb-4925-bb13-469c87b6ec5a"},{"key":"tagGroups:0:tagIds:44","value":"6b092bbc-b6a5-4d34-8e89-193c895498b6"},{"key":"tagGroups:0:tagIds:45","value":"debba608-5623-4142-91da-bed89bb66991"},{"key":"tagGroups:0:tagIds:46","value":"d12d3f9c-1aa8-4ba3-a489-8d2dd208dfd0"},{"key":"tagGroups:0:tagIds:47","value":"9d073af2-670a-4781-bf15-4691252b5724"},{"key":"tagGroups:0:tagIds:48","value":"701e0e51-70cf-472e-998d-6622fc81d0c7"},{"key":"tagGroups:0:tagIds:49","value":"3029b1e5-84f7-406b-8db0-ae381fa453b4"},{"key":"tagGroups:0:tagIds:5","value":"14c31097-35fa-443c-a974-99751aafab6c"},{"key":"tagGroups:0:tagIds:50","value":"6ae477f9-207d-4314-ad71-cee70248b4e4"},{"key":"tagGroups:0:tagIds:51","value":"e832f817-50ea-43da-b3e7-bfb283dbb930"},{"key":"tagGroups:0:tagIds:52","value":"2368b700-3d70-4825-917b-a0b78166897f"},{"key":"tagGroups:0:tagIds:53","value":"2e141e0c-540c-4b04-98b7-4a66aeaf5d36"},{"key":"tagGroups:0:tagIds:54","value":"fec48419-7356-446f-a9ae-2b6649bab498"},{"key":"tagGroups:0:tagIds:55","value":"3a32184c-5977-486a-aba4-4d2b6585cedc"},{"key":"tagGroups:0:tagIds:56","value":"82a5bc3f-6001-43cc-abc3-457506765639"},{"key":"tagGroups:0:tagIds:57","value":"6a82cbd1-133b-4eb2-8e7f-19963fb2c4dc"},{"key":"tagGroups:0:tagIds:58","value":"136fb5d2-7556-4702-9e74-b77b71e174f5"},{"key":"tagGroups:0:tagIds:59","value":"9f56d5ef-d136-4230-b95b-c80868a186d0"},{"key":"tagGroups:0:tagIds:6","value":"5372a085-e152-48d6-8b6a-7df0af3d1d0f"},{"key":"tagGroups:0:tagIds:60","value":"b1f5d735-fc68-44c6-89f1-ac49296d9951"},{"key":"tagGroups:0:tagIds:61","value":"a449dd54-1188-439f-8342-9b742ea17492"},{"key":"tagGroups:0:tagIds:62","value":"f9c10baf-c748-44bf-826b-51a565951ae4"},{"key":"tagGroups:0:tagIds:63","value":"b1151b79-8192-4238-a105-ec8d24900f22"},{"key":"tagGroups:0:tagIds:64","value":"55dff359-ce75-480f-b7c3-8840c055fccd"},{"key":"tagGroups:0:tagIds:65","value":"ba6c586c-7ceb-4a31-8c57-a257a09e09b1"},{"key":"tagGroups:0:tagIds:66","value":"94e6bee2-6473-45a3-ad49-070723469b17"},{"key":"tagGroups:0:tagIds:67","value":"c184a1ec-1e8d-4493-b8f6-56bd31602c96"},{"key":"tagGroups:0:tagIds:68","value":"bb101cc5-6a3e-4829-9eb5-e566d4e4e4a0"},{"key":"tagGroups:0:tagIds:69","value":"8354ea9f-5c01-43bb-91fc-042c6289202b"},{"key":"tagGroups:0:tagIds:7","value":"5a65fd87-6925-4762-b0a6-b7c9ded3ec00"},{"key":"tagGroups:0:tagIds:70","value":"6844626c-f3dd-47ac-b14f-17de97edcd26"},{"key":"tagGroups:0:tagIds:71","value":"ddf081dc-795f-4b07-8a02-2bc63beb72fd"},{"key":"tagGroups:0:tagIds:72","value":"ccfe18d2-29db-416c-9269-16b5659fc131"},{"key":"tagGroups:0:tagIds:73","value":"c9054723-45db-440b-b3b7-4b385ed74fc6"},{"key":"tagGroups:0:tagIds:8","value":"9946589d-01fd-4caa-84d0-4d2d79f2e80a"},{"key":"tagGroups:0:tagIds:9","value":"b84b33c3-9365-4ad7-a24c-e4aa60eaa167"},{"key":"tagGroups:1:id","value":"6a3b66a0-3351-4b14-9389-2104104fe20e"},{"key":"tagGroups:1:name","value":"UpdateSlow"},{"key":"tagGroups:1:tagIds:0","value":"6c6ec0e8-3f3f-4c76-9ae9-7b36f2fb7068"},{"key":"tagGroups:1:tagIds:1","value":"f5e1f662-4707-4e0f-8bbe-fc47416c0f5b"},{"key":"tagGroups:1:tagIds:10","value":"7871849f-1b62-4e8f-ba72-8860be295a46"},{"key":"tagGroups:1:tagIds:11","value":"e7c0dbfc-3180-421e-bf04-15e2e5e07e07"},{"key":"tagGroups:1:tagIds:12","value":"a335e3e7-64ad-4061-9c44-b726772df2b9"},{"key":"tagGroups:1:tagIds:13","value":"e5f1f354-92af-4e00-a0ec-71fea5b72f8b"},{"key":"tagGroups:1:tagIds:14","value":"b20bd580-acc2-44bd-950a-6f8f17fbf7fc"},{"key":"tagGroups:1:tagIds:15","value":"af138a6c-d110-4cfb-a7c9-0ed1d47f51e5"},{"key":"tagGroups:1:tagIds:16","value":"b13ddee8-bf00-4c6d-b9a8-a42fea6c7d95"},{"key":"tagGroups:1:tagIds:17","value":"6c88ab10-aff9-4045-93ef-51da7d9d2159"},{"key":"tagGroups:1:tagIds:18","value":"828587bc-22bd-4b9a-a1b1-71664cfcf7db"},{"key":"tagGroups:1:tagIds:19","value":"becca102-4a32-4219-b262-05dcd9f3ae7b"},{"key":"tagGroups:1:tagIds:2","value":"ab956d77-22f4-4466-bbcf-a1ac299dcaa5"},{"key":"tagGroups:1:tagIds:20","value":"6fafab26-dbcf-4395-b7c7-ee0643bca244"},{"key":"tagGroups:1:tagIds:21","value":"da9431f0-736c-4e27-bfbf-ce54b4afadf7"},{"key":"tagGroups:1:tagIds:22","value":"680ba01c-cb66-47a7-a831-7f4b9fafc90c"},{"key":"tagGroups:1:tagIds:23","value":"c2577670-90fb-4bdd-b608-248fd3e0e503"},{"key":"tagGroups:1:tagIds:24","value":"7057bf72-f05a-4080-82fc-e5375ba5ffe8"},{"key":"tagGroups:1:tagIds:25","value":"5025310d-ca5f-4f7d-9715-07af53fc5a81"},{"key":"tagGroups:1:tagIds:26","value":"2753c914-a312-4ba0-a6b1-fc44cc2a4246"},{"key":"tagGroups:1:tagIds:27","value":"f95c918f-cb89-4169-82e8-8f3dc4f25d38"},{"key":"tagGroups:1:tagIds:28","value":"c181a5bf-e987-4e95-8cc7-e7f4a9296408"},{"key":"tagGroups:1:tagIds:29","value":"d625edce-e9db-4192-a4f3-a53008e57fea"},{"key":"tagGroups:1:tagIds:3","value":"e951cf03-a22b-44cf-9d6e-181fa657a0db"},{"key":"tagGroups:1:tagIds:30","value":"82cc2dad-a6fa-49ed-9614-fe547221817b"},{"key":"tagGroups:1:tagIds:31","value":"2beba9c0-4610-485e-9bcd-725b747e1c67"},{"key":"tagGroups:1:tagIds:32","value":"12315883-8337-4104-b3eb-81ffb262e2df"},{"key":"tagGroups:1:tagIds:33","value":"3fc893a7-cb9b-45df-84a1-a120c0a20384"},{"key":"tagGroups:1:tagIds:34","value":"3a6b96c5-de6c-4bbe-9c0c-b24849fa53cb"},{"key":"tagGroups:1:tagIds:35","value":"90b14e1a-4f04-4154-902c-43dd8284cac6"},{"key":"tagGroups:1:tagIds:36","value":"c54b4e3e-d1aa-4dfa-ad3b-1b90ccf0a6ca"},{"key":"tagGroups:1:tagIds:37","value":"830e02f0-eee8-45ac-b8ae-bcf483127b0a"},{"key":"tagGroups:1:tagIds:38","value":"99e91dea-24b5-44b4-b080-32765d473319"},{"key":"tagGroups:1:tagIds:39","value":"5a66b627-a0ac-411c-9c81-53cfb6bf48b4"},{"key":"tagGroups:1:tagIds:4","value":"0cabc4c1-d3cd-4a70-bb21-81ba06cbcde0"},{"key":"tagGroups:1:tagIds:40","value":"8b98f9f9-4028-4f4e-b895-bfe96a839959"},{"key":"tagGroups:1:tagIds:41","value":"7446a29a-0dce-4e16-b489-f4e2eeab4d64"},{"key":"tagGroups:1:tagIds:42","value":"009e017b-e0fd-47b6-bba3-4d7a48a7d067"},{"key":"tagGroups:1:tagIds:43","value":"115f5dcf-b9dd-46d4-b3a1-6561a14f1fd1"},{"key":"tagGroups:1:tagIds:44","value":"9bacab04-d5d5-446b-bb10-e2789ab175e2"},{"key":"tagGroups:1:tagIds:45","value":"eaf15f9f-fb96-45e3-8311-e662a87ad5d1"},{"key":"tagGroups:1:tagIds:5","value":"0d36e138-c9b9-4e88-b098-243094c8d7ac"},{"key":"tagGroups:1:tagIds:6","value":"fb792397-40f5-4bee-8356-78d4457e0f99"},{"key":"tagGroups:1:tagIds:7","value":"9ab1c7d9-0cc5-4f4f-9abe-a0fc58122786"},{"key":"tagGroups:1:tagIds:8","value":"ee6f79f4-0f69-4dbd-a14e-31f96df0d7e1"},{"key":"tagGroups:1:tagIds:9","value":"0a9f674f-557c-4427-b86c-3ef20bf59286"},{"key":"tags:0:address","value":"AM_PDB1_FEEDBACK"},{"key":"tags:0:id","value":"6c6ec0e8-3f3f-4c76-9ae9-7b36f2fb7068"},{"key":"tags:0:index","value":"0"},{"key":"tags:0:length","value":"1"},{"key":"tags:0:name","value":"AM_PDB1_FEEDBACK"},{"key":"tags:0:type","value":"7"},{"key":"tags:100:address","value":"AM_SEQ2_ON_TOTAL"},{"key":"tags:100:id","value":"c54b4e3e-d1aa-4dfa-ad3b-1b90ccf0a6ca"},{"key":"tags:100:index","value":"100"},{"key":"tags:100:length","value":"1"},{"key":"tags:100:name","value":"AM_SEQ2_ON_TOTAL"},{"key":"tags:100:type","value":"10"},{"key":"tags:101:address","value":"AM_PDB3_FEEDBACK"},{"key":"tags:101:id","value":"c181a5bf-e987-4e95-8cc7-e7f4a9296408"},{"key":"tags:101:index","value":"101"},{"key":"tags:101:length","value":"1"},{"key":"tags:101:name","value":"AM_PDB3_FEEDBACK"},{"key":"tags:101:type","value":"7"},{"key":"tags:102:address","value":"AM_SEQ2A_VALVE"},{"key":"tags:102:id","value":"5a65fd87-6925-4762-b0a6-b7c9ded3ec00"},{"key":"tags:102:index","value":"102"},{"key":"tags:102:length","value":"1"},{"key":"tags:102:name","value":"AM_SEQ2A_VALVE"},{"key":"tags:102:type","value":"1"},{"key":"tags:103:address","value":"AM_SEQ2B_VALVE"},{"key":"tags:103:id","value":"b84b33c3-9365-4ad7-a24c-e4aa60eaa167"},{"key":"tags:103:index","value":"103"},{"key":"tags:103:length","value":"1"},{"key":"tags:103:name","value":"AM_SEQ2B_VALVE"},{"key":"tags:103:type","value":"1"},{"key":"tags:104:address","value":"AM_ThickenerA_Alarm"},{"key":"tags:104:id","value":"b2cc2ed3-b538-4312-9fbb-627ac68e4ddf"},{"key":"tags:104:index","value":"104"},{"key":"tags:104:length","value":"1"},{"key":"tags:104:name","value":"AM_ThickenerA_Alarm"},{"key":"tags:104:type","value":"1"},{"key":"tags:105:address","value":"AM_ThickenerA_Status"},{"key":"tags:105:id","value":"1d444449-1992-4f7b-a8b7-84fb540a0b2c"},{"key":"tags:105:index","value":"105"},{"key":"tags:105:length","value":"1"},{"key":"tags:105:name","value":"AM_ThickenerA_Status"},{"key":"tags:105:type","value":"1"},{"key":"tags:106:address","value":"AM_WASA_ON_REMAIN"},{"key":"tags:106:id","value":"0a9f674f-557c-4427-b86c-3ef20bf59286"},{"key":"tags:106:index","value":"106"},{"key":"tags:106:length","value":"1"},{"key":"tags:106:name","value":"AM_WASA_ON_REMAIN"},{"key":"tags:106:type","value":"10"},{"key":"tags:107:address","value":"AM_ThickenerB_Alarm"},{"key":"tags:107:id","value":"82ea6c51-11de-438d-8b9f-30bf7936a6d4"},{"key":"tags:107:index","value":"107"},{"key":"tags:107:length","value":"1"},{"key":"tags:107:name","value":"AM_ThickenerB_Alarm"},{"key":"tags:107:type","value":"1"},{"key":"tags:108:address","value":"AM_PDB2_STATUS"},{"key":"tags:108:id","value":"e5f1f354-92af-4e00-a0ec-71fea5b72f8b"},{"key":"tags:108:index","value":"108"},{"key":"tags:108:length","value":"1"},{"key":"tags:108:name","value":"AM_PDB2_STATUS"},{"key":"tags:108:type","value":"5"},{"key":"tags:109:address","value":"AM_ThickenerB_Status"},{"key":"tags:109:id","value":"8f4e4932-c7fc-475d-9c2f-650d233a74d2"},{"key":"tags:109:index","value":"109"},{"key":"tags:109:length","value":"1"},{"key":"tags:109:name","value":"AM_ThickenerB_Status"},{"key":"tags:109:type","value":"1"},{"key":"tags:10:address","value":"AM_PDB1_STATUS"},{"key":"tags:10:id","value":"e7c0dbfc-3180-421e-bf04-15e2e5e07e07"},{"key":"tags:10:index","value":"10"},{"key":"tags:10:length","value":"1"},{"key":"tags:10:name","value":"AM_PDB1_STATUS"},{"key":"tags:10:type","value":"5"},{"key":"tags:110:address","value":"UV_GFD1_S.Alarm"},{"key":"tags:110:id","value":"129b8aa3-8401-4c45-826c-f1e792642365"},{"key":"tags:110:index","value":"110"},{"key":"tags:110:length","value":"1"},{"key":"tags:110:name","value":"UV_GFD1_S.Alarm"},{"key":"tags:110:type","value":"1"},{"key":"tags:111:address","value":"AM_SRG_AB_VALVE"},{"key":"tags:111:id","value":"e832f817-50ea-43da-b3e7-bfb283dbb930"},{"key":"tags:111:index","value":"111"},{"key":"tags:111:length","value":"1"},{"key":"tags:111:name","value":"AM_SRG_AB_VALVE"},{"key":"tags:111:type","value":"1"},{"key":"tags:112:address","value":"UV_GFD2_S.Alarm"},{"key":"tags:112:id","value":"b9910138-5735-4508-b7c8-25fde13dfeb4"},{"key":"tags:112:index","value":"112"},{"key":"tags:112:length","value":"1"},{"key":"tags:112:name","value":"UV_GFD2_S.Alarm"},{"key":"tags:112:type","value":"1"},{"key":"tags:113:address","value":"UV_CABHT1_A.Alarm"},{"key":"tags:113:id","value":"deb1d22d-fa0c-436a-865b-7e0272045335"},{"key":"tags:113:index","value":"113"},{"key":"tags:113:length","value":"1"},{"key":"tags:113:name","value":"UV_CABHT1_A.Alarm"},{"key":"tags:113:type","value":"1"},{"key":"tags:114:address","value":"UV_CABHT2_A.Alarm"},{"key":"tags:114:id","value":"7077884c-4ec7-4fe9-8886-47ec238edabb"},{"key":"tags:114:index","value":"114"},{"key":"tags:114:length","value":"1"},{"key":"tags:114:name","value":"UV_CABHT2_A.Alarm"},{"key":"tags:114:type","value":"1"},{"key":"tags:115:address","value":"AM_PDB4_FEEDBACK"},{"key":"tags:115:id","value":"9bacab04-d5d5-446b-bb10-e2789ab175e2"},{"key":"tags:115:index","value":"115"},{"key":"tags:115:length","value":"1"},{"key":"tags:115:name","value":"AM_PDB4_FEEDBACK"},{"key":"tags:115:type","value":"7"},{"key":"tags:116:address","value":"AM_AirPress_NotOK"},{"key":"tags:116:id","value":"81a8177d-c322-480e-8f88-4794cc4d662c"},{"key":"tags:116:index","value":"116"},{"key":"tags:116:length","value":"1"},{"key":"tags:116:name","value":"AM_AirPress_NotOK"},{"key":"tags:116:type","value":"1"},{"key":"tags:117:address","value":"AM_Auger_Alarm"},{"key":"tags:117:id","value":"f7430bf7-62f6-42c9-883d-b339e1230031"},{"key":"tags:117:index","value":"117"},{"key":"tags:117:length","value":"1"},{"key":"tags:117:name","value":"AM_Auger_Alarm"},{"key":"tags:117:type","value":"1"},{"key":"tags:118:address","value":"AM_Auger_Status"},{"key":"tags:118:id","value":"912b4ea4-ae67-4a51-bddb-c5cad2d50d48"},{"key":"tags:118:index","value":"118"},{"key":"tags:118:length","value":"1"},{"key":"tags:118:name","value":"AM_Auger_Status"},{"key":"tags:118:type","value":"1"},{"key":"tags:119:address","value":"AM_POLYMER_SPEED"},{"key":"tags:119:id","value":"009e017b-e0fd-47b6-bba3-4d7a48a7d067"},{"key":"tags:119:index","value":"119"},{"key":"tags:119:length","value":"1"},{"key":"tags:119:name","value":"AM_POLYMER_SPEED"},{"key":"tags:119:type","value":"5"},{"key":"tags:11:address","value":"AM_WASB_VALVE"},{"key":"tags:11:id","value":"9f56d5ef-d136-4230-b95b-c80868a186d0"},{"key":"tags:11:index","value":"11"},{"key":"tags:11:length","value":"1"},{"key":"tags:11:name","value":"AM_WASB_VALVE"},{"key":"tags:11:type","value":"1"},{"key":"tags:12:address","value":"AM_HFLA_VALVE"},{"key":"tags:12:id","value":"ac346f33-e933-4202-b50f-283010e11779"},{"key":"tags:12:index","value":"12"},{"key":"tags:12:length","value":"1"},{"key":"tags:12:name","value":"AM_HFLA_VALVE"},{"key":"tags:12:type","value":"1"},{"key":"tags:13:address","value":"AM_HFLB_VALVE"},{"key":"tags:13:id","value":"fa1e3a11-e6b2-49a7-b175-f39cc6786953"},{"key":"tags:13:index","value":"13"},{"key":"tags:13:length","value":"1"},{"key":"tags:13:name","value":"AM_HFLB_VALVE"},{"key":"tags:13:type","value":"1"},{"key":"tags:14:address","value":"AM_WASA_VALVE"},{"key":"tags:14:id","value":"6a82cbd1-133b-4eb2-8e7f-19963fb2c4dc"},{"key":"tags:14:index","value":"14"},{"key":"tags:14:length","value":"1"},{"key":"tags:14:name","value":"AM_WASA_VALVE"},{"key":"tags:14:type","value":"1"},{"key":"tags:15:address","value":"AM_HVEFRNG_S"},{"key":"tags:15:id","value":"bc534dc3-d580-475b-abd6-5423fddd45b4"},{"key":"tags:15:index","value":"15"},{"key":"tags:15:length","value":"1"},{"key":"tags:15:name","value":"AM_HVEFRNG_S"},{"key":"tags:15:type","value":"1"},{"key":"tags:16:address","value":"AM_TA_DO_AI"},{"key":"tags:16:id","value":"e951cf03-a22b-44cf-9d6e-181fa657a0db"},{"key":"tags:16:index","value":"16"},{"key":"tags:16:length","value":"1"},{"key":"tags:16:name","value":"AM_TA_DO_AI"},{"key":"tags:16:type","value":"10"},{"key":"tags:17:address","value":"AM_SEQ1_OFF_SETPOINT"},{"key":"tags:17:id","value":"830e02f0-eee8-45ac-b8ae-bcf483127b0a"},{"key":"tags:17:index","value":"17"},{"key":"tags:17:length","value":"1"},{"key":"tags:17:name","value":"AM_SEQ1_OFF_SETPOINT"},{"key":"tags:17:type","value":"10"},{"key":"tags:18:address","value":"AM_SEQ1_ON_SETPOINT"},{"key":"tags:18:id","value":"8b98f9f9-4028-4f4e-b895-bfe96a839959"},{"key":"tags:18:index","value":"18"},{"key":"tags:18:length","value":"1"},{"key":"tags:18:name","value":"AM_SEQ1_ON_SETPOINT"},{"key":"tags:18:type","value":"10"},{"key":"tags:19:address","value":"AM_SEQ2_OFF_SETPOINT"},{"key":"tags:19:id","value":"5a66b627-a0ac-411c-9c81-53cfb6bf48b4"},{"key":"tags:19:index","value":"19"},{"key":"tags:19:length","value":"1"},{"key":"tags:19:name","value":"AM_SEQ2_OFF_SETPOINT"},{"key":"tags:19:type","value":"10"},{"key":"tags:1:address","value":"AM_WASB_ON_REMAIN"},{"key":"tags:1:id","value":"7871849f-1b62-4e8f-ba72-8860be295a46"},{"key":"tags:1:index","value":"1"},{"key":"tags:1:length","value":"1"},{"key":"tags:1:name","value":"AM_WASB_ON_REMAIN"},{"key":"tags:1:type","value":"10"},{"key":"tags:20:address","value":"AM_SEQ2_ON_SETPOINT"},{"key":"tags:20:id","value":"99e91dea-24b5-44b4-b080-32765d473319"},{"key":"tags:20:index","value":"20"},{"key":"tags:20:length","value":"1"},{"key":"tags:20:name","value":"AM_SEQ2_ON_SETPOINT"},{"key":"tags:20:type","value":"10"},{"key":"tags:21:address","value":"SS_AUTO_S"},{"key":"tags:21:id","value":"ddf081dc-795f-4b07-8a02-2bc63beb72fd"},{"key":"tags:21:index","value":"21"},{"key":"tags:21:length","value":"1"},{"key":"tags:21:name","value":"SS_AUTO_S"},{"key":"tags:21:type","value":"1"},{"key":"tags:22:address","value":"AM_PDB3_STATUS"},{"key":"tags:22:id","value":"b20bd580-acc2-44bd-950a-6f8f17fbf7fc"},{"key":"tags:22:index","value":"22"},{"key":"tags:22:length","value":"1"},{"key":"tags:22:name","value":"AM_PDB3_STATUS"},{"key":"tags:22:type","value":"5"},{"key":"tags:23:address","value":"AM_WAS1_ON_SETPOINT"},{"key":"tags:23:id","value":"5025310d-ca5f-4f7d-9715-07af53fc5a81"},{"key":"tags:23:index","value":"23"},{"key":"tags:23:length","value":"1"},{"key":"tags:23:name","value":"AM_WAS1_ON_SETPOINT"},{"key":"tags:23:type","value":"10"},{"key":"tags:24:address","value":"AM_WAS1_PAUSE_SETPOINT"},{"key":"tags:24:id","value":"2753c914-a312-4ba0-a6b1-fc44cc2a4246"},{"key":"tags:24:index","value":"24"},{"key":"tags:24:length","value":"1"},{"key":"tags:24:name","value":"AM_WAS1_PAUSE_SETPOINT"},{"key":"tags:24:type","value":"10"},{"key":"tags:25:address","value":"AM_WAS1_SETTLE_SETPOINT"},{"key":"tags:25:id","value":"f95c918f-cb89-4169-82e8-8f3dc4f25d38"},{"key":"tags:25:index","value":"25"},{"key":"tags:25:length","value":"1"},{"key":"tags:25:name","value":"AM_WAS1_SETTLE_SETPOINT"},{"key":"tags:25:type","value":"10"},{"key":"tags:26:address","value":"AM_WAS1_START_HR"},{"key":"tags:26:id","value":"d625edce-e9db-4192-a4f3-a53008e57fea"},{"key":"tags:26:index","value":"26"},{"key":"tags:26:length","value":"1"},{"key":"tags:26:name","value":"AM_WAS1_START_HR"},{"key":"tags:26:type","value":"7"},{"key":"tags:27:address","value":"AM_WAS1_START_MIN"},{"key":"tags:27:id","value":"82cc2dad-a6fa-49ed-9614-fe547221817b"},{"key":"tags:27:index","value":"27"},{"key":"tags:27:length","value":"1"},{"key":"tags:27:name","value":"AM_WAS1_START_MIN"},{"key":"tags:27:type","value":"7"},{"key":"tags:28:address","value":"AM_WaterPump_Alarm"},{"key":"tags:28:id","value":"b1f5d735-fc68-44c6-89f1-ac49296d9951"},{"key":"tags:28:index","value":"28"},{"key":"tags:28:length","value":"1"},{"key":"tags:28:name","value":"AM_WaterPump_Alarm"},{"key":"tags:28:type","value":"1"},{"key":"tags:29:address","value":"AM_PDB4_STATUS"},{"key":"tags:29:id","value":"af138a6c-d110-4cfb-a7c9-0ed1d47f51e5"},{"key":"tags:29:index","value":"29"},{"key":"tags:29:length","value":"1"},{"key":"tags:29:name","value":"AM_PDB4_STATUS"},{"key":"tags:29:type","value":"5"},{"key":"tags:2:address","value":"AM_BeltPress_Alarm"},{"key":"tags:2:id","value":"9b06c054-b772-4137-85c9-3f9a16b870b0"},{"key":"tags:2:index","value":"2"},{"key":"tags:2:length","value":"1"},{"key":"tags:2:name","value":"AM_BeltPress_Alarm"},{"key":"tags:2:type","value":"1"},{"key":"tags:30:address","value":"AM_WaterPump_Status"},{"key":"tags:30:id","value":"f9c10baf-c748-44bf-826b-51a565951ae4"},{"key":"tags:30:index","value":"30"},{"key":"tags:30:length","value":"1"},{"key":"tags:30:name","value":"AM_WaterPump_Status"},{"key":"tags:30:type","value":"1"},{"key":"tags:31:address","value":"AM_HVGAS_A.IN"},{"key":"tags:31:id","value":"67a5d28e-63e2-4e7c-8c39-cfe07399581a"},{"key":"tags:31:index","value":"31"},{"key":"tags:31:length","value":"1"},{"key":"tags:31:name","value":"AM_HVGAS_A.IN"},{"key":"tags:31:type","value":"1"},{"key":"tags:32:address","value":"UV_SIGNAL1_AI"},{"key":"tags:32:id","value":"6c88ab10-aff9-4045-93ef-51da7d9d2159"},{"key":"tags:32:index","value":"32"},{"key":"tags:32:length","value":"1"},{"key":"tags:32:name","value":"UV_SIGNAL1_AI"},{"key":"tags:32:type","value":"7"},{"key":"tags:33:address","value":"UV_WF1_A.Alarm"},{"key":"tags:33:id","value":"ccfe18d2-29db-416c-9269-16b5659fc131"},{"key":"tags:33:index","value":"33"},{"key":"tags:33:length","value":"1"},{"key":"tags:33:name","value":"UV_WF1_A.Alarm"},{"key":"tags:33:type","value":"1"},{"key":"tags:34:address","value":"UV_WF2_A.Alarm"},{"key":"tags:34:id","value":"d9e0707f-6bd8-4af2-aaa9-cdd90667673d"},{"key":"tags:34:index","value":"34"},{"key":"tags:34:length","value":"1"},{"key":"tags:34:name","value":"UV_WF2_A.Alarm"},{"key":"tags:34:type","value":"1"},{"key":"tags:35:address","value":"MCC_NPWPRNG1_S"},{"key":"tags:35:id","value":"83f9b96f-6784-4724-9404-fd3d0c0dca25"},{"key":"tags:35:index","value":"35"},{"key":"tags:35:length","value":"1"},{"key":"tags:35:name","value":"MCC_NPWPRNG1_S"},{"key":"tags:35:type","value":"1"},{"key":"tags:36:address","value":"MCC_NPWPRNG2_S"},{"key":"tags:36:id","value":"e8b10763-6ceb-4925-bb13-469c87b6ec5a"},{"key":"tags:36:index","value":"36"},{"key":"tags:36:length","value":"1"},{"key":"tags:36:name","value":"MCC_NPWPRNG2_S"},{"key":"tags:36:type","value":"1"},{"key":"tags:37:address","value":"MCC_SRFRNG_S"},{"key":"tags:37:id","value":"136fb5d2-7556-4702-9e74-b77b71e174f5"},{"key":"tags:37:index","value":"37"},{"key":"tags:37:length","value":"1"},{"key":"tags:37:name","value":"MCC_SRFRNG_S"},{"key":"tags:37:type","value":"1"},{"key":"tags:38:address","value":"AM_Polymer_Status"},{"key":"tags:38:id","value":"9d073af2-670a-4781-bf15-4691252b5724"},{"key":"tags:38:index","value":"38"},{"key":"tags:38:length","value":"1"},{"key":"tags:38:name","value":"AM_Polymer_Status"},{"key":"tags:38:type","value":"1"},{"key":"tags:39:address","value":"MCC_TSNPRDY_S"},{"key":"tags:39:id","value":"b1151b79-8192-4238-a105-ec8d24900f22"},{"key":"tags:39:index","value":"39"},{"key":"tags:39:length","value":"1"},{"key":"tags:39:name","value":"MCC_TSNPRDY_S"},{"key":"tags:39:type","value":"1"},{"key":"tags:3:address","value":"AM_BeltPress_Status"},{"key":"tags:3:id","value":"8108415d-3b49-44dc-b944-9557b98b9a2b"},{"key":"tags:3:index","value":"3"},{"key":"tags:3:length","value":"1"},{"key":"tags:3:name","value":"AM_BeltPress_Status"},{"key":"tags:3:type","value":"1"},{"key":"tags:40:address","value":"AM_TANKA_HIGH_ALARM"},{"key":"tags:40:id","value":"fec48419-7356-446f-a9ae-2b6649bab498"},{"key":"tags:40:index","value":"40"},{"key":"tags:40:length","value":"1"},{"key":"tags:40:name","value":"AM_TANKA_HIGH_ALARM"},{"key":"tags:40:type","value":"1"},{"key":"tags:41:address","value":"MCC_TSSTDBY_S"},{"key":"tags:41:id","value":"ba6c586c-7ceb-4a31-8c57-a257a09e09b1"},{"key":"tags:41:index","value":"41"},{"key":"tags:41:length","value":"1"},{"key":"tags:41:name","value":"MCC_TSSTDBY_S"},{"key":"tags:41:type","value":"1"},{"key":"tags:42:address","value":"AM_HW_TEMP_AI"},{"key":"tags:42:id","value":"7446a29a-0dce-4e16-b489-f4e2eeab4d64"},{"key":"tags:42:index","value":"42"},{"key":"tags:42:length","value":"1"},{"key":"tags:42:name","value":"AM_HW_TEMP_AI"},{"key":"tags:42:type","value":"7"},{"key":"tags:43:address","value":"SS_SCREENRUN_S"},{"key":"tags:43:id","value":"8b55bf08-8ac0-407e-a2e9-185c6daeb9bc"},{"key":"tags:43:index","value":"43"},{"key":"tags:43:length","value":"1"},{"key":"tags:43:name","value":"SS_SCREENRUN_S"},{"key":"tags:43:type","value":"1"},{"key":"tags:44:address","value":"MCC_TSTDBYRDY_S"},{"key":"tags:44:id","value":"ff9c17fb-62df-4255-9bd8-17c690be42cb"},{"key":"tags:44:index","value":"44"},{"key":"tags:44:length","value":"1"},{"key":"tags:44:name","value":"MCC_TSTDBYRDY_S"},{"key":"tags:44:type","value":"1"},{"key":"tags:45:address","value":"MCC_BRFRNG_S"},{"key":"tags:45:id","value":"9946589d-01fd-4caa-84d0-4d2d79f2e80a"},{"key":"tags:45:index","value":"45"},{"key":"tags:45:length","value":"1"},{"key":"tags:45:name","value":"MCC_BRFRNG_S"},{"key":"tags:45:type","value":"1"},{"key":"tags:46:address","value":"UV_SIGNAL2_AI"},{"key":"tags:46:id","value":"3a6b96c5-de6c-4bbe-9c0c-b24849fa53cb"},{"key":"tags:46:index","value":"46"},{"key":"tags:46:length","value":"1"},{"key":"tags:46:name","value":"UV_SIGNAL2_AI"},{"key":"tags:46:type","value":"7"},{"key":"tags:47:address","value":"MCC_GEN_A.Alarm"},{"key":"tags:47:id","value":"f4048c51-4844-4b5f-a4b9-96eb3903d975"},{"key":"tags:47:index","value":"47"},{"key":"tags:47:length","value":"1"},{"key":"tags:47:name","value":"MCC_GEN_A.Alarm"},{"key":"tags:47:type","value":"1"},{"key":"tags:48:address","value":"MCC_GENRNG_S"},{"key":"tags:48:id","value":"a8609ec5-b4ca-47dd-8f2c-a8d8c33c2bbf"},{"key":"tags:48:index","value":"48"},{"key":"tags:48:length","value":"1"},{"key":"tags:48:name","value":"MCC_GENRNG_S"},{"key":"tags:48:type","value":"1"},{"key":"tags:49:address","value":"HW_INFLUENT"},{"key":"tags:49:id","value":"ee6f79f4-0f69-4dbd-a14e-31f96df0d7e1"},{"key":"tags:49:index","value":"49"},{"key":"tags:49:length","value":"1"},{"key":"tags:49:name","value":"HW_INFLUENT"},{"key":"tags:49:type","value":"10"},{"key":"tags:4:address","value":"AM_SURGE_HIGH_ALARM"},{"key":"tags:4:id","value":"2e141e0c-540c-4b04-98b7-4a66aeaf5d36"},{"key":"tags:4:index","value":"4"},{"key":"tags:4:length","value":"1"},{"key":"tags:4:name","value":"AM_SURGE_HIGH_ALARM"},{"key":"tags:4:type","value":"1"},{"key":"tags:50:address","value":"AM_PR_TEMP_AI"},{"key":"tags:50:id","value":"115f5dcf-b9dd-46d4-b3a1-6561a14f1fd1"},{"key":"tags:50:index","value":"50"},{"key":"tags:50:length","value":"1"},{"key":"tags:50:name","value":"AM_PR_TEMP_AI"},{"key":"tags:50:type","value":"7"},{"key":"tags:51:address","value":"HW_INFLUENT_TTLZR.CurDay"},{"key":"tags:51:id","value":"828587bc-22bd-4b9a-a1b1-71664cfcf7db"},{"key":"tags:51:index","value":"51"},{"key":"tags:51:length","value":"1"},{"key":"tags:51:name","value":"HW_INFLUENT_TTLZR.CurDay"},{"key":"tags:51:type","value":"10"},{"key":"tags:52:address","value":"HW_INFLUENT_TTLZR.YesDay"},{"key":"tags:52:id","value":"becca102-4a32-4219-b262-05dcd9f3ae7b"},{"key":"tags:52:index","value":"52"},{"key":"tags:52:length","value":"1"},{"key":"tags:52:name","value":"HW_INFLUENT_TTLZR.YesDay"},{"key":"tags:52:type","value":"10"},{"key":"tags:53:address","value":"AM_MainDrum_Alarm"},{"key":"tags:53:id","value":"d8d70d6e-a08f-4ca8-817a-ac82e3ccdc57"},{"key":"tags:53:index","value":"53"},{"key":"tags:53:length","value":"1"},{"key":"tags:53:name","value":"AM_MainDrum_Alarm"},{"key":"tags:53:type","value":"1"},{"key":"tags:54:address","value":"AM_TANKB_HIGH_ALARM"},{"key":"tags:54:id","value":"3a32184c-5977-486a-aba4-4d2b6585cedc"},{"key":"tags:54:index","value":"54"},{"key":"tags:54:length","value":"1"},{"key":"tags:54:name","value":"AM_TANKB_HIGH_ALARM"},{"key":"tags:54:type","value":"1"},{"key":"tags:55:address","value":"AM_WAS1_FRI_PB"},{"key":"tags:55:id","value":"701e0e51-70cf-472e-998d-6622fc81d0c7"},{"key":"tags:55:index","value":"55"},{"key":"tags:55:length","value":"1"},{"key":"tags:55:name","value":"AM_WAS1_FRI_PB"},{"key":"tags:55:type","value":"1"},{"key":"tags:56:address","value":"AM_WAS1_MON_PB"},{"key":"tags:56:id","value":"a449dd54-1188-439f-8342-9b742ea17492"},{"key":"tags:56:index","value":"56"},{"key":"tags:56:length","value":"1"},{"key":"tags:56:name","value":"AM_WAS1_MON_PB"},{"key":"tags:56:type","value":"1"},{"key":"tags:57:address","value":"AM_PDB2_FEEDBACK"},{"key":"tags:57:id","value":"f5e1f662-4707-4e0f-8bbe-fc47416c0f5b"},{"key":"tags:57:index","value":"57"},{"key":"tags:57:length","value":"1"},{"key":"tags:57:name","value":"AM_PDB2_FEEDBACK"},{"key":"tags:57:type","value":"7"},{"key":"tags:58:address","value":"AM_WAS1_SAT_PB"},{"key":"tags:58:id","value":"94e6bee2-6473-45a3-ad49-070723469b17"},{"key":"tags:58:index","value":"58"},{"key":"tags:58:length","value":"1"},{"key":"tags:58:name","value":"AM_WAS1_SAT_PB"},{"key":"tags:58:type","value":"1"},{"key":"tags:59:address","value":"AM_WAS1_SUN_PB"},{"key":"tags:59:id","value":"bb101cc5-6a3e-4829-9eb5-e566d4e4e4a0"},{"key":"tags:59:index","value":"59"},{"key":"tags:59:length","value":"1"},{"key":"tags:59:name","value":"AM_WAS1_SUN_PB"},{"key":"tags:59:type","value":"1"},{"key":"tags:5:address","value":"AM_BP_RTM_HRS"},{"key":"tags:5:id","value":"a335e3e7-64ad-4061-9c44-b726772df2b9"},{"key":"tags:5:index","value":"5"},{"key":"tags:5:length","value":"1"},{"key":"tags:5:name","value":"AM_BP_RTM_HRS"},{"key":"tags:5:type","value":"5"},{"key":"tags:60:address","value":"AM_WAS1_THR_PB"},{"key":"tags:60:id","value":"6341cee9-d866-4fb0-ae10-e810c3a82fa8"},{"key":"tags:60:index","value":"60"},{"key":"tags:60:length","value":"1"},{"key":"tags:60:name","value":"AM_WAS1_THR_PB"},{"key":"tags:60:type","value":"1"},{"key":"tags:61:address","value":"UV_ROOM_TEMP_AI"},{"key":"tags:61:id","value":"6fafab26-dbcf-4395-b7c7-ee0643bca244"},{"key":"tags:61:index","value":"61"},{"key":"tags:61:length","value":"1"},{"key":"tags:61:name","value":"UV_ROOM_TEMP_AI"},{"key":"tags:61:type","value":"7"},{"key":"tags:62:address","value":"AM_SLUDGEPRESS_DAILY"},{"key":"tags:62:id","value":"eaf15f9f-fb96-45e3-8311-e662a87ad5d1"},{"key":"tags:62:index","value":"62"},{"key":"tags:62:length","value":"1"},{"key":"tags:62:name","value":"AM_SLUDGEPRESS_DAILY"},{"key":"tags:62:type","value":"10"},{"key":"tags:63:address","value":"AM_WAS1_TUE_PB"},{"key":"tags:63:id","value":"87ee529d-1365-43c9-b0a6-7459a9ce176d"},{"key":"tags:63:index","value":"63"},{"key":"tags:63:length","value":"1"},{"key":"tags:63:name","value":"AM_WAS1_TUE_PB"},{"key":"tags:63:type","value":"1"},{"key":"tags:64:address","value":"AM_MainDrum_Status"},{"key":"tags:64:id","value":"a9467354-501b-4ffd-ba5b-78fd29dc1137"},{"key":"tags:64:index","value":"64"},{"key":"tags:64:length","value":"1"},{"key":"tags:64:name","value":"AM_MainDrum_Status"},{"key":"tags:64:type","value":"1"},{"key":"tags:65:address","value":"AM_WAS1_WED_PB"},{"key":"tags:65:id","value":"9cce4fd8-abb8-4c22-8a1e-d95993353515"},{"key":"tags:65:index","value":"65"},{"key":"tags:65:length","value":"1"},{"key":"tags:65:name","value":"AM_WAS1_WED_PB"},{"key":"tags:65:type","value":"1"},{"key":"tags:66:address","value":"GK_CLASSRNG_S"},{"key":"tags:66:id","value":"2368b700-3d70-4825-917b-a0b78166897f"},{"key":"tags:66:index","value":"66"},{"key":"tags:66:length","value":"1"},{"key":"tags:66:name","value":"GK_CLASSRNG_S"},{"key":"tags:66:type","value":"1"},{"key":"tags:67:address","value":"AM_TB_DO_AI"},{"key":"tags:67:id","value":"0d36e138-c9b9-4e88-b098-243094c8d7ac"},{"key":"tags:67:index","value":"67"},{"key":"tags:67:length","value":"1"},{"key":"tags:67:name","value":"AM_TB_DO_AI"},{"key":"tags:67:type","value":"10"},{"key":"tags:68:address","value":"GK_FVO_S"},{"key":"tags:68:id","value":"55dff359-ce75-480f-b7c3-8840c055fccd"},{"key":"tags:68:index","value":"68"},{"key":"tags:68:length","value":"1"},{"key":"tags:68:name","value":"GK_FVO_S"},{"key":"tags:68:type","value":"1"},{"key":"tags:69:address","value":"GK_GSF_S.IN"},{"key":"tags:69:id","value":"8354ea9f-5c01-43bb-91fc-042c6289202b"},{"key":"tags:69:index","value":"69"},{"key":"tags:69:length","value":"1"},{"key":"tags:69:name","value":"GK_GSF_S.IN"},{"key":"tags:69:type","value":"1"},{"key":"tags:6:address","value":"AM_BP_RTM_MINS"},{"key":"tags:6:id","value":"c2577670-90fb-4bdd-b608-248fd3e0e503"},{"key":"tags:6:index","value":"6"},{"key":"tags:6:length","value":"1"},{"key":"tags:6:name","value":"AM_BP_RTM_MINS"},{"key":"tags:6:type","value":"5"},{"key":"tags:70:address","value":"GK_PMPRNG_S"},{"key":"tags:70:id","value":"6844626c-f3dd-47ac-b14f-17de97edcd26"},{"key":"tags:70:index","value":"70"},{"key":"tags:70:length","value":"1"},{"key":"tags:70:name","value":"GK_PMPRNG_S"},{"key":"tags:70:type","value":"1"},{"key":"tags:71:address","value":"SS_JAM_A.Alarm"},{"key":"tags:71:id","value":"6e769c0a-3c2d-402e-bb27-156ffd0a3438"},{"key":"tags:71:index","value":"71"},{"key":"tags:71:length","value":"1"},{"key":"tags:71:name","value":"SS_JAM_A.Alarm"},{"key":"tags:71:type","value":"1"},{"key":"tags:72:address","value":"GK_SHAND_S"},{"key":"tags:72:id","value":"4b93b691-2968-402f-83ca-526e0df448ea"},{"key":"tags:72:index","value":"72"},{"key":"tags:72:length","value":"1"},{"key":"tags:72:name","value":"GK_SHAND_S"},{"key":"tags:72:type","value":"1"},{"key":"tags:73:address","value":"CG_A.IN"},{"key":"tags:73:id","value":"911f4927-b5dc-46ae-8333-56522fa9b9c1"},{"key":"tags:73:index","value":"73"},{"key":"tags:73:length","value":"1"},{"key":"tags:73:name","value":"CG_A.IN"},{"key":"tags:73:type","value":"1"},{"key":"tags:74:address","value":"AM_SludgePump_Alarm"},{"key":"tags:74:id","value":"3029b1e5-84f7-406b-8db0-ae381fa453b4"},{"key":"tags:74:index","value":"74"},{"key":"tags:74:length","value":"1"},{"key":"tags:74:name","value":"AM_SludgePump_Alarm"},{"key":"tags:74:type","value":"1"},{"key":"tags:75:address","value":"AM_MX1_RUNNING"},{"key":"tags:75:id","value":"6ad70b59-29f9-429a-8784-bedaffaaabe2"},{"key":"tags:75:index","value":"75"},{"key":"tags:75:length","value":"1"},{"key":"tags:75:name","value":"AM_MX1_RUNNING"},{"key":"tags:75:type","value":"1"},{"key":"tags:76:address","value":"CG_FWDREV_S"},{"key":"tags:76:id","value":"debba608-5623-4142-91da-bed89bb66991"},{"key":"tags:76:index","value":"76"},{"key":"tags:76:length","value":"1"},{"key":"tags:76:name","value":"CG_FWDREV_S"},{"key":"tags:76:type","value":"1"},{"key":"tags:77:address","value":"CG_START_S"},{"key":"tags:77:id","value":"82a5bc3f-6001-43cc-abc3-457506765639"},{"key":"tags:77:index","value":"77"},{"key":"tags:77:length","value":"1"},{"key":"tags:77:name","value":"CG_START_S"},{"key":"tags:77:type","value":"1"},{"key":"tags:78:address","value":"UV_LF1_A.Alarm"},{"key":"tags:78:id","value":"c184a1ec-1e8d-4493-b8f6-56bd31602c96"},{"key":"tags:78:index","value":"78"},{"key":"tags:78:length","value":"1"},{"key":"tags:78:name","value":"UV_LF1_A.Alarm"},{"key":"tags:78:type","value":"1"},{"key":"tags:79:address","value":"AM_RASAB1_OFF_DISPLAY"},{"key":"tags:79:id","value":"da9431f0-736c-4e27-bfbf-ce54b4afadf7"},{"key":"tags:79:index","value":"79"},{"key":"tags:79:length","value":"1"},{"key":"tags:79:name","value":"AM_RASAB1_OFF_DISPLAY"},{"key":"tags:79:type","value":"10"},{"key":"tags:7:address","value":"AM_DIGA_VALVE"},{"key":"tags:7:id","value":"4e36c59b-707a-4f09-a7ea-da011c6c51da"},{"key":"tags:7:index","value":"7"},{"key":"tags:7:length","value":"1"},{"key":"tags:7:name","value":"AM_DIGA_VALVE"},{"key":"tags:7:type","value":"1"},{"key":"tags:80:address","value":"AM_WAS1_PAUSE_REMAIN"},{"key":"tags:80:id","value":"fb792397-40f5-4bee-8356-78d4457e0f99"},{"key":"tags:80:index","value":"80"},{"key":"tags:80:length","value":"1"},{"key":"tags:80:name","value":"AM_WAS1_PAUSE_REMAIN"},{"key":"tags:80:type","value":"10"},{"key":"tags:81:address","value":"AM_RASAB1_ON_DISPLAY"},{"key":"tags:81:id","value":"680ba01c-cb66-47a7-a831-7f4b9fafc90c"},{"key":"tags:81:index","value":"81"},{"key":"tags:81:length","value":"1"},{"key":"tags:81:name","value":"AM_RASAB1_ON_DISPLAY"},{"key":"tags:81:type","value":"10"},{"key":"tags:82:address","value":"AM_RASAB1_VALVE"},{"key":"tags:82:id","value":"c9054723-45db-440b-b3b7-4b385ed74fc6"},{"key":"tags:82:index","value":"82"},{"key":"tags:82:length","value":"1"},{"key":"tags:82:name","value":"AM_RASAB1_VALVE"},{"key":"tags:82:type","value":"1"},{"key":"tags:83:address","value":"AM_RASAB2_OFF_DISPLAY"},{"key":"tags:83:id","value":"7057bf72-f05a-4080-82fc-e5375ba5ffe8"},{"key":"tags:83:index","value":"83"},{"key":"tags:83:length","value":"1"},{"key":"tags:83:name","value":"AM_RASAB2_OFF_DISPLAY"},{"key":"tags:83:type","value":"10"},{"key":"tags:84:address","value":"AM_RASAB2_ON_DISPLAY"},{"key":"tags:84:id","value":"0cabc4c1-d3cd-4a70-bb21-81ba06cbcde0"},{"key":"tags:84:index","value":"84"},{"key":"tags:84:length","value":"1"},{"key":"tags:84:name","value":"AM_RASAB2_ON_DISPLAY"},{"key":"tags:84:type","value":"10"},{"key":"tags:85:address","value":"SS_HL_A.Alarm"},{"key":"tags:85:id","value":"324647c8-a6fb-447c-ab07-d4bba5b59ade"},{"key":"tags:85:index","value":"85"},{"key":"tags:85:length","value":"1"},{"key":"tags:85:name","value":"SS_HL_A.Alarm"},{"key":"tags:85:type","value":"1"},{"key":"tags:86:address","value":"AM_MX2_RUNNING"},{"key":"tags:86:id","value":"6b092bbc-b6a5-4d34-8e89-193c895498b6"},{"key":"tags:86:index","value":"86"},{"key":"tags:86:length","value":"1"},{"key":"tags:86:name","value":"AM_MX2_RUNNING"},{"key":"tags:86:type","value":"1"},{"key":"tags:87:address","value":"AM_SludgePump_Rate"},{"key":"tags:87:id","value":"ab956d77-22f4-4466-bbcf-a1ac299dcaa5"},{"key":"tags:87:index","value":"87"},{"key":"tags:87:length","value":"1"},{"key":"tags:87:name","value":"AM_SludgePump_Rate"},{"key":"tags:87:type","value":"5"},{"key":"tags:88:address","value":"AM_RASAB2_VALVE"},{"key":"tags:88:id","value":"361e8b8d-c332-45f0-85e7-bb964839b4b4"},{"key":"tags:88:index","value":"88"},{"key":"tags:88:length","value":"1"},{"key":"tags:88:name","value":"AM_RASAB2_VALVE"},{"key":"tags:88:type","value":"1"},{"key":"tags:89:address","value":"AM_RAS1_OFF_TIME"},{"key":"tags:89:id","value":"b13ddee8-bf00-4c6d-b9a8-a42fea6c7d95"},{"key":"tags:89:index","value":"89"},{"key":"tags:89:length","value":"1"},{"key":"tags:89:name","value":"AM_RAS1_OFF_TIME"},{"key":"tags:89:type","value":"10"},{"key":"tags:8:address","value":"AM_DIGB_VALVE"},{"key":"tags:8:id","value":"f051a22a-489c-47a9-8143-9f87cf3471d2"},{"key":"tags:8:index","value":"8"},{"key":"tags:8:length","value":"1"},{"key":"tags:8:name","value":"AM_DIGB_VALVE"},{"key":"tags:8:type","value":"1"},{"key":"tags:90:address","value":"AM_RAS1_ON_TIME"},{"key":"tags:90:id","value":"2beba9c0-4610-485e-9bcd-725b747e1c67"},{"key":"tags:90:index","value":"90"},{"key":"tags:90:length","value":"1"},{"key":"tags:90:name","value":"AM_RAS1_ON_TIME"},{"key":"tags:90:type","value":"10"},{"key":"tags:91:address","value":"AM_SEQ1_OFF_TOTAL"},{"key":"tags:91:id","value":"12315883-8337-4104-b3eb-81ffb262e2df"},{"key":"tags:91:index","value":"91"},{"key":"tags:91:length","value":"1"},{"key":"tags:91:name","value":"AM_SEQ1_OFF_TOTAL"},{"key":"tags:91:type","value":"10"},{"key":"tags:92:address","value":"AM_SEQ1_ON_TOTAL"},{"key":"tags:92:id","value":"3fc893a7-cb9b-45df-84a1-a120c0a20384"},{"key":"tags:92:index","value":"92"},{"key":"tags:92:length","value":"1"},{"key":"tags:92:name","value":"AM_SEQ1_ON_TOTAL"},{"key":"tags:92:type","value":"10"},{"key":"tags:93:address","value":"AM_WAS1_SETTLE_REMAIN"},{"key":"tags:93:id","value":"9ab1c7d9-0cc5-4f4f-9abe-a0fc58122786"},{"key":"tags:93:index","value":"93"},{"key":"tags:93:length","value":"1"},{"key":"tags:93:name","value":"AM_WAS1_SETTLE_REMAIN"},{"key":"tags:93:type","value":"10"},{"key":"tags:94:address","value":"UV_LF2_A.Alarm"},{"key":"tags:94:id","value":"8108af67-d817-4b54-bab1-f90803c9d894"},{"key":"tags:94:index","value":"94"},{"key":"tags:94:length","value":"1"},{"key":"tags:94:name","value":"UV_LF2_A.Alarm"},{"key":"tags:94:type","value":"1"},{"key":"tags:95:address","value":"AM_SEQ1A_VALVE"},{"key":"tags:95:id","value":"14c31097-35fa-443c-a974-99751aafab6c"},{"key":"tags:95:index","value":"95"},{"key":"tags:95:length","value":"1"},{"key":"tags:95:name","value":"AM_SEQ1A_VALVE"},{"key":"tags:95:type","value":"1"},{"key":"tags:96:address","value":"AM_SEQ1B_VALVE"},{"key":"tags:96:id","value":"5372a085-e152-48d6-8b6a-7df0af3d1d0f"},{"key":"tags:96:index","value":"96"},{"key":"tags:96:length","value":"1"},{"key":"tags:96:name","value":"AM_SEQ1B_VALVE"},{"key":"tags:96:type","value":"1"},{"key":"tags:97:address","value":"AM_Polymer_Alarm"},{"key":"tags:97:id","value":"d12d3f9c-1aa8-4ba3-a489-8d2dd208dfd0"},{"key":"tags:97:index","value":"97"},{"key":"tags:97:length","value":"1"},{"key":"tags:97:name","value":"AM_Polymer_Alarm"},{"key":"tags:97:type","value":"1"},{"key":"tags:98:address","value":"AM_SEQ2_OFF_TOTAL"},{"key":"tags:98:id","value":"90b14e1a-4f04-4154-902c-43dd8284cac6"},{"key":"tags:98:index","value":"98"},{"key":"tags:98:length","value":"1"},{"key":"tags:98:name","value":"AM_SEQ2_OFF_TOTAL"},{"key":"tags:98:type","value":"10"},{"key":"tags:99:address","value":"AM_SludgePump_Status"},{"key":"tags:99:id","value":"6ae477f9-207d-4314-ad71-cee70248b4e4"},{"key":"tags:99:index","value":"99"},{"key":"tags:99:length","value":"1"},{"key":"tags:99:name","value":"AM_SludgePump_Status"},{"key":"tags:99:type","value":"1"},{"key":"tags:9:address","value":"AM_ESTOP"},{"key":"tags:9:id","value":"06a485f3-f356-4339-b8b4-26bbb35bf1c3"},{"key":"tags:9:index","value":"9"},{"key":"tags:9:length","value":"1"},{"key":"tags:9:name","value":"AM_ESTOP"},{"key":"tags:9:type","value":"1"}],"id":"3ad677f7-2099-4689-b3a5-e5c023cbc37c","dateCreated":"2024-08-10T14:35:22.5773258","dateLastModified":"2024-08-10T14:35:22.5773258"}],"pipelines":[],"pipelineJobs":[{"pipelineTopologyId":"3c613313-47cb-4b1f-99df-cfb5d16c9e9b","status":4,"dateStarted":"2024-08-15T01:37:43.472094","alertSummary":[{"severity":2,"count":0},{"severity":3,"count":0},{"severity":0,"count":0},{"severity":1,"count":0}],"id":"ed0966f3-1c49-4887-b269-661585f34bba","dateCreated":"2024-08-14T14:58:09.8696456","dateLastModified":"2024-08-14T14:58:09.8696456"}]}