{"version":1,"request":{"fileName":"flow-anylogWastewaterV2-20240805-210145.json","resourceIds":[],"dashboardIds":[],"pipelineIds":["c59b0690-3997-447c-b6d6-939d82caea7a"],"pipelineJobIds":[],"resolutions":[]},"dashboards":[],"resources":[],"pipelines":[{"entryPointId":"6bf22b80-b7a2-451b-b46c-e00297d08a8c","metadata":[{"key":"description","value":""},{"key":"name","value":"Anylog - Wastewater - v2"},{"key":"annotations:0:configuration:backgroundColor","value":"#000000"},{"key":"annotations:0:configuration:backgroundOpacity","value":"40"},{"key":"annotations:0:configuration:fontStyle:size","value":"12"},{"key":"annotations:0:configuration:text","value":"v1 - Original Version\nv2 - Added local operator and HTTP Error log"},{"key":"annotations:0:height","value":"125"},{"key":"annotations:0:key","value":"a995bc1a-3f41-4036-8c89-4d50051c98a7"},{"key":"annotations:0:kind","value":"annotation/comment"},{"key":"annotations:0:width","value":"375"},{"key":"annotations:0:x","value":"0"},{"key":"annotations:0:y","value":"-250"}],"operators":[{"id":"6bf22b80-b7a2-451b-b46c-e00297d08a8c","kind":"std/forward","configuration":[],"metadata":[{"key":"name","value":"Entry Point"},{"key":"x","value":"0"},{"key":"y","value":"0"}]},{"id":"78c53d65-9a5e-4880-a89e-53c336694d54","kind":"plc/read","configuration":[{"key":"$version","value":"1"},{"key":"ids:0","value":"44aefd1d-1f22-46dd-8cb5-31da903ab81e"},{"key":"resource","value":"8425671f-73fe-4159-8cb9-813749f59ab0"}],"metadata":[{"key":"$in:schemaType","value":"1"},{"key":"$out:selectors:0:fields:0:name","value":"SS_SCREENRUN_S"},{"key":"$out:selectors:0:fields:0:type","value":"1"},{"key":"$out:selectors:0:fields:10:name","value":"GK_SHAND_S"},{"key":"$out:selectors:0:fields:10:type","value":"1"},{"key":"$out:selectors:0:fields:11:name","value":"CG_A.IN"},{"key":"$out:selectors:0:fields:11:type","value":"1"},{"key":"$out:selectors:0:fields:12:name","value":"MCC_TSTDBYRDY_S"},{"key":"$out:selectors:0:fields:12:type","value":"1"},{"key":"$out:selectors:0:fields:13:name","value":"CG_FWDREV_S"},{"key":"$out:selectors:0:fields:13:type","value":"1"},{"key":"$out:selectors:0:fields:14:name","value":"CG_START_S"},{"key":"$out:selectors:0:fields:14:type","value":"1"},{"key":"$out:selectors:0:fields:15:name","value":"UV_LF1_A.Alarm"},{"key":"$out:selectors:0:fields:15:type","value":"1"},{"key":"$out:selectors:0:fields:16:name","value":"UV_WF1_A.Alarm"},{"key":"$out:selectors:0:fields:16:type","value":"1"},{"key":"$out:selectors:0:fields:17:name","value":"AM_RASAB1_VALVE"},{"key":"$out:selectors:0:fields:17:type","value":"1"},{"key":"$out:selectors:0:fields:18:name","value":"AM_RASAB2_VALVE"},{"key":"$out:selectors:0:fields:18:type","value":"1"},{"key":"$out:selectors:0:fields:19:name","value":"UV_LF2_A.Alarm"},{"key":"$out:selectors:0:fields:19:type","value":"1"},{"key":"$out:selectors:0:fields:1:name","value":"SS_JAM_A.Alarm"},{"key":"$out:selectors:0:fields:1:type","value":"1"},{"key":"$out:selectors:0:fields:20:name","value":"AM_SEQ1A_VALVE"},{"key":"$out:selectors:0:fields:20:type","value":"1"},{"key":"$out:selectors:0:fields:21:name","value":"AM_SEQ1B_VALVE"},{"key":"$out:selectors:0:fields:21:type","value":"1"},{"key":"$out:selectors:0:fields:22:name","value":"AM_SEQ2A_VALVE"},{"key":"$out:selectors:0:fields:22:type","value":"1"},{"key":"$out:selectors:0:fields:23:name","value":"MCC_BRFRNG_S"},{"key":"$out:selectors:0:fields:23:type","value":"1"},{"key":"$out:selectors:0:fields:24:name","value":"AM_SEQ2B_VALVE"},{"key":"$out:selectors:0:fields:24:type","value":"1"},{"key":"$out:selectors:0:fields:25:name","value":"AM_ThickenerA_Alarm"},{"key":"$out:selectors:0:fields:25:type","value":"1"},{"key":"$out:selectors:0:fields:26:name","value":"AM_ThickenerA_Status"},{"key":"$out:selectors:0:fields:26:type","value":"1"},{"key":"$out:selectors:0:fields:27:name","value":"AM_ThickenerB_Alarm"},{"key":"$out:selectors:0:fields:27:type","value":"1"},{"key":"$out:selectors:0:fields:28:name","value":"UV_WF2_A.Alarm"},{"key":"$out:selectors:0:fields:28:type","value":"1"},{"key":"$out:selectors:0:fields:29:name","value":"AM_ThickenerB_Status"},{"key":"$out:selectors:0:fields:29:type","value":"1"},{"key":"$out:selectors:0:fields:2:name","value":"AM_WAS1_THR_PB"},{"key":"$out:selectors:0:fields:2:type","value":"1"},{"key":"$out:selectors:0:fields:30:name","value":"UV_GFD1_S.Alarm"},{"key":"$out:selectors:0:fields:30:type","value":"1"},{"key":"$out:selectors:0:fields:31:name","value":"UV_GFD2_S.Alarm"},{"key":"$out:selectors:0:fields:31:type","value":"1"},{"key":"$out:selectors:0:fields:32:name","value":"UV_CABHT1_A.Alarm"},{"key":"$out:selectors:0:fields:32:type","value":"1"},{"key":"$out:selectors:0:fields:33:name","value":"UV_CABHT2_A.Alarm"},{"key":"$out:selectors:0:fields:33:type","value":"1"},{"key":"$out:selectors:0:fields:34:name","value":"MCC_GEN_A.Alarm"},{"key":"$out:selectors:0:fields:34:type","value":"1"},{"key":"$out:selectors:0:fields:35:name","value":"AM_AirPress_NotOK"},{"key":"$out:selectors:0:fields:35:type","value":"1"},{"key":"$out:selectors:0:fields:36:name","value":"AM_Auger_Alarm"},{"key":"$out:selectors:0:fields:36:type","value":"1"},{"key":"$out:selectors:0:fields:37:name","value":"AM_Auger_Status"},{"key":"$out:selectors:0:fields:37:type","value":"1"},{"key":"$out:selectors:0:fields:38:name","value":"AM_BeltPress_Alarm"},{"key":"$out:selectors:0:fields:38:type","value":"1"},{"key":"$out:selectors:0:fields:39:name","value":"AM_BeltPress_Status"},{"key":"$out:selectors:0:fields:39:type","value":"1"},{"key":"$out:selectors:0:fields:3:name","value":"AM_WAS1_TUE_PB"},{"key":"$out:selectors:0:fields:3:type","value":"1"},{"key":"$out:selectors:0:fields:40:name","value":"MCC_NPWPRNG1_S"},{"key":"$out:selectors:0:fields:40:type","value":"1"},{"key":"$out:selectors:0:fields:41:name","value":"AM_DIGA_VALVE"},{"key":"$out:selectors:0:fields:41:type","value":"1"},{"key":"$out:selectors:0:fields:42:name","value":"AM_DIGB_VALVE"},{"key":"$out:selectors:0:fields:42:type","value":"1"},{"key":"$out:selectors:0:fields:43:name","value":"AM_ESTOP"},{"key":"$out:selectors:0:fields:43:type","value":"1"},{"key":"$out:selectors:0:fields:44:name","value":"AM_HFLA_VALVE"},{"key":"$out:selectors:0:fields:44:type","value":"1"},{"key":"$out:selectors:0:fields:45:name","value":"MCC_GENRNG_S"},{"key":"$out:selectors:0:fields:45:type","value":"1"},{"key":"$out:selectors:0:fields:46:name","value":"AM_HFLB_VALVE"},{"key":"$out:selectors:0:fields:46:type","value":"1"},{"key":"$out:selectors:0:fields:47:name","value":"AM_HVEFRNG_S"},{"key":"$out:selectors:0:fields:47:type","value":"1"},{"key":"$out:selectors:0:fields:48:name","value":"AM_HVGAS_A.IN"},{"key":"$out:selectors:0:fields:48:type","value":"1"},{"key":"$out:selectors:0:fields:49:name","value":"AM_MainDrum_Alarm"},{"key":"$out:selectors:0:fields:49:type","value":"1"},{"key":"$out:selectors:0:fields:4:name","value":"SS_HL_A.Alarm"},{"key":"$out:selectors:0:fields:4:type","value":"1"},{"key":"$out:selectors:0:fields:50:name","value":"AM_MainDrum_Status"},{"key":"$out:selectors:0:fields:50:type","value":"1"},{"key":"$out:selectors:0:fields:51:name","value":"AM_MX1_RUNNING"},{"key":"$out:selectors:0:fields:51:type","value":"1"},{"key":"$out:selectors:0:fields:52:name","value":"MCC_NPWPRNG2_S"},{"key":"$out:selectors:0:fields:52:type","value":"1"},{"key":"$out:selectors:0:fields:53:name","value":"AM_MX2_RUNNING"},{"key":"$out:selectors:0:fields:53:type","value":"1"},{"key":"$out:selectors:0:fields:54:name","value":"AM_Polymer_Alarm"},{"key":"$out:selectors:0:fields:54:type","value":"1"},{"key":"$out:selectors:0:fields:55:name","value":"AM_Polymer_Status"},{"key":"$out:selectors:0:fields:55:type","value":"1"},{"key":"$out:selectors:0:fields:56:name","value":"AM_WAS1_FRI_PB"},{"key":"$out:selectors:0:fields:56:type","value":"1"},{"key":"$out:selectors:0:fields:57:name","value":"AM_SludgePump_Alarm"},{"key":"$out:selectors:0:fields:57:type","value":"1"},{"key":"$out:selectors:0:fields:58:name","value":"AM_SludgePump_Status"},{"key":"$out:selectors:0:fields:58:type","value":"1"},{"key":"$out:selectors:0:fields:59:name","value":"AM_SRG_AB_VALVE"},{"key":"$out:selectors:0:fields:59:type","value":"1"},{"key":"$out:selectors:0:fields:5:name","value":"AM_WAS1_WED_PB"},{"key":"$out:selectors:0:fields:5:type","value":"1"},{"key":"$out:selectors:0:fields:60:name","value":"AM_SURGE_HIGH_ALARM"},{"key":"$out:selectors:0:fields:60:type","value":"1"},{"key":"$out:selectors:0:fields:61:name","value":"AM_TANKA_HIGH_ALARM"},{"key":"$out:selectors:0:fields:61:type","value":"1"},{"key":"$out:selectors:0:fields:62:name","value":"AM_TANKB_HIGH_ALARM"},{"key":"$out:selectors:0:fields:62:type","value":"1"},{"key":"$out:selectors:0:fields:63:name","value":"AM_WASA_VALVE"},{"key":"$out:selectors:0:fields:63:type","value":"1"},{"key":"$out:selectors:0:fields:64:name","value":"MCC_SRFRNG_S"},{"key":"$out:selectors:0:fields:64:type","value":"1"},{"key":"$out:selectors:0:fields:65:name","value":"AM_WASB_VALVE"},{"key":"$out:selectors:0:fields:65:type","value":"1"},{"key":"$out:selectors:0:fields:66:name","value":"AM_WaterPump_Alarm"},{"key":"$out:selectors:0:fields:66:type","value":"1"},{"key":"$out:selectors:0:fields:67:name","value":"AM_WAS1_MON_PB"},{"key":"$out:selectors:0:fields:67:type","value":"1"},{"key":"$out:selectors:0:fields:68:name","value":"AM_WaterPump_Status"},{"key":"$out:selectors:0:fields:68:type","value":"1"},{"key":"$out:selectors:0:fields:69:name","value":"MCC_TSNPRDY_S"},{"key":"$out:selectors:0:fields:69:type","value":"1"},{"key":"$out:selectors:0:fields:6:name","value":"GK_CLASSRNG_S"},{"key":"$out:selectors:0:fields:6:type","value":"1"},{"key":"$out:selectors:0:fields:70:name","value":"MCC_TSSTDBY_S"},{"key":"$out:selectors:0:fields:70:type","value":"1"},{"key":"$out:selectors:0:fields:71:name","value":"AM_WAS1_SAT_PB"},{"key":"$out:selectors:0:fields:71:type","value":"1"},{"key":"$out:selectors:0:fields:72:name","value":"AM_WAS1_SUN_PB"},{"key":"$out:selectors:0:fields:72:type","value":"1"},{"key":"$out:selectors:0:fields:7:name","value":"GK_FVO_S"},{"key":"$out:selectors:0:fields:7:type","value":"1"},{"key":"$out:selectors:0:fields:8:name","value":"GK_GSF_S.IN"},{"key":"$out:selectors:0:fields:8:type","value":"1"},{"key":"$out:selectors:0:fields:9:name","value":"GK_PMPRNG_S"},{"key":"$out:selectors:0:fields:9:type","value":"1"},{"key":"$out:selectors:0:schemaType","value":"0"},{"key":"$out:selectors:0:selector","value":"0"},{"key":"name","value":"PLC Read - Fast"},{"key":"x","value":"500"},{"key":"y","value":"0"}]},{"id":"8d61f254-c7a6-4572-88f3-0f3fc8aa9893","kind":"plc/read","configuration":[{"key":"$version","value":"1"},{"key":"ids:0","value":"6a3b66a0-3351-4b14-9389-2104104fe20e"},{"key":"resource","value":"eb6360e2-318e-4ba4-8a25-1301b8ebb229"}],"metadata":[{"key":"$in:schemaType","value":"1"},{"key":"$out:selectors:0:fields:0:name","value":"AM_PDB1_FEEDBACK"},{"key":"$out:selectors:0:fields:0:type","value":"7"},{"key":"$out:selectors:0:fields:10:name","value":"AM_BP_RTM_HRS"},{"key":"$out:selectors:0:fields:10:type","value":"5"},{"key":"$out:selectors:0:fields:11:name","value":"AM_BP_RTM_MINS"},{"key":"$out:selectors:0:fields:11:type","value":"5"},{"key":"$out:selectors:0:fields:12:name","value":"UV_SIGNAL2_AI"},{"key":"$out:selectors:0:fields:12:type","value":"7"},{"key":"$out:selectors:0:fields:13:name","value":"AM_HW_TEMP_AI"},{"key":"$out:selectors:0:fields:13:type","value":"7"},{"key":"$out:selectors:0:fields:14:name","value":"AM_POLYMER_SPEED"},{"key":"$out:selectors:0:fields:14:type","value":"5"},{"key":"$out:selectors:0:fields:15:name","value":"AM_PR_TEMP_AI"},{"key":"$out:selectors:0:fields:15:type","value":"7"},{"key":"$out:selectors:0:fields:16:name","value":"AM_PDB4_FEEDBACK"},{"key":"$out:selectors:0:fields:16:type","value":"7"},{"key":"$out:selectors:0:fields:17:name","value":"AM_SLUDGEPRESS_DAILY"},{"key":"$out:selectors:0:fields:17:type","value":"11"},{"key":"$out:selectors:0:fields:18:name","value":"AM_SludgePump_Rate"},{"key":"$out:selectors:0:fields:18:type","value":"5"},{"key":"$out:selectors:0:fields:19:name","value":"AM_TA_DO_AI"},{"key":"$out:selectors:0:fields:19:type","value":"11"},{"key":"$out:selectors:0:fields:1:name","value":"AM_PDB2_FEEDBACK"},{"key":"$out:selectors:0:fields:1:type","value":"7"},{"key":"$out:selectors:0:fields:20:name","value":"AM_TB_DO_AI"},{"key":"$out:selectors:0:fields:20:type","value":"11"},{"key":"$out:selectors:0:fields:21:name","value":"AM_WAS1_PAUSE_REMAIN"},{"key":"$out:selectors:0:fields:21:type","value":"11"},{"key":"$out:selectors:0:fields:22:name","value":"AM_WAS1_SETTLE_REMAIN"},{"key":"$out:selectors:0:fields:22:type","value":"11"},{"key":"$out:selectors:0:fields:23:name","value":"HW_INFLUENT"},{"key":"$out:selectors:0:fields:23:type","value":"11"},{"key":"$out:selectors:0:fields:24:name","value":"AM_WASA_ON_REMAIN"},{"key":"$out:selectors:0:fields:24:type","value":"11"},{"key":"$out:selectors:0:fields:25:name","value":"AM_WASB_ON_REMAIN"},{"key":"$out:selectors:0:fields:25:type","value":"11"},{"key":"$out:selectors:0:fields:26:name","value":"AM_PDB1_STATUS"},{"key":"$out:selectors:0:fields:26:type","value":"5"},{"key":"$out:selectors:0:fields:27:name","value":"AM_PDB2_STATUS"},{"key":"$out:selectors:0:fields:27:type","value":"5"},{"key":"$out:selectors:0:fields:28:name","value":"AM_PDB3_STATUS"},{"key":"$out:selectors:0:fields:28:type","value":"5"},{"key":"$out:selectors:0:fields:29:name","value":"AM_PDB4_STATUS"},{"key":"$out:selectors:0:fields:29:type","value":"5"},{"key":"$out:selectors:0:fields:2:name","value":"AM_RASAB2_ON_DISPLAY"},{"key":"$out:selectors:0:fields:2:type","value":"11"},{"key":"$out:selectors:0:fields:30:name","value":"UV_SIGNAL1_AI"},{"key":"$out:selectors:0:fields:30:type","value":"7"},{"key":"$out:selectors:0:fields:31:name","value":"HW_INFLUENT_TTLZR.CurDay"},{"key":"$out:selectors:0:fields:31:type","value":"11"},{"key":"$out:selectors:0:fields:32:name","value":"HW_INFLUENT_TTLZR.YesDay"},{"key":"$out:selectors:0:fields:32:type","value":"11"},{"key":"$out:selectors:0:fields:33:name","value":"UV_ROOM_TEMP_AI"},{"key":"$out:selectors:0:fields:33:type","value":"7"},{"key":"$out:selectors:0:fields:34:name","value":"AM_RASAB1_OFF_DISPLAY"},{"key":"$out:selectors:0:fields:34:type","value":"11"},{"key":"$out:selectors:0:fields:35:name","value":"AM_RASAB1_ON_DISPLAY"},{"key":"$out:selectors:0:fields:35:type","value":"11"},{"key":"$out:selectors:0:fields:36:name","value":"AM_RASAB2_OFF_DISPLAY"},{"key":"$out:selectors:0:fields:36:type","value":"11"},{"key":"$out:selectors:0:fields:37:name","value":"AM_WAS1_ON_REMAIN"},{"key":"$out:selectors:0:fields:37:type","value":"11"},{"key":"$out:selectors:0:fields:38:name","value":"AM_WAS1_ON_SETPOINT"},{"key":"$out:selectors:0:fields:38:type","value":"11"},{"key":"$out:selectors:0:fields:39:name","value":"AM_WAS1_PAUSE_SETPOINT"},{"key":"$out:selectors:0:fields:39:type","value":"11"},{"key":"$out:selectors:0:fields:3:name","value":"AM_RAS1_OFF_TIME"},{"key":"$out:selectors:0:fields:3:type","value":"11"},{"key":"$out:selectors:0:fields:40:name","value":"AM_WAS1_SETTLE_SETPOINT"},{"key":"$out:selectors:0:fields:40:type","value":"11"},{"key":"$out:selectors:0:fields:41:name","value":"AM_WAS1_START_HR"},{"key":"$out:selectors:0:fields:41:type","value":"7"},{"key":"$out:selectors:0:fields:42:name","value":"AM_WAS1_START_MIN"},{"key":"$out:selectors:0:fields:42:type","value":"7"},{"key":"$out:selectors:0:fields:4:name","value":"AM_PDB3_FEEDBACK"},{"key":"$out:selectors:0:fields:4:type","value":"7"},{"key":"$out:selectors:0:fields:5:name","value":"AM_RAS1_ON_TIME"},{"key":"$out:selectors:0:fields:5:type","value":"11"},{"key":"$out:selectors:0:fields:6:name","value":"AM_SEQ1_OFF_TOTAL"},{"key":"$out:selectors:0:fields:6:type","value":"11"},{"key":"$out:selectors:0:fields:7:name","value":"AM_SEQ1_ON_TOTAL"},{"key":"$out:selectors:0:fields:7:type","value":"11"},{"key":"$out:selectors:0:fields:8:name","value":"AM_SEQ2_OFF_TOTAL"},{"key":"$out:selectors:0:fields:8:type","value":"11"},{"key":"$out:selectors:0:fields:9:name","value":"AM_SEQ2_ON_TOTAL"},{"key":"$out:selectors:0:fields:9:type","value":"11"},{"key":"$out:selectors:0:schemaType","value":"0"},{"key":"$out:selectors:0:selector","value":"0"},{"key":"name","value":"PLC Read - Slow"},{"key":"x","value":"500"},{"key":"y","value":"125"}]},{"id":"9f3d2fe9-6837-43d2-963d-75e612fbfb51","kind":"std/timer","configuration":[{"key":"count","value":"0"},{"key":"interval","value":"30000"}],"metadata":[{"key":"$in:schemaType","value":"2"},{"key":"name","value":"Timer - Slow (30ms)"},{"key":"x","value":"250"},{"key":"y","value":"125"}]},{"id":"a7dc403e-b4c0-4a26-89d9-e643c1344968","kind":"std/http","configuration":[{"key":"$version","value":"1"},{"key":"contentColumn","value":"WastewaterPlant"},{"key":"contentEncoding","value":"0"},{"key":"contentSource","value":"1"},{"key":"contentTemplate","value":""},{"key":"contentType","value":"plain/text"},{"key":"headers:Content-Type","value":"text/plain"},{"key":"headers:User-Agent","value":"AnyLog/1.23"},{"key":"headers:dbms","value":"smart_city"},{"key":"headers:mode","value":"streaming"},{"key":"headers:table","value":"CoS_WWP"},{"key":"headers:type","value":"json"},{"key":"method","value":"put"},{"key":"resource","value":"88c632dd-21ac-43e3-956a-203f6e0581ef"},{"key":"url","value":""}],"metadata":[{"key":"$in:fields:0:name","value":"WastewaterPlant"},{"key":"$in:fields:0:type","value":"13"},{"key":"$in:schemaType","value":"0"},{"key":"$out:selectors:0:fields:0:name","value":"Timestamp"},{"key":"$out:selectors:0:fields:0:type","value":"9"},{"key":"$out:selectors:0:fields:1:name","value":"StatusCode"},{"key":"$out:selectors:0:fields:1:type","value":"9"},{"key":"$out:selectors:0:fields:2:name","value":"ContentType"},{"key":"$out:selectors:0:fields:2:type","value":"13"},{"key":"$out:selectors:0:fields:3:name","value":"Content"},{"key":"$out:selectors:0:fields:3:type","value":"13"},{"key":"$out:selectors:0:schemaType","value":"0"},{"key":"$out:selectors:0:selector","value":"0"},{"key":"$out:selectors:1:schemaType","value":"1"},{"key":"$out:selectors:1:selector","value":"1"},{"key":"name","value":"HTTP Request - AnyLog"},{"key":"x","value":"1000"},{"key":"y","value":"0"}]},{"id":"af48874f-65c6-41f5-8922-76ae357ad0d3","kind":"std/timer","configuration":[{"key":"count","value":"0"},{"key":"interval","value":"10000"}],"metadata":[{"key":"$in:schemaType","value":"2"},{"key":"name","value":"Timer - Fast (10ms)"},{"key":"x","value":"250"},{"key":"y","value":"0"}]},{"id":"c0455e82-7fee-4722-be38-985c46b6fc2a","kind":"std/log","configuration":[{"key":"level","value":"info"},{"key":"template","value":"HTTP Success"}],"metadata":[{"key":"$in:schemaType","value":"2"},{"key":"name","value":"Log Success"},{"key":"x","value":"1250"},{"key":"y","value":"0"}]},{"id":"e1c0d836-66c6-4354-8aef-ade1465c967c","kind":"script/execute","configuration":[{"key":"definition:engine","value":"csharp"},{"key":"definition:filesystem:allow","value":"false"},{"key":"definition:id","value":"1e647c1a-ecf5-4f04-a42f-7cb6454818a6"},{"key":"definition:location","value":"inline"},{"key":"definition:network:allow","value":"false"},{"key":"definition:runtime:background","value":"false"},{"key":"definition:runtime:debug","value":"false"},{"key":"definition:runtime:maxExecutionTime","value":"0"},{"key":"definition:source","value":"using Dynics.Arrow;\n\npublic class Script\n{\n    private static readonly string columnName = \u0022WastewaterPlant\u0022;\n\n    public static async Task ExecuteAsync(IScriptContext context, RecordBatch recordBatch, CancellationToken cancellationToken)\n    {\n        // New record builder\n        var builder = new RecordBatch.Builder();\n\n        string json = \u0022{\u0022;\n        \n        foreach (KeyValuePair\u003Cstring, Field\u003E fieldKvPair in recordBatch.Schema.Fields)\n        {\n            var field = fieldKvPair.Value;\n\n            json \u002B= \u0022\\\u0022\u0022 \u002B field.Name.Replace(\u0022.\u0022, \u0022_\u0022) \u002B \u0022\\\u0022:\u0022 \u002B recordBatch.Column(field.Name).GetValue(0);\n\n            if (!fieldKvPair.Equals(recordBatch.Schema.Fields.Last()))\n                json \u002B= \u0027,\u0027;\n        }\n\n        json \u002B= \u0027}\u0027;\n\n        builder.Append\u003CStringArray\u003E(columnName,false,x=\u003E x.String(s=\u003Es.Append(json)));\n\n        // Emit the result\n        await context.EmitAsync(builder.Build());\n    }\n}"}],"metadata":[{"key":"$in:schemaType","value":"1"},{"key":"name","value":"Script"},{"key":"x","value":"750"},{"key":"y","value":"0"}]},{"id":"114cf80c-9262-4237-9b05-a47ff8303273","kind":"std/log","configuration":[{"key":"level","value":"info"},{"key":"template","value":"HTTP Error"}],"metadata":[{"key":"$in:schemaType","value":"2"},{"key":"name","value":"Log Error"},{"key":"x","value":"1250"},{"key":"y","value":"125"}]},{"id":"f6412640-6614-4161-b94b-f1864406c892","kind":"std/http","configuration":[{"key":"$version","value":"1"},{"key":"contentColumn","value":"WastewaterPlant"},{"key":"contentEncoding","value":"0"},{"key":"contentSource","value":"1"},{"key":"contentTemplate","value":""},{"key":"contentType","value":"plain/text"},{"key":"headers:Content-Type","value":"text/plain"},{"key":"headers:User-Agent","value":"AnyLog/1.23"},{"key":"headers:dbms","value":"cos"},{"key":"headers:mode","value":"streaming"},{"key":"headers:table","value":"CoS_WWP"},{"key":"headers:type","value":"json"},{"key":"method","value":"put"},{"key":"resource","value":"6b5b2714-e03a-47f0-8bca-affc822f3dfd"},{"key":"url","value":""}],"metadata":[{"key":"$in:fields:0:name","value":"WastewaterPlant"},{"key":"$in:fields:0:type","value":"13"},{"key":"$in:schemaType","value":"0"},{"key":"$out:selectors:0:fields:0:name","value":"Timestamp"},{"key":"$out:selectors:0:fields:0:type","value":"9"},{"key":"$out:selectors:0:fields:1:name","value":"StatusCode"},{"key":"$out:selectors:0:fields:1:type","value":"9"},{"key":"$out:selectors:0:fields:2:name","value":"ContentType"},{"key":"$out:selectors:0:fields:2:type","value":"13"},{"key":"$out:selectors:0:fields:3:name","value":"Content"},{"key":"$out:selectors:0:fields:3:type","value":"13"},{"key":"$out:selectors:0:schemaType","value":"0"},{"key":"$out:selectors:0:selector","value":"0"},{"key":"$out:selectors:1:schemaType","value":"1"},{"key":"$out:selectors:1:selector","value":"1"},{"key":"name","value":"HTTP Request"},{"key":"x","value":"1000"},{"key":"y","value":"125"}]}],"pipes":[{"id":"0947892d-bb6d-429d-993e-473f1eb7f4e5","sourceId":"78c53d65-9a5e-4880-a89e-53c336694d54","sinkId":"e1c0d836-66c6-4354-8aef-ade1465c967c","selector":0},{"id":"80a940f8-0813-4f8c-923b-f6976ee2f55c","sourceId":"a7dc403e-b4c0-4a26-89d9-e643c1344968","sinkId":"c0455e82-7fee-4722-be38-985c46b6fc2a","selector":0},{"id":"c63a99cf-1e4b-435d-a429-65d6f93b4924","sourceId":"6bf22b80-b7a2-451b-b46c-e00297d08a8c","sinkId":"9f3d2fe9-6837-43d2-963d-75e612fbfb51","selector":-1},{"id":"d263f159-e475-43ff-b457-c4114d8f0f5a","sourceId":"e1c0d836-66c6-4354-8aef-ade1465c967c","sinkId":"a7dc403e-b4c0-4a26-89d9-e643c1344968","selector":2},{"id":"e64a9937-307c-46b6-a210-0834e94b1384","sourceId":"8d61f254-c7a6-4572-88f3-0f3fc8aa9893","sinkId":"e1c0d836-66c6-4354-8aef-ade1465c967c","selector":0},{"id":"e65507a1-03d2-434d-9fef-b38f474493c8","sourceId":"af48874f-65c6-41f5-8922-76ae357ad0d3","sinkId":"78c53d65-9a5e-4880-a89e-53c336694d54","selector":-1},{"id":"eb3601e3-4533-4d6c-a3b2-4680b2967ee6","sourceId":"9f3d2fe9-6837-43d2-963d-75e612fbfb51","sinkId":"8d61f254-c7a6-4572-88f3-0f3fc8aa9893","selector":-1},{"id":"f3b3c75b-1e89-4ef3-a140-1494ceba66aa","sourceId":"6bf22b80-b7a2-451b-b46c-e00297d08a8c","sinkId":"af48874f-65c6-41f5-8922-76ae357ad0d3","selector":-1},{"id":"9fa7ca05-e154-40f0-b0e3-0d4f583cbbaf","sourceId":"e1c0d836-66c6-4354-8aef-ade1465c967c","sinkId":"f6412640-6614-4161-b94b-f1864406c892","selector":2},{"id":"b54226cc-7182-4d5e-9d46-bc6d985b20e4","sourceId":"f6412640-6614-4161-b94b-f1864406c892","sinkId":"c0455e82-7fee-4722-be38-985c46b6fc2a","selector":0},{"id":"d3336152-8983-46f4-8109-cc8a5976235c","sourceId":"a7dc403e-b4c0-4a26-89d9-e643c1344968","sinkId":"114cf80c-9262-4237-9b05-a47ff8303273","selector":1},{"id":"dac4b85b-13df-424c-a884-4d9b09f813f1","sourceId":"f6412640-6614-4161-b94b-f1864406c892","sinkId":"114cf80c-9262-4237-9b05-a47ff8303273","selector":1}],"id":"c59b0690-3997-447c-b6d6-939d82caea7a","dateCreated":"0001-01-01T00:00:00","dateLastModified":"0001-01-01T00:00:00"}],"pipelineJobs":[{"pipelineTopologyId":"3c613313-47cb-4b1f-99df-cfb5d16c9e9b","status":4,"dateStarted":"2024-08-05T21:00:48.0875854","alertSummary":[{"severity":2,"count":0},{"severity":3,"count":0},{"severity":0,"count":0},{"severity":1,"count":0}],"id":"757964e3-895c-4d44-8e6f-3a074555648a","dateCreated":"2024-08-05T21:00:48.0823913","dateLastModified":"2024-08-05T21:00:48.0823913"}]}