{"version":1,"request":{"fileName":"flow-koreWastewaterSlowupdates-20240524-151658.json","pipelineIds":["8fa0e412-a918-4477-bc4c-f5a65366f3cd"]},"dashboards":[],"resources":[],"pipelines":[{"entryPointId":"c71f815d-c559-4b4b-bfee-e9e4e20a79fc","dateLastExecuted":"2024-05-24T12:59:18.2734374","metadata":[{"key":"description","value":"Values with slow update time"},{"key":"name","value":"KORE - Wastewater - SlowUpdates"}],"operators":[{"id":"204a3674-d540-4d42-98df-885a0232bf65","pipelineTopologyId":"8fa0e412-a918-4477-bc4c-f5a65366f3cd","kind":"std/log","configuration":[{"key":"level","value":"info"},{"key":"template","value":"MQTT Log Success"}],"metadata":[{"key":"$in:schemaType","value":"2"},{"key":"name","value":"Log"},{"key":"x","value":"575"},{"key":"y","value":"125"}]},{"id":"25829301-f43f-48e8-9184-7f2b659e6dc4","pipelineTopologyId":"8fa0e412-a918-4477-bc4c-f5a65366f3cd","kind":"std/log","configuration":[{"key":"level","value":"info"},{"key":"template","value":"Log Event - Slow"}],"metadata":[{"key":"$in:schemaType","value":"2"},{"key":"name","value":"Log Trigger Slow"},{"key":"x","value":"500"},{"key":"y","value":"-200"}]},{"id":"2a0b9709-d117-489f-a7aa-87fa2eb41162","pipelineTopologyId":"8fa0e412-a918-4477-bc4c-f5a65366f3cd","kind":"plc/read","configuration":[{"key":"$version","value":"1"},{"key":"ids:0","value":"6a3b66a0-3351-4b14-9389-2104104fe20e"},{"key":"resource","value":"8425671f-73fe-4159-8cb9-813749f59ab0"}],"metadata":[{"key":"$in:schemaType","value":"1"},{"key":"$out:selectors:0:fields:0:name","value":"AM_PDB1_FEEDBACK"},{"key":"$out:selectors:0:fields:0:type","value":"7"},{"key":"$out:selectors:0:fields:10:name","value":"AM_BP_RTM_HRS"},{"key":"$out:selectors:0:fields:10:type","value":"5"},{"key":"$out:selectors:0:fields:11:name","value":"AM_BP_RTM_MINS"},{"key":"$out:selectors:0:fields:11:type","value":"5"},{"key":"$out:selectors:0:fields:12:name","value":"UV_SIGNAL2_AI"},{"key":"$out:selectors:0:fields:12:type","value":"7"},{"key":"$out:selectors:0:fields:13:name","value":"AM_HW_TEMP_AI"},{"key":"$out:selectors:0:fields:13:type","value":"7"},{"key":"$out:selectors:0:fields:14:name","value":"AM_POLYMER_SPEED"},{"key":"$out:selectors:0:fields:14:type","value":"5"},{"key":"$out:selectors:0:fields:15:name","value":"AM_PR_TEMP_AI"},{"key":"$out:selectors:0:fields:15:type","value":"7"},{"key":"$out:selectors:0:fields:16:name","value":"AM_PDB4_FEEDBACK"},{"key":"$out:selectors:0:fields:16:type","value":"7"},{"key":"$out:selectors:0:fields:17:name","value":"AM_SLUDGEPRESS_DAILY"},{"key":"$out:selectors:0:fields:17:type","value":"11"},{"key":"$out:selectors:0:fields:18:name","value":"AM_SludgePump_Rate"},{"key":"$out:selectors:0:fields:18:type","value":"5"},{"key":"$out:selectors:0:fields:19:name","value":"AM_TA_DO_AI"},{"key":"$out:selectors:0:fields:19:type","value":"11"},{"key":"$out:selectors:0:fields:1:name","value":"AM_PDB2_FEEDBACK"},{"key":"$out:selectors:0:fields:1:type","value":"7"},{"key":"$out:selectors:0:fields:20:name","value":"AM_TB_DO_AI"},{"key":"$out:selectors:0:fields:20:type","value":"11"},{"key":"$out:selectors:0:fields:21:name","value":"AM_WAS1_PAUSE_REMAIN"},{"key":"$out:selectors:0:fields:21:type","value":"11"},{"key":"$out:selectors:0:fields:22:name","value":"AM_WAS1_SETTLE_REMAIN"},{"key":"$out:selectors:0:fields:22:type","value":"11"},{"key":"$out:selectors:0:fields:23:name","value":"HW_INFLUENT"},{"key":"$out:selectors:0:fields:23:type","value":"11"},{"key":"$out:selectors:0:fields:24:name","value":"AM_WASA_ON_REMAIN"},{"key":"$out:selectors:0:fields:24:type","value":"11"},{"key":"$out:selectors:0:fields:25:name","value":"AM_WASB_ON_REMAIN"},{"key":"$out:selectors:0:fields:25:type","value":"11"},{"key":"$out:selectors:0:fields:26:name","value":"AM_PDB1_STATUS"},{"key":"$out:selectors:0:fields:26:type","value":"5"},{"key":"$out:selectors:0:fields:27:name","value":"AM_PDB2_STATUS"},{"key":"$out:selectors:0:fields:27:type","value":"5"},{"key":"$out:selectors:0:fields:28:name","value":"AM_PDB3_STATUS"},{"key":"$out:selectors:0:fields:28:type","value":"5"},{"key":"$out:selectors:0:fields:29:name","value":"AM_PDB4_STATUS"},{"key":"$out:selectors:0:fields:29:type","value":"5"},{"key":"$out:selectors:0:fields:2:name","value":"AM_RASAB2_ON_DISPLAY"},{"key":"$out:selectors:0:fields:2:type","value":"11"},{"key":"$out:selectors:0:fields:30:name","value":"UV_SIGNAL1_AI"},{"key":"$out:selectors:0:fields:30:type","value":"7"},{"key":"$out:selectors:0:fields:31:name","value":"HW_INFLUENT_TTLZR.CurDay"},{"key":"$out:selectors:0:fields:31:type","value":"11"},{"key":"$out:selectors:0:fields:32:name","value":"HW_INFLUENT_TTLZR.YesDay"},{"key":"$out:selectors:0:fields:32:type","value":"11"},{"key":"$out:selectors:0:fields:33:name","value":"UV_ROOM_TEMP_AI"},{"key":"$out:selectors:0:fields:33:type","value":"7"},{"key":"$out:selectors:0:fields:34:name","value":"AM_RASAB1_OFF_DISPLAY"},{"key":"$out:selectors:0:fields:34:type","value":"11"},{"key":"$out:selectors:0:fields:35:name","value":"AM_RASAB1_ON_DISPLAY"},{"key":"$out:selectors:0:fields:35:type","value":"11"},{"key":"$out:selectors:0:fields:36:name","value":"AM_RASAB2_OFF_DISPLAY"},{"key":"$out:selectors:0:fields:36:type","value":"11"},{"key":"$out:selectors:0:fields:3:name","value":"AM_RAS1_OFF_TIME"},{"key":"$out:selectors:0:fields:3:type","value":"11"},{"key":"$out:selectors:0:fields:4:name","value":"AM_PDB3_FEEDBACK"},{"key":"$out:selectors:0:fields:4:type","value":"7"},{"key":"$out:selectors:0:fields:5:name","value":"AM_RAS1_ON_TIME"},{"key":"$out:selectors:0:fields:5:type","value":"11"},{"key":"$out:selectors:0:fields:6:name","value":"AM_SEQ1_OFF_TOTAL"},{"key":"$out:selectors:0:fields:6:type","value":"11"},{"key":"$out:selectors:0:fields:7:name","value":"AM_SEQ1_ON_TOTAL"},{"key":"$out:selectors:0:fields:7:type","value":"11"},{"key":"$out:selectors:0:fields:8:name","value":"AM_SEQ2_OFF_TOTAL"},{"key":"$out:selectors:0:fields:8:type","value":"11"},{"key":"$out:selectors:0:fields:9:name","value":"AM_SEQ2_ON_TOTAL"},{"key":"$out:selectors:0:fields:9:type","value":"11"},{"key":"$out:selectors:0:schemaType","value":"0"},{"key":"$out:selectors:0:selector","value":"0"},{"key":"name","value":"PLC Read"},{"key":"x","value":"125"},{"key":"y","value":"-100"}]},{"id":"2b708711-fd4a-4426-9a9e-a1893631cd9d","pipelineTopologyId":"8fa0e412-a918-4477-bc4c-f5a65366f3cd","kind":"std/log","configuration":[{"key":"level","value":"error"},{"key":"template","value":"MQTT Log Error"}],"metadata":[{"key":"$in:schemaType","value":"2"},{"key":"name","value":"Log"},{"key":"x","value":"575"},{"key":"y","value":"250"}]},{"id":"4272f0d2-dc24-4f05-ae9b-19589f782784","pipelineTopologyId":"8fa0e412-a918-4477-bc4c-f5a65366f3cd","kind":"std/literal","configuration":[{"key":"columns:0:arrowTypeId","value":"7"},{"key":"columns:0:name","value":"id"},{"key":"columns:0:value","value":"914"}],"metadata":[{"key":"$in:schemaType","value":"2"},{"key":"$out:selectors:0:fields:0:name","value":"AM_PDB1_FEEDBACK"},{"key":"$out:selectors:0:fields:0:type","value":"7"},{"key":"$out:selectors:0:fields:10:name","value":"AM_TA_DO_AI"},{"key":"$out:selectors:0:fields:10:type","value":"11"},{"key":"$out:selectors:0:fields:11:name","value":"AM_PDB2_FEEDBACK"},{"key":"$out:selectors:0:fields:11:type","value":"7"},{"key":"$out:selectors:0:fields:12:name","value":"AM_TB_DO_AI"},{"key":"$out:selectors:0:fields:12:type","value":"11"},{"key":"$out:selectors:0:fields:13:name","value":"AM_WAS1_PAUSE_REMAIN"},{"key":"$out:selectors:0:fields:13:type","value":"11"},{"key":"$out:selectors:0:fields:14:name","value":"AM_WAS1_SETTLE_REMAIN"},{"key":"$out:selectors:0:fields:14:type","value":"11"},{"key":"$out:selectors:0:fields:15:name","value":"HW_INFLUENT"},{"key":"$out:selectors:0:fields:15:type","value":"11"},{"key":"$out:selectors:0:fields:16:name","value":"AM_WASA_ON_REMAIN"},{"key":"$out:selectors:0:fields:16:type","value":"11"},{"key":"$out:selectors:0:fields:17:name","value":"AM_WASB_ON_REMAIN"},{"key":"$out:selectors:0:fields:17:type","value":"11"},{"key":"$out:selectors:0:fields:18:name","value":"AM_PDB1_STATUS"},{"key":"$out:selectors:0:fields:18:type","value":"5"},{"key":"$out:selectors:0:fields:19:name","value":"AM_PDB2_STATUS"},{"key":"$out:selectors:0:fields:19:type","value":"5"},{"key":"$out:selectors:0:fields:1:name","value":"AM_BP_RTM_HRS"},{"key":"$out:selectors:0:fields:1:type","value":"5"},{"key":"$out:selectors:0:fields:20:name","value":"AM_PDB3_STATUS"},{"key":"$out:selectors:0:fields:20:type","value":"5"},{"key":"$out:selectors:0:fields:21:name","value":"AM_PDB4_STATUS"},{"key":"$out:selectors:0:fields:21:type","value":"5"},{"key":"$out:selectors:0:fields:22:name","value":"AM_RASAB2_ON_DISPLAY"},{"key":"$out:selectors:0:fields:22:type","value":"11"},{"key":"$out:selectors:0:fields:23:name","value":"UV_SIGNAL1_AI"},{"key":"$out:selectors:0:fields:23:type","value":"7"},{"key":"$out:selectors:0:fields:24:name","value":"HW_INFLUENT_TTLZR.CurDay"},{"key":"$out:selectors:0:fields:24:type","value":"11"},{"key":"$out:selectors:0:fields:25:name","value":"HW_INFLUENT_TTLZR.YesDay"},{"key":"$out:selectors:0:fields:25:type","value":"11"},{"key":"$out:selectors:0:fields:26:name","value":"UV_ROOM_TEMP_AI"},{"key":"$out:selectors:0:fields:26:type","value":"7"},{"key":"$out:selectors:0:fields:27:name","value":"AM_RASAB1_OFF_DISPLAY"},{"key":"$out:selectors:0:fields:27:type","value":"11"},{"key":"$out:selectors:0:fields:28:name","value":"AM_RASAB1_ON_DISPLAY"},{"key":"$out:selectors:0:fields:28:type","value":"11"},{"key":"$out:selectors:0:fields:29:name","value":"AM_RASAB2_OFF_DISPLAY"},{"key":"$out:selectors:0:fields:29:type","value":"11"},{"key":"$out:selectors:0:fields:2:name","value":"AM_BP_RTM_MINS"},{"key":"$out:selectors:0:fields:2:type","value":"5"},{"key":"$out:selectors:0:fields:30:name","value":"AM_RAS1_OFF_TIME"},{"key":"$out:selectors:0:fields:30:type","value":"11"},{"key":"$out:selectors:0:fields:31:name","value":"AM_PDB3_FEEDBACK"},{"key":"$out:selectors:0:fields:31:type","value":"7"},{"key":"$out:selectors:0:fields:32:name","value":"AM_RAS1_ON_TIME"},{"key":"$out:selectors:0:fields:32:type","value":"11"},{"key":"$out:selectors:0:fields:33:name","value":"AM_SEQ1_OFF_TOTAL"},{"key":"$out:selectors:0:fields:33:type","value":"11"},{"key":"$out:selectors:0:fields:34:name","value":"AM_SEQ1_ON_TOTAL"},{"key":"$out:selectors:0:fields:34:type","value":"11"},{"key":"$out:selectors:0:fields:35:name","value":"AM_SEQ2_OFF_TOTAL"},{"key":"$out:selectors:0:fields:35:type","value":"11"},{"key":"$out:selectors:0:fields:36:name","value":"AM_SEQ2_ON_TOTAL"},{"key":"$out:selectors:0:fields:36:type","value":"11"},{"key":"$out:selectors:0:fields:37:name","value":"id"},{"key":"$out:selectors:0:fields:37:type","value":"7"},{"key":"$out:selectors:0:fields:3:name","value":"UV_SIGNAL2_AI"},{"key":"$out:selectors:0:fields:3:type","value":"7"},{"key":"$out:selectors:0:fields:4:name","value":"AM_HW_TEMP_AI"},{"key":"$out:selectors:0:fields:4:type","value":"7"},{"key":"$out:selectors:0:fields:5:name","value":"AM_POLYMER_SPEED"},{"key":"$out:selectors:0:fields:5:type","value":"5"},{"key":"$out:selectors:0:fields:6:name","value":"AM_PR_TEMP_AI"},{"key":"$out:selectors:0:fields:6:type","value":"7"},{"key":"$out:selectors:0:fields:7:name","value":"AM_PDB4_FEEDBACK"},{"key":"$out:selectors:0:fields:7:type","value":"7"},{"key":"$out:selectors:0:fields:8:name","value":"AM_SLUDGEPRESS_DAILY"},{"key":"$out:selectors:0:fields:8:type","value":"11"},{"key":"$out:selectors:0:fields:9:name","value":"AM_SludgePump_Rate"},{"key":"$out:selectors:0:fields:9:type","value":"5"},{"key":"$out:selectors:0:schemaType","value":"0"},{"key":"$out:selectors:0:selector","value":"0"},{"key":"$out:selectors:1:schemaType","value":"1"},{"key":"$out:selectors:1:selector","value":"1"},{"key":"name","value":"Literal"},{"key":"x","value":"100"},{"key":"y","value":"25"}]},{"id":"5040edfd-e633-4b46-94e8-2d75716883ba","pipelineTopologyId":"8fa0e412-a918-4477-bc4c-f5a65366f3cd","kind":"std/timer","configuration":[{"key":"count","value":"0"},{"key":"interval","value":"10000"}],"metadata":[{"key":"$in:schemaType","value":"2"},{"key":"name","value":"Timer"},{"key":"x","value":"125"},{"key":"y","value":"-200"}]},{"id":"5347ac64-52d5-48ac-8398-cc739e608a84","pipelineTopologyId":"8fa0e412-a918-4477-bc4c-f5a65366f3cd","kind":"std/timestamp","configuration":[{"key":"columnName","value":"Timestamp"}],"metadata":[{"key":"$in:schemaType","value":"2"},{"key":"$out:selectors:0:fields:0:name","value":"ChemicalScale1AI.PV"},{"key":"$out:selectors:0:fields:0:type","value":"11"},{"key":"$out:selectors:0:fields:10:name","value":"pHAI.PV"},{"key":"$out:selectors:0:fields:10:type","value":"11"},{"key":"$out:selectors:0:fields:11:name","value":"CombinedChlorinatorAI.PV"},{"key":"$out:selectors:0:fields:11:type","value":"11"},{"key":"$out:selectors:0:fields:12:name","value":"FreeChlorinatorAI.PV"},{"key":"$out:selectors:0:fields:12:type","value":"11"},{"key":"$out:selectors:0:fields:13:name","value":"RawWaterMeterAI.PV"},{"key":"$out:selectors:0:fields:13:type","value":"11"},{"key":"$out:selectors:0:fields:14:name","value":"WaterTowerLevelAI.PV"},{"key":"$out:selectors:0:fields:14:type","value":"11"},{"key":"$out:selectors:0:fields:15:name","value":"CombinedTurbidityAI.PV"},{"key":"$out:selectors:0:fields:15:type","value":"11"},{"key":"$out:selectors:0:fields:16:name","value":"id"},{"key":"$out:selectors:0:fields:16:type","value":"7"},{"key":"$out:selectors:0:fields:17:name","value":"Timestamp"},{"key":"$out:selectors:0:fields:17:type","value":"18"},{"key":"$out:selectors:0:fields:1:name","value":"Filter1TurbidityAI.PV"},{"key":"$out:selectors:0:fields:1:type","value":"11"},{"key":"$out:selectors:0:fields:2:name","value":"Filter2TurbidityAI.PV"},{"key":"$out:selectors:0:fields:2:type","value":"11"},{"key":"$out:selectors:0:fields:3:name","value":"Filter3TurbidityAI.PV"},{"key":"$out:selectors:0:fields:3:type","value":"11"},{"key":"$out:selectors:0:fields:4:name","value":"RawWaterMeterTotalizer.CurDay"},{"key":"$out:selectors:0:fields:4:type","value":"11"},{"key":"$out:selectors:0:fields:5:name","value":"RawWaterMeterTotalizer.YesDay"},{"key":"$out:selectors:0:fields:5:type","value":"11"},{"key":"$out:selectors:0:fields:6:name","value":"CarbonFeeder.SpeedAI.PV"},{"key":"$out:selectors:0:fields:6:type","value":"11"},{"key":"$out:selectors:0:fields:7:name","value":"ChemicalScale2AI.PV"},{"key":"$out:selectors:0:fields:7:type","value":"11"},{"key":"$out:selectors:0:fields:8:name","value":"ChemicalScale3AI.PV"},{"key":"$out:selectors:0:fields:8:type","value":"11"},{"key":"$out:selectors:0:fields:9:name","value":"ChemicalScale4AI.PV"},{"key":"$out:selectors:0:fields:9:type","value":"11"},{"key":"$out:selectors:0:schemaType","value":"0"},{"key":"$out:selectors:0:selector","value":"0"},{"key":"$out:selectors:1:schemaType","value":"1"},{"key":"$out:selectors:1:selector","value":"1"},{"key":"name","value":"Timestamp"},{"key":"x","value":"325"},{"key":"y","value":"25"}]},{"id":"7fc30900-4e06-44ae-b040-16c2f032aea4","pipelineTopologyId":"8fa0e412-a918-4477-bc4c-f5a65366f3cd","kind":"std/log","configuration":[{"key":"level","value":"info"},{"key":"template","value":"Read Tags Success - Slow"}],"metadata":[{"key":"$in:schemaType","value":"2"},{"key":"name","value":"PLC Read Success Slow"},{"key":"x","value":"725"},{"key":"y","value":"-200"}]},{"id":"b9e50eb3-aac4-4f9f-a577-833c99e58664","pipelineTopologyId":"8fa0e412-a918-4477-bc4c-f5a65366f3cd","kind":"script/execute","configuration":[{"key":"definition:engine","value":"csharp"},{"key":"definition:filesystem:allow","value":"false"},{"key":"definition:id","value":"f33a6380-332d-4fb7-b55a-e3c52ddb4e93"},{"key":"definition:location","value":"inline"},{"key":"definition:network:allow","value":"false"},{"key":"definition:runtime:background","value":"false"},{"key":"definition:runtime:debug","value":"false"},{"key":"definition:runtime:maxExecutionTime","value":"0"},{"key":"definition:source","value":"using Dynics.Arrow; \n\npublic class Script\n{\n    public static readonly string valueColumn = \"Timestamp\";\n\n    public static async Task ExecuteAsync(IScriptContext context, RecordBatch recordBatch, CancellationToken cancellationToken)\n    {\n        var tsColumn = recordBatch.Column(valueColumn) as TimestampArray;\n        var timestamp = DateTimeOffset.FromUnixTimeMilliseconds(tsColumn.GetValue(0).Value).UtcDateTime.ToString(\"O\");\n\n        var builder = new RecordBatch.Builder();\n\n        for (var i = 0; i < recordBatch.Schema.Fields.Count; i++)\n        {\n            var field = recordBatch.Schema.GetFieldByIndex(i);\n            if(field.Name == valueColumn)\n                continue;\n            var array = recordBatch.Column(i);\n            builder.Append(field, array);\n        }\n        builder.Append<StringArray>(valueColumn,false,x=> x.String(s=>s.Append(timestamp)));\n        await context.EmitAsync(builder.Build());\n    }\n}"}],"metadata":[{"key":"$in:schemaType","value":"1"},{"key":"name","value":"Format Timestamp"},{"key":"x","value":"100"},{"key":"y","value":"150"}]},{"id":"c71f815d-c559-4b4b-bfee-e9e4e20a79fc","pipelineTopologyId":"8fa0e412-a918-4477-bc4c-f5a65366f3cd","kind":"std/forward","configuration":[],"metadata":[{"key":"name","value":"Entry Point"},{"key":"x","value":"-100"},{"key":"y","value":"-200"}]},{"id":"cfa710f6-a70e-4058-8201-ea9065fc1b84","pipelineTopologyId":"8fa0e412-a918-4477-bc4c-f5a65366f3cd","kind":"std/mqtt/publish","configuration":[{"key":"contentType","value":"application/json"},{"key":"payload","value":"{\r\n    \"TimeStamp\":\"{{data[\"Timestamp\"][0]}}\",\r\n    \"ID\":{{data[\"id\"][0]}},\r\n    \"AM_PDB1_FEEDBACK\":{\"Val\":{{data[\"AM_PDB1_FEEDBACK\"][0]}}},\r\n\t\"AM_PDB2_FEEDBACK\":{\"Val\":{{data[\"AM_PDB2_FEEDBACK\"][0]}}},\r\n\t\"AM_PDB3_FEEDBACK\":{\"Val\":{{data[\"AM_PDB3_FEEDBACK\"][0]}}},\r\n\t\"AM_PDB4_FEEDBACK\":{\"Val\":{{data[\"AM_PDB4_FEEDBACK\"][0]}}},\r\n\t\"AM_PDB1_STATUS\":{\"Val\":{{data[\"AM_PDB1_STATUS\"][0]}}},\r\n\t\"AM_PDB2_STATUS\":{\"Val\":{{data[\"AM_PDB2_STATUS\"][0]}}},\r\n\t\"AM_PDB3_STATUS\":{\"Val\":{{data[\"AM_PDB3_STATUS\"][0]}}},\r\n\t\"AM_PDB4_STATUS\":{\"Val\":{{data[\"AM_PDB4_STATUS\"][0]}}},\r\n\t\"UV_SIGNAL1_AI\":{\"Val\":{{data[\"UV_SIGNAL1_AI\"][0]}}},\r\n\t\"UV_SIGNAL2_AI\":{\"Val\":{{data[\"UV_SIGNAL2_AI\"][0]}}},\r\n\t\"HW_INFLUENT\":{\"Val\":{{data[\"HW_INFLUENT\"][0]}}},\r\n\t\"HW_INFLUENT_TTLZR.CurDay\":{\"Val\":{{data[\"HW_INFLUENT_TTLZR.CurDay\"][0]}}},\r\n\t\"HW_INFLUENT_TTLZR.YesDay\":{\"Val\":{{data[\"HW_INFLUENT_TTLZR.YesDay\"][0]}}},\r\n\t\"UV_ROOM_TEMP_AI\":{\"Val\":{{data[\"UV_ROOM_TEMP_AI\"][0]}}},\r\n\t\"AM_RASAB1_OFF_DISPLAY\":{\"Val\":{{data[\"AM_RASAB1_OFF_DISPLAY\"][0]}}},\r\n\t\"AM_RASAB1_ON_DISPLAY\":{\"Val\":{{data[\"AM_RASAB1_ON_DISPLAY\"][0]}}},\r\n\t\"AM_RASAB2_OFF_DISPLAY\":{\"Val\":{{data[\"AM_RASAB2_OFF_DISPLAY\"][0]}}},\r\n\t\"AM_RASAB2_ON_DISPLAY\":{\"Val\":{{data[\"AM_RASAB2_ON_DISPLAY\"][0]}}},\r\n\t\"AM_RAS1_OFF_TIME\":{\"Val\":{{data[\"AM_RAS1_OFF_TIME\"][0]}}},\r\n\t\"AM_RAS1_ON_TIME\":{\"Val\":{{data[\"AM_RAS1_ON_TIME\"][0]}}},\r\n\t\"AM_SEQ1_OFF_TOTAL\":{\"Val\":{{data[\"AM_SEQ1_OFF_TOTAL\"][0]}}},\r\n\t\"AM_SEQ1_ON_TOTAL\":{\"Val\":{{data[\"AM_SEQ1_ON_TOTAL\"][0]}}},\r\n\t\"AM_SEQ2_OFF_TOTAL\":{\"Val\":{{data[\"AM_SEQ2_OFF_TOTAL\"][0]}}},\r\n\t\"AM_SEQ2_ON_TOTAL\":{\"Val\":{{data[\"AM_SEQ2_ON_TOTAL\"][0]}}},\r\n\t\"AM_BP_RTM_HRS\":{\"Val\":{{data[\"AM_BP_RTM_HRS\"][0]}}},\r\n\t\"AM_BP_RTM_MINS\":{\"Val\":{{data[\"AM_BP_RTM_MINS\"][0]}}},\r\n\t\"AM_HW_TEMP_AI\":{\"Val\":{{data[\"AM_HW_TEMP_AI\"][0]}}},\r\n\t\"AM_POLYMER_SPEED\":{\"Val\":{{data[\"AM_POLYMER_SPEED\"][0]}}},\r\n\t\"AM_PR_TEMP_AI\":{\"Val\":{{data[\"AM_PR_TEMP_AI\"][0]}}},\r\n\t\"AM_SLUDGEPRESS_DAILY\":{\"Val\":{{data[\"AM_SLUDGEPRESS_DAILY\"][0]}}},\r\n\t\"AM_SludgePump_Rate\":{\"Val\":{{data[\"AM_SludgePump_Rate\"][0]}}},\r\n\t\"AM_TA_DO_AI\":{\"Val\":{{data[\"AM_TA_DO_AI\"][0]}}},\r\n\t\"AM_TB_DO_AI\":{\"Val\":{{data[\"AM_TB_DO_AI\"][0]}}},\r\n\t\"AM_WAS1_PAUSE_REMAIN\":{\"Val\":{{data[\"AM_WAS1_PAUSE_REMAIN\"][0]}}},\r\n\t\"AM_WAS1_SETTLE_REMAIN\":{\"Val\":{{data[\"AM_WAS1_SETTLE_REMAIN\"][0]}}},\r\n\t\"AM_WASA_ON_REMAIN\":{\"Val\":{{data[\"AM_WASA_ON_REMAIN\"][0]}}},\r\n\t\"AM_WASB_ON_REMAIN\":{\"Val\":{{data[\"AM_WASB_ON_REMAIN\"][0]}}}\r\n}"},{"key":"qualityOfService","value":"at-least-once"},{"key":"resource","value":"0936ea23-0ed3-43ec-a60e-c6119bd11d69"},{"key":"retain","value":"false"},{"key":"subscriptionIdentifier","value":"0"},{"key":"topic","value":"devices/914/messages/events/"}],"metadata":[{"key":"$in:schemaType","value":"2"},{"key":"$out:selectors:0:schemaType","value":"1"},{"key":"$out:selectors:0:selector","value":"0"},{"key":"$out:selectors:1:fields:0:name","value":"ReasonCode"},{"key":"$out:selectors:1:fields:0:type","value":"7"},{"key":"$out:selectors:1:fields:1:name","value":"ReasonString"},{"key":"$out:selectors:1:fields:1:type","value":"13"},{"key":"$out:selectors:1:fields:2:name","value":"PacketIdentifier"},{"key":"$out:selectors:1:fields:2:type","value":"4"},{"key":"$out:selectors:1:schemaType","value":"0"},{"key":"$out:selectors:1:selector","value":"1"},{"key":"name","value":"MQTT Publish Topic"},{"key":"x","value":"325"},{"key":"y","value":"150"}]}],"pipes":[{"id":"04dee61e-273b-4fb7-84a9-80a2b46da4b7","sourceId":"5040edfd-e633-4b46-94e8-2d75716883ba","sinkId":"2a0b9709-d117-489f-a7aa-87fa2eb41162","selector":-1},{"id":"17796140-0778-494d-ad4a-83becd0894e3","sourceId":"cfa710f6-a70e-4058-8201-ea9065fc1b84","sinkId":"2b708711-fd4a-4426-9a9e-a1893631cd9d","selector":1},{"id":"18c80769-3e65-421a-ba54-dae32bc4ed4f","sourceId":"cfa710f6-a70e-4058-8201-ea9065fc1b84","sinkId":"204a3674-d540-4d42-98df-885a0232bf65","selector":0},{"id":"226a59f8-afda-4178-81c4-662a1fc8576b","sourceId":"b9e50eb3-aac4-4f9f-a577-833c99e58664","sinkId":"cfa710f6-a70e-4058-8201-ea9065fc1b84","selector":0},{"id":"28918715-e295-4577-843b-b8e6660be83d","sourceId":"4272f0d2-dc24-4f05-ae9b-19589f782784","sinkId":"5347ac64-52d5-48ac-8398-cc739e608a84","selector":0},{"id":"56262668-8154-4aa3-bc8c-5ff8c8f03bdc","sourceId":"5347ac64-52d5-48ac-8398-cc739e608a84","sinkId":"b9e50eb3-aac4-4f9f-a577-833c99e58664","selector":0},{"id":"ad30cbee-7dd9-41d0-8367-8f419ef392fd","sourceId":"c71f815d-c559-4b4b-bfee-e9e4e20a79fc","sinkId":"5040edfd-e633-4b46-94e8-2d75716883ba","selector":-1},{"id":"b4c5a7b1-1686-457a-9f27-6b9fe08ed7da","sourceId":"2a0b9709-d117-489f-a7aa-87fa2eb41162","sinkId":"4272f0d2-dc24-4f05-ae9b-19589f782784","selector":0}],"id":"8fa0e412-a918-4477-bc4c-f5a65366f3cd","dateCreated":"2024-03-04T19:07:05.013168","dateLastModified":"2024-05-24T12:59:17.5530972"}],"pipelineJobs":[]}