{"version":1,"request":{"fileName":"flow-ciscoAnylogWastewater-20240503-152237.json","pipelineIds":["081c7104-bbe6-4713-ad26-c87b54da5263"]},"dashboards":[],"resources":[],"pipelines":[{"entryPointId":"91e0c9c5-8363-43bb-a540-9166022a849a","dateLastExecuted":"2024-04-25T17:07:40.1710413","metadata":[{"key":"description","value":""},{"key":"name","value":"Cisco Anylog - Wastewater"}],"operators":[{"id":"45a88bc8-d0ca-4fcb-b1a6-d17b7fc03a09","pipelineTopologyId":"081c7104-bbe6-4713-ad26-c87b54da5263","kind":"std/log","configuration":[{"key":"level","value":"info"},{"key":"template","value":"HTTP Success"}],"metadata":[{"key":"$in:schemaType","value":"2"},{"key":"name","value":"Log"},{"key":"x","value":"1250"},{"key":"y","value":"0"}]},{"id":"60c96bde-6d5c-4a0c-8d03-485e852c940c","pipelineTopologyId":"081c7104-bbe6-4713-ad26-c87b54da5263","kind":"std/timer","configuration":[{"key":"count","value":"0"},{"key":"interval","value":"10000"}],"metadata":[{"key":"$in:schemaType","value":"2"},{"key":"name","value":"Timer - Fast (10ms)"},{"key":"x","value":"250"},{"key":"y","value":"0"}]},{"id":"67d5fa54-a44f-4a31-abeb-c1f630f2b03a","pipelineTopologyId":"081c7104-bbe6-4713-ad26-c87b54da5263","kind":"std/http","configuration":[{"key":"$version","value":"1"},{"key":"contentColumn","value":"WastewaterPlant"},{"key":"contentEncoding","value":"0"},{"key":"contentSource","value":"1"},{"key":"contentTemplate","value":""},{"key":"contentType","value":"plain/text"},{"key":"headers:Content-Type","value":"text/plain"},{"key":"headers:User-Agent","value":"AnyLog/1.23"},{"key":"headers:dbms","value":"city_of_sabetha"},{"key":"headers:mode","value":"streaming"},{"key":"headers:table","value":"CoS_WWP"},{"key":"headers:type","value":"json"},{"key":"method","value":"put"},{"key":"resource","value":"88c632dd-21ac-43e3-956a-203f6e0581ef"},{"key":"url","value":""}],"metadata":[{"key":"$in:fields:0:name","value":"WastewaterPlant"},{"key":"$in:fields:0:type","value":"13"},{"key":"$in:schemaType","value":"0"},{"key":"$out:selectors:0:fields:0:name","value":"Timestamp"},{"key":"$out:selectors:0:fields:0:type","value":"9"},{"key":"$out:selectors:0:fields:1:name","value":"StatusCode"},{"key":"$out:selectors:0:fields:1:type","value":"9"},{"key":"$out:selectors:0:fields:2:name","value":"ContentType"},{"key":"$out:selectors:0:fields:2:type","value":"13"},{"key":"$out:selectors:0:fields:3:name","value":"Content"},{"key":"$out:selectors:0:fields:3:type","value":"13"},{"key":"$out:selectors:0:schemaType","value":"0"},{"key":"$out:selectors:0:selector","value":"0"},{"key":"$out:selectors:1:schemaType","value":"1"},{"key":"$out:selectors:1:selector","value":"1"},{"key":"name","value":"HTTP Request"},{"key":"x","value":"1000"},{"key":"y","value":"0"}]},{"id":"75e74017-1eca-4175-9b07-321bd6cf2d31","pipelineTopologyId":"081c7104-bbe6-4713-ad26-c87b54da5263","kind":"script/execute","configuration":[{"key":"definition:engine","value":"csharp"},{"key":"definition:filesystem:allow","value":"false"},{"key":"definition:id","value":"1e647c1a-ecf5-4f04-a42f-7cb6454818a6"},{"key":"definition:location","value":"inline"},{"key":"definition:network:allow","value":"false"},{"key":"definition:runtime:background","value":"false"},{"key":"definition:runtime:debug","value":"false"},{"key":"definition:runtime:maxExecutionTime","value":"0"},{"key":"definition:source","value":"using Dynics.Arrow;\n\npublic class Script\n{\n    private static readonly string columnName = \"WastewaterPlant\";\n\n    public static async Task ExecuteAsync(IScriptContext context, RecordBatch recordBatch, CancellationToken cancellationToken)\n    {\n        // New record builder\n        var builder = new RecordBatch.Builder();\n\n        string json = \"{\";\n        \n        foreach (KeyValuePair<string, Field> fieldKvPair in recordBatch.Schema.Fields)\n        {\n            var field = fieldKvPair.Value;\n\n            json += \"\\\"\" + field.Name.Replace(\".\", \"_\") + \"\\\":\" + recordBatch.Column(field.Name).GetValue(0);\n\n            if (!fieldKvPair.Equals(recordBatch.Schema.Fields.Last()))\n                json += ',';\n        }\n\n        json += '}';\n\n        builder.Append<StringArray>(columnName,false,x=> x.String(s=>s.Append(json)));\n\n        // Emit the result\n        await context.EmitAsync(builder.Build());\n    }\n}"}],"metadata":[{"key":"$in:schemaType","value":"1"},{"key":"name","value":"Script"},{"key":"x","value":"750"},{"key":"y","value":"0"}]},{"id":"91e0c9c5-8363-43bb-a540-9166022a849a","pipelineTopologyId":"081c7104-bbe6-4713-ad26-c87b54da5263","kind":"std/forward","configuration":[],"metadata":[{"key":"name","value":"Entry Point"},{"key":"x","value":"0"},{"key":"y","value":"0"}]},{"id":"9c3ecd61-2e5d-493d-9605-ec58e0b69d60","pipelineTopologyId":"081c7104-bbe6-4713-ad26-c87b54da5263","kind":"plc/read","configuration":[{"key":"$version","value":"1"},{"key":"ids:0","value":"44aefd1d-1f22-46dd-8cb5-31da903ab81e"},{"key":"resource","value":"8425671f-73fe-4159-8cb9-813749f59ab0"}],"metadata":[{"key":"$in:schemaType","value":"1"},{"key":"$out:selectors:0:fields:0:name","value":"SS_SCREENRUN_S"},{"key":"$out:selectors:0:fields:0:type","value":"1"},{"key":"$out:selectors:0:fields:10:name","value":"GK_SHAND_S"},{"key":"$out:selectors:0:fields:10:type","value":"1"},{"key":"$out:selectors:0:fields:11:name","value":"CG_A.IN"},{"key":"$out:selectors:0:fields:11:type","value":"1"},{"key":"$out:selectors:0:fields:12:name","value":"MCC_TSTDBYRDY_S"},{"key":"$out:selectors:0:fields:12:type","value":"1"},{"key":"$out:selectors:0:fields:13:name","value":"CG_FWDREV_S"},{"key":"$out:selectors:0:fields:13:type","value":"1"},{"key":"$out:selectors:0:fields:14:name","value":"CG_START_S"},{"key":"$out:selectors:0:fields:14:type","value":"1"},{"key":"$out:selectors:0:fields:15:name","value":"UV_LF1_A.Alarm"},{"key":"$out:selectors:0:fields:15:type","value":"1"},{"key":"$out:selectors:0:fields:16:name","value":"UV_WF1_A.Alarm"},{"key":"$out:selectors:0:fields:16:type","value":"1"},{"key":"$out:selectors:0:fields:17:name","value":"AM_RASAB1_VALVE"},{"key":"$out:selectors:0:fields:17:type","value":"1"},{"key":"$out:selectors:0:fields:18:name","value":"AM_RASAB2_VALVE"},{"key":"$out:selectors:0:fields:18:type","value":"1"},{"key":"$out:selectors:0:fields:19:name","value":"UV_LF2_A.Alarm"},{"key":"$out:selectors:0:fields:19:type","value":"1"},{"key":"$out:selectors:0:fields:1:name","value":"SS_JAM_A.Alarm"},{"key":"$out:selectors:0:fields:1:type","value":"1"},{"key":"$out:selectors:0:fields:20:name","value":"AM_SEQ1A_VALVE"},{"key":"$out:selectors:0:fields:20:type","value":"1"},{"key":"$out:selectors:0:fields:21:name","value":"AM_SEQ1B_VALVE"},{"key":"$out:selectors:0:fields:21:type","value":"1"},{"key":"$out:selectors:0:fields:22:name","value":"AM_SEQ2A_VALVE"},{"key":"$out:selectors:0:fields:22:type","value":"1"},{"key":"$out:selectors:0:fields:23:name","value":"MCC_BRFRNG_S"},{"key":"$out:selectors:0:fields:23:type","value":"1"},{"key":"$out:selectors:0:fields:24:name","value":"AM_SEQ2B_VALVE"},{"key":"$out:selectors:0:fields:24:type","value":"1"},{"key":"$out:selectors:0:fields:25:name","value":"AM_ThickenerA_Alarm"},{"key":"$out:selectors:0:fields:25:type","value":"1"},{"key":"$out:selectors:0:fields:26:name","value":"AM_ThickenerA_Status"},{"key":"$out:selectors:0:fields:26:type","value":"1"},{"key":"$out:selectors:0:fields:27:name","value":"AM_ThickenerB_Alarm"},{"key":"$out:selectors:0:fields:27:type","value":"1"},{"key":"$out:selectors:0:fields:28:name","value":"UV_WF2_A.Alarm"},{"key":"$out:selectors:0:fields:28:type","value":"1"},{"key":"$out:selectors:0:fields:29:name","value":"AM_ThickenerB_Status"},{"key":"$out:selectors:0:fields:29:type","value":"1"},{"key":"$out:selectors:0:fields:2:name","value":"AM_WAS1_THR_PB"},{"key":"$out:selectors:0:fields:2:type","value":"1"},{"key":"$out:selectors:0:fields:30:name","value":"UV_GFD1_S.Alarm"},{"key":"$out:selectors:0:fields:30:type","value":"1"},{"key":"$out:selectors:0:fields:31:name","value":"UV_GFD2_S.Alarm"},{"key":"$out:selectors:0:fields:31:type","value":"1"},{"key":"$out:selectors:0:fields:32:name","value":"UV_CABHT1_A.Alarm"},{"key":"$out:selectors:0:fields:32:type","value":"1"},{"key":"$out:selectors:0:fields:33:name","value":"UV_CABHT2_A.Alarm"},{"key":"$out:selectors:0:fields:33:type","value":"1"},{"key":"$out:selectors:0:fields:34:name","value":"MCC_GEN_A.Alarm"},{"key":"$out:selectors:0:fields:34:type","value":"1"},{"key":"$out:selectors:0:fields:35:name","value":"AM_AirPress_NotOK"},{"key":"$out:selectors:0:fields:35:type","value":"1"},{"key":"$out:selectors:0:fields:36:name","value":"AM_Auger_Alarm"},{"key":"$out:selectors:0:fields:36:type","value":"1"},{"key":"$out:selectors:0:fields:37:name","value":"AM_Auger_Status"},{"key":"$out:selectors:0:fields:37:type","value":"1"},{"key":"$out:selectors:0:fields:38:name","value":"AM_BeltPress_Alarm"},{"key":"$out:selectors:0:fields:38:type","value":"1"},{"key":"$out:selectors:0:fields:39:name","value":"AM_BeltPress_Status"},{"key":"$out:selectors:0:fields:39:type","value":"1"},{"key":"$out:selectors:0:fields:3:name","value":"AM_WAS1_TUE_PB"},{"key":"$out:selectors:0:fields:3:type","value":"1"},{"key":"$out:selectors:0:fields:40:name","value":"MCC_NPWPRNG1_S"},{"key":"$out:selectors:0:fields:40:type","value":"1"},{"key":"$out:selectors:0:fields:41:name","value":"AM_DIGA_VALVE"},{"key":"$out:selectors:0:fields:41:type","value":"1"},{"key":"$out:selectors:0:fields:42:name","value":"AM_DIGB_VALVE"},{"key":"$out:selectors:0:fields:42:type","value":"1"},{"key":"$out:selectors:0:fields:43:name","value":"AM_ESTOP"},{"key":"$out:selectors:0:fields:43:type","value":"1"},{"key":"$out:selectors:0:fields:44:name","value":"AM_HFLA_VALVE"},{"key":"$out:selectors:0:fields:44:type","value":"1"},{"key":"$out:selectors:0:fields:45:name","value":"MCC_GENRNG_S"},{"key":"$out:selectors:0:fields:45:type","value":"1"},{"key":"$out:selectors:0:fields:46:name","value":"AM_HFLB_VALVE"},{"key":"$out:selectors:0:fields:46:type","value":"1"},{"key":"$out:selectors:0:fields:47:name","value":"AM_HVEFRNG_S"},{"key":"$out:selectors:0:fields:47:type","value":"1"},{"key":"$out:selectors:0:fields:48:name","value":"AM_HVGAS_A.IN"},{"key":"$out:selectors:0:fields:48:type","value":"1"},{"key":"$out:selectors:0:fields:49:name","value":"AM_MainDrum_Alarm"},{"key":"$out:selectors:0:fields:49:type","value":"1"},{"key":"$out:selectors:0:fields:4:name","value":"SS_HL_A.Alarm"},{"key":"$out:selectors:0:fields:4:type","value":"1"},{"key":"$out:selectors:0:fields:50:name","value":"AM_MainDrum_Status"},{"key":"$out:selectors:0:fields:50:type","value":"1"},{"key":"$out:selectors:0:fields:51:name","value":"AM_MX1_RUNNING"},{"key":"$out:selectors:0:fields:51:type","value":"1"},{"key":"$out:selectors:0:fields:52:name","value":"MCC_NPWPRNG2_S"},{"key":"$out:selectors:0:fields:52:type","value":"1"},{"key":"$out:selectors:0:fields:53:name","value":"AM_MX2_RUNNING"},{"key":"$out:selectors:0:fields:53:type","value":"1"},{"key":"$out:selectors:0:fields:54:name","value":"AM_Polymer_Alarm"},{"key":"$out:selectors:0:fields:54:type","value":"1"},{"key":"$out:selectors:0:fields:55:name","value":"AM_Polymer_Status"},{"key":"$out:selectors:0:fields:55:type","value":"1"},{"key":"$out:selectors:0:fields:56:name","value":"AM_WAS1_FRI_PB"},{"key":"$out:selectors:0:fields:56:type","value":"1"},{"key":"$out:selectors:0:fields:57:name","value":"AM_SludgePump_Alarm"},{"key":"$out:selectors:0:fields:57:type","value":"1"},{"key":"$out:selectors:0:fields:58:name","value":"AM_SludgePump_Status"},{"key":"$out:selectors:0:fields:58:type","value":"1"},{"key":"$out:selectors:0:fields:59:name","value":"AM_SRG_AB_VALVE"},{"key":"$out:selectors:0:fields:59:type","value":"1"},{"key":"$out:selectors:0:fields:5:name","value":"AM_WAS1_WED_PB"},{"key":"$out:selectors:0:fields:5:type","value":"1"},{"key":"$out:selectors:0:fields:60:name","value":"AM_SURGE_HIGH_ALARM"},{"key":"$out:selectors:0:fields:60:type","value":"1"},{"key":"$out:selectors:0:fields:61:name","value":"AM_TANKA_HIGH_ALARM"},{"key":"$out:selectors:0:fields:61:type","value":"1"},{"key":"$out:selectors:0:fields:62:name","value":"AM_TANKB_HIGH_ALARM"},{"key":"$out:selectors:0:fields:62:type","value":"1"},{"key":"$out:selectors:0:fields:63:name","value":"AM_WASA_VALVE"},{"key":"$out:selectors:0:fields:63:type","value":"1"},{"key":"$out:selectors:0:fields:64:name","value":"MCC_SRFRNG_S"},{"key":"$out:selectors:0:fields:64:type","value":"1"},{"key":"$out:selectors:0:fields:65:name","value":"AM_WASB_VALVE"},{"key":"$out:selectors:0:fields:65:type","value":"1"},{"key":"$out:selectors:0:fields:66:name","value":"AM_WaterPump_Alarm"},{"key":"$out:selectors:0:fields:66:type","value":"1"},{"key":"$out:selectors:0:fields:67:name","value":"AM_WAS1_MON_PB"},{"key":"$out:selectors:0:fields:67:type","value":"1"},{"key":"$out:selectors:0:fields:68:name","value":"AM_WaterPump_Status"},{"key":"$out:selectors:0:fields:68:type","value":"1"},{"key":"$out:selectors:0:fields:69:name","value":"MCC_TSNPRDY_S"},{"key":"$out:selectors:0:fields:69:type","value":"1"},{"key":"$out:selectors:0:fields:6:name","value":"GK_CLASSRNG_S"},{"key":"$out:selectors:0:fields:6:type","value":"1"},{"key":"$out:selectors:0:fields:70:name","value":"MCC_TSSTDBY_S"},{"key":"$out:selectors:0:fields:70:type","value":"1"},{"key":"$out:selectors:0:fields:71:name","value":"AM_WAS1_SAT_PB"},{"key":"$out:selectors:0:fields:71:type","value":"1"},{"key":"$out:selectors:0:fields:72:name","value":"AM_WAS1_SUN_PB"},{"key":"$out:selectors:0:fields:72:type","value":"1"},{"key":"$out:selectors:0:fields:7:name","value":"GK_FVO_S"},{"key":"$out:selectors:0:fields:7:type","value":"1"},{"key":"$out:selectors:0:fields:8:name","value":"GK_GSF_S.IN"},{"key":"$out:selectors:0:fields:8:type","value":"1"},{"key":"$out:selectors:0:fields:9:name","value":"GK_PMPRNG_S"},{"key":"$out:selectors:0:fields:9:type","value":"1"},{"key":"$out:selectors:0:schemaType","value":"0"},{"key":"$out:selectors:0:selector","value":"0"},{"key":"name","value":"PLC Read - Fast"},{"key":"x","value":"500"},{"key":"y","value":"0"}]},{"id":"c100b736-93a9-421e-81d6-941953168cf9","pipelineTopologyId":"081c7104-bbe6-4713-ad26-c87b54da5263","kind":"plc/read","configuration":[{"key":"$version","value":"1"},{"key":"ids:0","value":"6a3b66a0-3351-4b14-9389-2104104fe20e"},{"key":"resource","value":"8425671f-73fe-4159-8cb9-813749f59ab0"}],"metadata":[{"key":"$in:schemaType","value":"1"},{"key":"$out:selectors:0:fields:0:name","value":"AM_PDB1_FEEDBACK"},{"key":"$out:selectors:0:fields:0:type","value":"7"},{"key":"$out:selectors:0:fields:10:name","value":"AM_BP_RTM_HRS"},{"key":"$out:selectors:0:fields:10:type","value":"5"},{"key":"$out:selectors:0:fields:11:name","value":"AM_BP_RTM_MINS"},{"key":"$out:selectors:0:fields:11:type","value":"5"},{"key":"$out:selectors:0:fields:12:name","value":"UV_SIGNAL2_AI"},{"key":"$out:selectors:0:fields:12:type","value":"7"},{"key":"$out:selectors:0:fields:13:name","value":"AM_HW_TEMP_AI"},{"key":"$out:selectors:0:fields:13:type","value":"7"},{"key":"$out:selectors:0:fields:14:name","value":"AM_POLYMER_SPEED"},{"key":"$out:selectors:0:fields:14:type","value":"5"},{"key":"$out:selectors:0:fields:15:name","value":"AM_PR_TEMP_AI"},{"key":"$out:selectors:0:fields:15:type","value":"7"},{"key":"$out:selectors:0:fields:16:name","value":"AM_PDB4_FEEDBACK"},{"key":"$out:selectors:0:fields:16:type","value":"7"},{"key":"$out:selectors:0:fields:17:name","value":"AM_SLUDGEPRESS_DAILY"},{"key":"$out:selectors:0:fields:17:type","value":"11"},{"key":"$out:selectors:0:fields:18:name","value":"AM_SludgePump_Rate"},{"key":"$out:selectors:0:fields:18:type","value":"5"},{"key":"$out:selectors:0:fields:19:name","value":"AM_TA_DO_AI"},{"key":"$out:selectors:0:fields:19:type","value":"11"},{"key":"$out:selectors:0:fields:1:name","value":"AM_PDB2_FEEDBACK"},{"key":"$out:selectors:0:fields:1:type","value":"7"},{"key":"$out:selectors:0:fields:20:name","value":"AM_TB_DO_AI"},{"key":"$out:selectors:0:fields:20:type","value":"11"},{"key":"$out:selectors:0:fields:21:name","value":"AM_WAS1_PAUSE_REMAIN"},{"key":"$out:selectors:0:fields:21:type","value":"11"},{"key":"$out:selectors:0:fields:22:name","value":"AM_WAS1_SETTLE_REMAIN"},{"key":"$out:selectors:0:fields:22:type","value":"11"},{"key":"$out:selectors:0:fields:23:name","value":"HW_INFLUENT"},{"key":"$out:selectors:0:fields:23:type","value":"11"},{"key":"$out:selectors:0:fields:24:name","value":"AM_WASA_ON_REMAIN"},{"key":"$out:selectors:0:fields:24:type","value":"11"},{"key":"$out:selectors:0:fields:25:name","value":"AM_WASB_ON_REMAIN"},{"key":"$out:selectors:0:fields:25:type","value":"11"},{"key":"$out:selectors:0:fields:26:name","value":"AM_PDB1_STATUS"},{"key":"$out:selectors:0:fields:26:type","value":"5"},{"key":"$out:selectors:0:fields:27:name","value":"AM_PDB2_STATUS"},{"key":"$out:selectors:0:fields:27:type","value":"5"},{"key":"$out:selectors:0:fields:28:name","value":"AM_PDB3_STATUS"},{"key":"$out:selectors:0:fields:28:type","value":"5"},{"key":"$out:selectors:0:fields:29:name","value":"AM_PDB4_STATUS"},{"key":"$out:selectors:0:fields:29:type","value":"5"},{"key":"$out:selectors:0:fields:2:name","value":"AM_RASAB2_ON_DISPLAY"},{"key":"$out:selectors:0:fields:2:type","value":"11"},{"key":"$out:selectors:0:fields:30:name","value":"UV_SIGNAL1_AI"},{"key":"$out:selectors:0:fields:30:type","value":"7"},{"key":"$out:selectors:0:fields:31:name","value":"HW_INFLUENT_TTLZR.CurDay"},{"key":"$out:selectors:0:fields:31:type","value":"11"},{"key":"$out:selectors:0:fields:32:name","value":"HW_INFLUENT_TTLZR.YesDay"},{"key":"$out:selectors:0:fields:32:type","value":"11"},{"key":"$out:selectors:0:fields:33:name","value":"UV_ROOM_TEMP_AI"},{"key":"$out:selectors:0:fields:33:type","value":"7"},{"key":"$out:selectors:0:fields:34:name","value":"AM_RASAB1_OFF_DISPLAY"},{"key":"$out:selectors:0:fields:34:type","value":"11"},{"key":"$out:selectors:0:fields:35:name","value":"AM_RASAB1_ON_DISPLAY"},{"key":"$out:selectors:0:fields:35:type","value":"11"},{"key":"$out:selectors:0:fields:36:name","value":"AM_RASAB2_OFF_DISPLAY"},{"key":"$out:selectors:0:fields:36:type","value":"11"},{"key":"$out:selectors:0:fields:3:name","value":"AM_RAS1_OFF_TIME"},{"key":"$out:selectors:0:fields:3:type","value":"11"},{"key":"$out:selectors:0:fields:4:name","value":"AM_PDB3_FEEDBACK"},{"key":"$out:selectors:0:fields:4:type","value":"7"},{"key":"$out:selectors:0:fields:5:name","value":"AM_RAS1_ON_TIME"},{"key":"$out:selectors:0:fields:5:type","value":"11"},{"key":"$out:selectors:0:fields:6:name","value":"AM_SEQ1_OFF_TOTAL"},{"key":"$out:selectors:0:fields:6:type","value":"11"},{"key":"$out:selectors:0:fields:7:name","value":"AM_SEQ1_ON_TOTAL"},{"key":"$out:selectors:0:fields:7:type","value":"11"},{"key":"$out:selectors:0:fields:8:name","value":"AM_SEQ2_OFF_TOTAL"},{"key":"$out:selectors:0:fields:8:type","value":"11"},{"key":"$out:selectors:0:fields:9:name","value":"AM_SEQ2_ON_TOTAL"},{"key":"$out:selectors:0:fields:9:type","value":"11"},{"key":"$out:selectors:0:schemaType","value":"0"},{"key":"$out:selectors:0:selector","value":"0"},{"key":"name","value":"PLC Read - Slow"},{"key":"x","value":"500"},{"key":"y","value":"125"}]},{"id":"cf6e4c42-a2ee-4055-820c-3a78f65eb713","pipelineTopologyId":"081c7104-bbe6-4713-ad26-c87b54da5263","kind":"std/timer","configuration":[{"key":"count","value":"0"},{"key":"interval","value":"30000"}],"metadata":[{"key":"$in:schemaType","value":"2"},{"key":"name","value":"Timer - Slow (30ms)"},{"key":"x","value":"250"},{"key":"y","value":"125"}]}],"pipes":[{"id":"14aa999f-1282-4072-b82e-d89a4e664bd8","sourceId":"91e0c9c5-8363-43bb-a540-9166022a849a","sinkId":"cf6e4c42-a2ee-4055-820c-3a78f65eb713","selector":-1},{"id":"2faafcca-0f9d-4a88-8093-c51ee0e5e17e","sourceId":"60c96bde-6d5c-4a0c-8d03-485e852c940c","sinkId":"9c3ecd61-2e5d-493d-9605-ec58e0b69d60","selector":-1},{"id":"6ba98fbe-48aa-40d8-b62d-63648539c727","sourceId":"91e0c9c5-8363-43bb-a540-9166022a849a","sinkId":"60c96bde-6d5c-4a0c-8d03-485e852c940c","selector":-1},{"id":"896be052-e79e-48b9-ba22-96b51a16bb93","sourceId":"cf6e4c42-a2ee-4055-820c-3a78f65eb713","sinkId":"c100b736-93a9-421e-81d6-941953168cf9","selector":-1},{"id":"f9bbb385-5e41-46bc-b362-341f25e837f8","sourceId":"9c3ecd61-2e5d-493d-9605-ec58e0b69d60","sinkId":"75e74017-1eca-4175-9b07-321bd6cf2d31","selector":0},{"id":"fa650a27-42f2-4d8d-aa48-b63edfa4aa68","sourceId":"c100b736-93a9-421e-81d6-941953168cf9","sinkId":"75e74017-1eca-4175-9b07-321bd6cf2d31","selector":0},{"id":"29291a8a-233e-42a5-8b5f-1e730ca536df","sourceId":"75e74017-1eca-4175-9b07-321bd6cf2d31","sinkId":"67d5fa54-a44f-4a31-abeb-c1f630f2b03a","selector":2},{"id":"ab0be758-a943-4f65-a46d-519404e5231a","sourceId":"67d5fa54-a44f-4a31-abeb-c1f630f2b03a","sinkId":"45a88bc8-d0ca-4fcb-b1a6-d17b7fc03a09","selector":0}],"id":"081c7104-bbe6-4713-ad26-c87b54da5263","dateCreated":"2024-04-25T16:47:31.4421593","dateLastModified":"2024-04-25T17:07:38.0712208"}],"pipelineJobs":[]}