{"version":1,"request":{"fileName":"flow-koreWastewaterFastupdates-20240524-151645.json","pipelineIds":["5240cb8a-440f-4e85-aac3-789c205e4624"]},"dashboards":[],"resources":[],"pipelines":[{"entryPointId":"24ea7022-8eed-493b-876f-f82627624bb7","dateLastExecuted":"2024-05-24T12:59:00.8917238","metadata":[{"key":"description","value":"Values with fast update time"},{"key":"name","value":"KORE - Wastewater - FastUpdates"}],"operators":[{"id":"00b1a076-9db4-4e3b-8dd2-b54016d5090b","pipelineTopologyId":"5240cb8a-440f-4e85-aac3-789c205e4624","kind":"std/log","configuration":[{"key":"level","value":"info"},{"key":"template","value":"MQTT Log Success"}],"metadata":[{"key":"$in:schemaType","value":"2"},{"key":"name","value":"Log"},{"key":"x","value":"575"},{"key":"y","value":"125"}]},{"id":"24ea7022-8eed-493b-876f-f82627624bb7","pipelineTopologyId":"5240cb8a-440f-4e85-aac3-789c205e4624","kind":"std/forward","configuration":[],"metadata":[{"key":"name","value":"Entry Point"},{"key":"x","value":"-100"},{"key":"y","value":"-200"}]},{"id":"2879b81d-e812-49bc-aaeb-089b4abb51c1","pipelineTopologyId":"5240cb8a-440f-4e85-aac3-789c205e4624","kind":"std/timestamp","configuration":[{"key":"columnName","value":"Timestamp"}],"metadata":[{"key":"$in:schemaType","value":"2"},{"key":"$out:selectors:0:fields:0:name","value":"ChemicalScale1AI.PV"},{"key":"$out:selectors:0:fields:0:type","value":"11"},{"key":"$out:selectors:0:fields:10:name","value":"pHAI.PV"},{"key":"$out:selectors:0:fields:10:type","value":"11"},{"key":"$out:selectors:0:fields:11:name","value":"CombinedChlorinatorAI.PV"},{"key":"$out:selectors:0:fields:11:type","value":"11"},{"key":"$out:selectors:0:fields:12:name","value":"FreeChlorinatorAI.PV"},{"key":"$out:selectors:0:fields:12:type","value":"11"},{"key":"$out:selectors:0:fields:13:name","value":"RawWaterMeterAI.PV"},{"key":"$out:selectors:0:fields:13:type","value":"11"},{"key":"$out:selectors:0:fields:14:name","value":"WaterTowerLevelAI.PV"},{"key":"$out:selectors:0:fields:14:type","value":"11"},{"key":"$out:selectors:0:fields:15:name","value":"CombinedTurbidityAI.PV"},{"key":"$out:selectors:0:fields:15:type","value":"11"},{"key":"$out:selectors:0:fields:16:name","value":"id"},{"key":"$out:selectors:0:fields:16:type","value":"7"},{"key":"$out:selectors:0:fields:17:name","value":"Timestamp"},{"key":"$out:selectors:0:fields:17:type","value":"18"},{"key":"$out:selectors:0:fields:1:name","value":"Filter1TurbidityAI.PV"},{"key":"$out:selectors:0:fields:1:type","value":"11"},{"key":"$out:selectors:0:fields:2:name","value":"Filter2TurbidityAI.PV"},{"key":"$out:selectors:0:fields:2:type","value":"11"},{"key":"$out:selectors:0:fields:3:name","value":"Filter3TurbidityAI.PV"},{"key":"$out:selectors:0:fields:3:type","value":"11"},{"key":"$out:selectors:0:fields:4:name","value":"RawWaterMeterTotalizer.CurDay"},{"key":"$out:selectors:0:fields:4:type","value":"11"},{"key":"$out:selectors:0:fields:5:name","value":"RawWaterMeterTotalizer.YesDay"},{"key":"$out:selectors:0:fields:5:type","value":"11"},{"key":"$out:selectors:0:fields:6:name","value":"CarbonFeeder.SpeedAI.PV"},{"key":"$out:selectors:0:fields:6:type","value":"11"},{"key":"$out:selectors:0:fields:7:name","value":"ChemicalScale2AI.PV"},{"key":"$out:selectors:0:fields:7:type","value":"11"},{"key":"$out:selectors:0:fields:8:name","value":"ChemicalScale3AI.PV"},{"key":"$out:selectors:0:fields:8:type","value":"11"},{"key":"$out:selectors:0:fields:9:name","value":"ChemicalScale4AI.PV"},{"key":"$out:selectors:0:fields:9:type","value":"11"},{"key":"$out:selectors:0:schemaType","value":"0"},{"key":"$out:selectors:0:selector","value":"0"},{"key":"$out:selectors:1:schemaType","value":"1"},{"key":"$out:selectors:1:selector","value":"1"},{"key":"name","value":"Timestamp"},{"key":"x","value":"325"},{"key":"y","value":"25"}]},{"id":"3c233f9e-1024-42ca-bf7c-097210ab7c70","pipelineTopologyId":"5240cb8a-440f-4e85-aac3-789c205e4624","kind":"std/log","configuration":[{"key":"level","value":"info"},{"key":"template","value":"Log Event - Fast"}],"metadata":[{"key":"$in:schemaType","value":"2"},{"key":"name","value":"Log Trigger Fast"},{"key":"x","value":"500"},{"key":"y","value":"-200"}]},{"id":"3f4a9aa8-d71a-4584-a827-1e3225b38547","pipelineTopologyId":"5240cb8a-440f-4e85-aac3-789c205e4624","kind":"std/literal","configuration":[{"key":"columns:0:arrowTypeId","value":"7"},{"key":"columns:0:name","value":"id"},{"key":"columns:0:value","value":"914"}],"metadata":[{"key":"$in:schemaType","value":"2"},{"key":"$out:selectors:0:fields:0:name","value":"SS_SCREENRUN_S"},{"key":"$out:selectors:0:fields:0:type","value":"1"},{"key":"$out:selectors:0:fields:10:name","value":"UV_LF2_A.Alarm"},{"key":"$out:selectors:0:fields:10:type","value":"1"},{"key":"$out:selectors:0:fields:11:name","value":"SS_JAM_A.Alarm"},{"key":"$out:selectors:0:fields:11:type","value":"1"},{"key":"$out:selectors:0:fields:12:name","value":"AM_SEQ1A_VALVE"},{"key":"$out:selectors:0:fields:12:type","value":"1"},{"key":"$out:selectors:0:fields:13:name","value":"AM_SEQ1B_VALVE"},{"key":"$out:selectors:0:fields:13:type","value":"1"},{"key":"$out:selectors:0:fields:14:name","value":"AM_SEQ2A_VALVE"},{"key":"$out:selectors:0:fields:14:type","value":"1"},{"key":"$out:selectors:0:fields:15:name","value":"MCC_BRFRNG_S"},{"key":"$out:selectors:0:fields:15:type","value":"1"},{"key":"$out:selectors:0:fields:16:name","value":"AM_SEQ2B_VALVE"},{"key":"$out:selectors:0:fields:16:type","value":"1"},{"key":"$out:selectors:0:fields:17:name","value":"AM_ThickenerA_Alarm"},{"key":"$out:selectors:0:fields:17:type","value":"1"},{"key":"$out:selectors:0:fields:18:name","value":"AM_ThickenerA_Status"},{"key":"$out:selectors:0:fields:18:type","value":"1"},{"key":"$out:selectors:0:fields:19:name","value":"AM_ThickenerB_Alarm"},{"key":"$out:selectors:0:fields:19:type","value":"1"},{"key":"$out:selectors:0:fields:1:name","value":"GK_SHAND_S"},{"key":"$out:selectors:0:fields:1:type","value":"1"},{"key":"$out:selectors:0:fields:20:name","value":"UV_WF2_A.Alarm"},{"key":"$out:selectors:0:fields:20:type","value":"1"},{"key":"$out:selectors:0:fields:21:name","value":"AM_ThickenerB_Status"},{"key":"$out:selectors:0:fields:21:type","value":"1"},{"key":"$out:selectors:0:fields:22:name","value":"AM_WAS1_THR_PB"},{"key":"$out:selectors:0:fields:22:type","value":"1"},{"key":"$out:selectors:0:fields:23:name","value":"UV_GFD1_S.Alarm"},{"key":"$out:selectors:0:fields:23:type","value":"1"},{"key":"$out:selectors:0:fields:24:name","value":"UV_GFD2_S.Alarm"},{"key":"$out:selectors:0:fields:24:type","value":"1"},{"key":"$out:selectors:0:fields:25:name","value":"UV_CABHT1_A.Alarm"},{"key":"$out:selectors:0:fields:25:type","value":"1"},{"key":"$out:selectors:0:fields:26:name","value":"UV_CABHT2_A.Alarm"},{"key":"$out:selectors:0:fields:26:type","value":"1"},{"key":"$out:selectors:0:fields:27:name","value":"MCC_GEN_A.Alarm"},{"key":"$out:selectors:0:fields:27:type","value":"1"},{"key":"$out:selectors:0:fields:28:name","value":"AM_AirPress_NotOK"},{"key":"$out:selectors:0:fields:28:type","value":"1"},{"key":"$out:selectors:0:fields:29:name","value":"AM_Auger_Alarm"},{"key":"$out:selectors:0:fields:29:type","value":"1"},{"key":"$out:selectors:0:fields:2:name","value":"CG_A.IN"},{"key":"$out:selectors:0:fields:2:type","value":"1"},{"key":"$out:selectors:0:fields:30:name","value":"AM_Auger_Status"},{"key":"$out:selectors:0:fields:30:type","value":"1"},{"key":"$out:selectors:0:fields:31:name","value":"AM_BeltPress_Alarm"},{"key":"$out:selectors:0:fields:31:type","value":"1"},{"key":"$out:selectors:0:fields:32:name","value":"AM_BeltPress_Status"},{"key":"$out:selectors:0:fields:32:type","value":"1"},{"key":"$out:selectors:0:fields:33:name","value":"AM_WAS1_TUE_PB"},{"key":"$out:selectors:0:fields:33:type","value":"1"},{"key":"$out:selectors:0:fields:34:name","value":"MCC_NPWPRNG1_S"},{"key":"$out:selectors:0:fields:34:type","value":"1"},{"key":"$out:selectors:0:fields:35:name","value":"AM_DIGA_VALVE"},{"key":"$out:selectors:0:fields:35:type","value":"1"},{"key":"$out:selectors:0:fields:36:name","value":"AM_DIGB_VALVE"},{"key":"$out:selectors:0:fields:36:type","value":"1"},{"key":"$out:selectors:0:fields:37:name","value":"AM_ESTOP"},{"key":"$out:selectors:0:fields:37:type","value":"1"},{"key":"$out:selectors:0:fields:38:name","value":"AM_HFLA_VALVE"},{"key":"$out:selectors:0:fields:38:type","value":"1"},{"key":"$out:selectors:0:fields:39:name","value":"MCC_GENRNG_S"},{"key":"$out:selectors:0:fields:39:type","value":"1"},{"key":"$out:selectors:0:fields:3:name","value":"MCC_TSTDBYRDY_S"},{"key":"$out:selectors:0:fields:3:type","value":"1"},{"key":"$out:selectors:0:fields:40:name","value":"AM_HFLB_VALVE"},{"key":"$out:selectors:0:fields:40:type","value":"1"},{"key":"$out:selectors:0:fields:41:name","value":"AM_HVEFRNG_S"},{"key":"$out:selectors:0:fields:41:type","value":"1"},{"key":"$out:selectors:0:fields:42:name","value":"AM_HVGAS_A.IN"},{"key":"$out:selectors:0:fields:42:type","value":"1"},{"key":"$out:selectors:0:fields:43:name","value":"AM_MainDrum_Alarm"},{"key":"$out:selectors:0:fields:43:type","value":"1"},{"key":"$out:selectors:0:fields:44:name","value":"SS_HL_A.Alarm"},{"key":"$out:selectors:0:fields:44:type","value":"1"},{"key":"$out:selectors:0:fields:45:name","value":"AM_MainDrum_Status"},{"key":"$out:selectors:0:fields:45:type","value":"1"},{"key":"$out:selectors:0:fields:46:name","value":"AM_MX1_RUNNING"},{"key":"$out:selectors:0:fields:46:type","value":"1"},{"key":"$out:selectors:0:fields:47:name","value":"MCC_NPWPRNG2_S"},{"key":"$out:selectors:0:fields:47:type","value":"1"},{"key":"$out:selectors:0:fields:48:name","value":"AM_MX2_RUNNING"},{"key":"$out:selectors:0:fields:48:type","value":"1"},{"key":"$out:selectors:0:fields:49:name","value":"AM_Polymer_Alarm"},{"key":"$out:selectors:0:fields:49:type","value":"1"},{"key":"$out:selectors:0:fields:4:name","value":"CG_FWDREV_S"},{"key":"$out:selectors:0:fields:4:type","value":"1"},{"key":"$out:selectors:0:fields:50:name","value":"AM_Polymer_Status"},{"key":"$out:selectors:0:fields:50:type","value":"1"},{"key":"$out:selectors:0:fields:51:name","value":"AM_WAS1_FRI_PB"},{"key":"$out:selectors:0:fields:51:type","value":"1"},{"key":"$out:selectors:0:fields:52:name","value":"AM_SludgePump_Alarm"},{"key":"$out:selectors:0:fields:52:type","value":"1"},{"key":"$out:selectors:0:fields:53:name","value":"AM_SludgePump_Status"},{"key":"$out:selectors:0:fields:53:type","value":"1"},{"key":"$out:selectors:0:fields:54:name","value":"AM_SRG_AB_VALVE"},{"key":"$out:selectors:0:fields:54:type","value":"1"},{"key":"$out:selectors:0:fields:55:name","value":"AM_WAS1_WED_PB"},{"key":"$out:selectors:0:fields:55:type","value":"1"},{"key":"$out:selectors:0:fields:56:name","value":"AM_SURGE_HIGH_ALARM"},{"key":"$out:selectors:0:fields:56:type","value":"1"},{"key":"$out:selectors:0:fields:57:name","value":"AM_TANKA_HIGH_ALARM"},{"key":"$out:selectors:0:fields:57:type","value":"1"},{"key":"$out:selectors:0:fields:58:name","value":"AM_TANKB_HIGH_ALARM"},{"key":"$out:selectors:0:fields:58:type","value":"1"},{"key":"$out:selectors:0:fields:59:name","value":"AM_WASA_VALVE"},{"key":"$out:selectors:0:fields:59:type","value":"1"},{"key":"$out:selectors:0:fields:5:name","value":"CG_START_S"},{"key":"$out:selectors:0:fields:5:type","value":"1"},{"key":"$out:selectors:0:fields:60:name","value":"MCC_SRFRNG_S"},{"key":"$out:selectors:0:fields:60:type","value":"1"},{"key":"$out:selectors:0:fields:61:name","value":"AM_WASB_VALVE"},{"key":"$out:selectors:0:fields:61:type","value":"1"},{"key":"$out:selectors:0:fields:62:name","value":"AM_WaterPump_Alarm"},{"key":"$out:selectors:0:fields:62:type","value":"1"},{"key":"$out:selectors:0:fields:63:name","value":"AM_WAS1_MON_PB"},{"key":"$out:selectors:0:fields:63:type","value":"1"},{"key":"$out:selectors:0:fields:64:name","value":"AM_WaterPump_Status"},{"key":"$out:selectors:0:fields:64:type","value":"1"},{"key":"$out:selectors:0:fields:65:name","value":"MCC_TSNPRDY_S"},{"key":"$out:selectors:0:fields:65:type","value":"1"},{"key":"$out:selectors:0:fields:66:name","value":"GK_CLASSRNG_S"},{"key":"$out:selectors:0:fields:66:type","value":"1"},{"key":"$out:selectors:0:fields:67:name","value":"MCC_TSSTDBY_S"},{"key":"$out:selectors:0:fields:67:type","value":"1"},{"key":"$out:selectors:0:fields:68:name","value":"AM_WAS1_SAT_PB"},{"key":"$out:selectors:0:fields:68:type","value":"1"},{"key":"$out:selectors:0:fields:69:name","value":"AM_WAS1_SUN_PB"},{"key":"$out:selectors:0:fields:69:type","value":"1"},{"key":"$out:selectors:0:fields:6:name","value":"UV_LF1_A.Alarm"},{"key":"$out:selectors:0:fields:6:type","value":"1"},{"key":"$out:selectors:0:fields:70:name","value":"GK_FVO_S"},{"key":"$out:selectors:0:fields:70:type","value":"1"},{"key":"$out:selectors:0:fields:71:name","value":"GK_GSF_S.IN"},{"key":"$out:selectors:0:fields:71:type","value":"1"},{"key":"$out:selectors:0:fields:72:name","value":"GK_PMPRNG_S"},{"key":"$out:selectors:0:fields:72:type","value":"1"},{"key":"$out:selectors:0:fields:73:name","value":"id"},{"key":"$out:selectors:0:fields:73:type","value":"7"},{"key":"$out:selectors:0:fields:7:name","value":"UV_WF1_A.Alarm"},{"key":"$out:selectors:0:fields:7:type","value":"1"},{"key":"$out:selectors:0:fields:8:name","value":"AM_RASAB1_VALVE"},{"key":"$out:selectors:0:fields:8:type","value":"1"},{"key":"$out:selectors:0:fields:9:name","value":"AM_RASAB2_VALVE"},{"key":"$out:selectors:0:fields:9:type","value":"1"},{"key":"$out:selectors:0:schemaType","value":"0"},{"key":"$out:selectors:0:selector","value":"0"},{"key":"$out:selectors:1:schemaType","value":"1"},{"key":"$out:selectors:1:selector","value":"1"},{"key":"name","value":"Literal"},{"key":"x","value":"100"},{"key":"y","value":"25"}]},{"id":"82da4567-fe4c-4f1e-9e34-0c35d6cf529e","pipelineTopologyId":"5240cb8a-440f-4e85-aac3-789c205e4624","kind":"script/execute","configuration":[{"key":"definition:engine","value":"csharp"},{"key":"definition:filesystem:allow","value":"false"},{"key":"definition:id","value":"f33a6380-332d-4fb7-b55a-e3c52ddb4e93"},{"key":"definition:location","value":"inline"},{"key":"definition:network:allow","value":"false"},{"key":"definition:runtime:background","value":"false"},{"key":"definition:runtime:debug","value":"false"},{"key":"definition:runtime:maxExecutionTime","value":"0"},{"key":"definition:source","value":"using Dynics.Arrow; \n\npublic class Script\n{\n    public static readonly string valueColumn = \"Timestamp\";\n\n    public static async Task ExecuteAsync(IScriptContext context, RecordBatch recordBatch, CancellationToken cancellationToken)\n    {\n        var tsColumn = recordBatch.Column(valueColumn) as TimestampArray;\n        var timestamp = DateTimeOffset.FromUnixTimeMilliseconds(tsColumn.GetValue(0).Value).UtcDateTime.ToString(\"O\");\n\n        var builder = new RecordBatch.Builder();\n\n        for (var i = 0; i < recordBatch.Schema.Fields.Count; i++)\n        {\n            var field = recordBatch.Schema.GetFieldByIndex(i);\n            if(field.Name == valueColumn)\n                continue;\n            var array = recordBatch.Column(i);\n            builder.Append(field, array);\n        }\n        builder.Append<StringArray>(valueColumn,false,x=> x.String(s=>s.Append(timestamp)));\n        await context.EmitAsync(builder.Build());\n    }\n}"}],"metadata":[{"key":"$in:schemaType","value":"1"},{"key":"name","value":"Format Timestamp"},{"key":"x","value":"100"},{"key":"y","value":"150"}]},{"id":"84bceaca-a801-4989-ab91-288e6da91550","pipelineTopologyId":"5240cb8a-440f-4e85-aac3-789c205e4624","kind":"std/log","configuration":[{"key":"level","value":"info"},{"key":"template","value":"Read Tags Success - Fast"}],"metadata":[{"key":"$in:schemaType","value":"2"},{"key":"name","value":"PLC Read Success Fast"},{"key":"x","value":"725"},{"key":"y","value":"-200"}]},{"id":"8cd87da6-4271-451a-94b1-5842c86b75f6","pipelineTopologyId":"5240cb8a-440f-4e85-aac3-789c205e4624","kind":"std/log","configuration":[{"key":"level","value":"error"},{"key":"template","value":"MQTT Log Error"}],"metadata":[{"key":"$in:schemaType","value":"2"},{"key":"name","value":"Log"},{"key":"x","value":"575"},{"key":"y","value":"250"}]},{"id":"d968c304-9514-4824-a43c-7559d50301eb","pipelineTopologyId":"5240cb8a-440f-4e85-aac3-789c205e4624","kind":"std/timer","configuration":[{"key":"count","value":"0"},{"key":"interval","value":"10000"}],"metadata":[{"key":"$in:schemaType","value":"2"},{"key":"name","value":"Timer"},{"key":"x","value":"125"},{"key":"y","value":"-200"}]},{"id":"f0c1cbeb-2167-4741-be03-22dcc78fa0b5","pipelineTopologyId":"5240cb8a-440f-4e85-aac3-789c205e4624","kind":"std/mqtt/publish","configuration":[{"key":"contentType","value":"application/json"},{"key":"payload","value":"{\r\n    \"TimeStamp\":\"{{data[\"Timestamp\"][0]}}\",\r\n    \"ID\":{{data[\"id\"][0]}},\r\n    \"SS_SCREENRUN_S\":{\"Val\":{{data[\"SS_SCREENRUN_S\"][0]}}},\r\n    \"SS_JAM_A.Alarm\":{\"Val\":{{data[\"SS_JAM_A.Alarm\"][0]}}},\r\n    \"SS_HL_A.Alarm\":{\"Val\":{{data[\"SS_HL_A.Alarm\"][0]}}},\r\n    \"UV_WF1_A.Alarm\":{\"Val\":{{data[\"UV_WF1_A.Alarm\"][0]}}},\r\n    \"UV_WF2_A.Alarm\":{\"Val\":{{data[\"UV_WF2_A.Alarm\"][0]}}},\r\n    \"MCC_NPWPRNG1_S\":{\"Val\":{{data[\"MCC_NPWPRNG1_S\"][0]}}},\r\n    \"MCC_NPWPRNG2_S\":{\"Val\":{{data[\"MCC_NPWPRNG2_S\"][0]}}},\r\n    \"MCC_SRFRNG_S\":{\"Val\":{{data[\"MCC_SRFRNG_S\"][0]}}},\r\n    \"MCC_TSNPRDY_S\":{\"Val\":{{data[\"MCC_TSNPRDY_S\"][0]}}},\r\n    \"MCC_TSSTDBY_S\":{\"Val\":{{data[\"MCC_TSSTDBY_S\"][0]}}},\r\n    \"MCC_TSTDBYRDY_S\":{\"Val\":{{data[\"MCC_TSTDBYRDY_S\"][0]}}},\r\n    \"MCC_BRFRNG_S\":{\"Val\":{{data[\"MCC_BRFRNG_S\"][0]}}},\r\n    \"MCC_GEN_A.Alarm\":{\"Val\":{{data[\"MCC_GEN_A.Alarm\"][0]}}},\r\n    \"MCC_GENRNG_S\":{\"Val\":{{data[\"MCC_GENRNG_S\"][0]}}},\r\n    \"AM_WAS1_FRI_PB\":{\"Val\":{{data[\"AM_WAS1_FRI_PB\"][0]}}},\r\n    \"AM_WAS1_MON_PB\":{\"Val\":{{data[\"AM_WAS1_MON_PB\"][0]}}},\r\n    \"AM_WAS1_SAT_PB\":{\"Val\":{{data[\"AM_WAS1_SAT_PB\"][0]}}},\r\n    \"AM_WAS1_SUN_PB\":{\"Val\":{{data[\"AM_WAS1_SUN_PB\"][0]}}},\r\n    \"AM_WAS1_THR_PB\":{\"Val\":{{data[\"AM_WAS1_THR_PB\"][0]}}},\r\n    \"AM_WAS1_TUE_PB\":{\"Val\":{{data[\"AM_WAS1_TUE_PB\"][0]}}},\r\n    \"AM_WAS1_WED_PB\":{\"Val\":{{data[\"AM_WAS1_WED_PB\"][0]}}},\r\n    \"GK_CLASSRNG_S\":{\"Val\":{{data[\"GK_CLASSRNG_S\"][0]}}},\r\n\t\"GK_FVO_S\":{\"Val\":{{data[\"GK_FVO_S\"][0]}}},\r\n\t\"GK_GSF_S.IN\":{\"Val\":{{data[\"GK_GSF_S.IN\"][0]}}},\r\n\t\"GK_PMPRNG_S\":{\"Val\":{{data[\"GK_PMPRNG_S\"][0]}}},\r\n\t\"GK_SHAND_S\":{\"Val\":{{data[\"GK_SHAND_S\"][0]}}},\r\n\t\"CG_A.IN\":{\"Val\":{{data[\"CG_A.IN\"][0]}}},\r\n\t\"CG_FWDREV_S\":{\"Val\":{{data[\"CG_FWDREV_S\"][0]}}},\r\n\t\"CG_START_S\":{\"Val\":{{data[\"CG_START_S\"][0]}}},\r\n\t\"UV_LF1_A.Alarm\":{\"Val\":{{data[\"UV_LF1_A.Alarm\"][0]}}},\r\n\t\"AM_RASAB1_VALVE\":{\"Val\":{{data[\"AM_RASAB1_VALVE\"][0]}}},\r\n\t\"AM_RASAB2_VALVE\":{\"Val\":{{data[\"AM_RASAB2_VALVE\"][0]}}},\r\n\t\"UV_LF2_A.Alarm\":{\"Val\":{{data[\"UV_LF2_A.Alarm\"][0]}}},\r\n\t\"AM_SEQ1A_VALVE\":{\"Val\":{{data[\"AM_SEQ1A_VALVE\"][0]}}},\r\n\t\"AM_SEQ1B_VALVE\":{\"Val\":{{data[\"AM_SEQ1B_VALVE\"][0]}}},\r\n\t\"AM_SEQ2A_VALVE\":{\"Val\":{{data[\"AM_SEQ2A_VALVE\"][0]}}},\r\n\t\"AM_SEQ2B_VALVE\":{\"Val\":{{data[\"AM_SEQ2B_VALVE\"][0]}}},\r\n    \"AM_ThickenerA_Alarm\":{\"Val\":{{data[\"AM_ThickenerA_Alarm\"][0]}}},\r\n    \"AM_ThickenerA_Status\":{\"Val\":{{data[\"AM_ThickenerA_Status\"][0]}}},\r\n    \"AM_ThickenerB_Alarm\":{\"Val\":{{data[\"AM_ThickenerB_Alarm\"][0]}}},\r\n    \"AM_ThickenerB_Status\":{\"Val\":{{data[\"AM_ThickenerB_Status\"][0]}}},\r\n    \"UV_GFD1_S.Alarm\":{\"Val\":{{data[\"UV_GFD1_S.Alarm\"][0]}}},\r\n    \"UV_GFD2_S.Alarm\":{\"Val\":{{data[\"UV_GFD2_S.Alarm\"][0]}}},\r\n    \"UV_CABHT1_A.Alarm\":{\"Val\":{{data[\"UV_CABHT1_A.Alarm\"][0]}}},\r\n    \"UV_CABHT2_A.Alarm\":{\"Val\":{{data[\"UV_CABHT2_A.Alarm\"][0]}}},\r\n\t\"AM_AirPress_NotOK\":{\"Val\":{{data[\"AM_AirPress_NotOK\"][0]}}},\r\n\t\"AM_Auger_Alarm\":{\"Val\":{{data[\"AM_Auger_Alarm\"][0]}}},\r\n\t\"AM_Auger_Status\":{\"Val\":{{data[\"AM_Auger_Status\"][0]}}},\r\n\t\"AM_BeltPress_Alarm\":{\"Val\":{{data[\"AM_BeltPress_Alarm\"][0]}}},\r\n\t\"AM_BeltPress_Status\":{\"Val\":{{data[\"AM_BeltPress_Status\"][0]}}},\r\n\t\"AM_DIGA_VALVE\":{\"Val\":{{data[\"AM_DIGA_VALVE\"][0]}}},\r\n\t\"AM_DIGB_VALVE\":{\"Val\":{{data[\"AM_DIGB_VALVE\"][0]}}},\r\n\t\"AM_ESTOP\":{\"Val\":{{data[\"AM_ESTOP\"][0]}}},\r\n\t\"AM_HFLA_VALVE\":{\"Val\":{{data[\"AM_HFLA_VALVE\"][0]}}},\r\n\t\"AM_HFLB_VALVE\":{\"Val\":{{data[\"AM_HFLB_VALVE\"][0]}}},\r\n\t\"AM_HVEFRNG_S\":{\"Val\":{{data[\"AM_HVEFRNG_S\"][0]}}},\r\n\t\"AM_HVGAS_A.IN\":{\"Val\":{{data[\"AM_HVGAS_A.IN\"][0]}}},\r\n\t\"AM_MainDrum_Alarm\":{\"Val\":{{data[\"AM_MainDrum_Alarm\"][0]}}},\r\n\t\"AM_MainDrum_Status\":{\"Val\":{{data[\"AM_MainDrum_Status\"][0]}}},\r\n\t\"AM_MX1_RUNNING\":{\"Val\":{{data[\"AM_MX1_RUNNING\"][0]}}},\r\n\t\"AM_MX2_RUNNING\":{\"Val\":{{data[\"AM_MX2_RUNNING\"][0]}}},\r\n\t\"AM_Polymer_Alarm\":{\"Val\":{{data[\"AM_Polymer_Alarm\"][0]}}},\r\n\t\"AM_Polymer_Status\":{\"Val\":{{data[\"AM_Polymer_Status\"][0]}}},\r\n\t\"AM_SludgePump_Alarm\":{\"Val\":{{data[\"AM_SludgePump_Alarm\"][0]}}},\r\n\t\"AM_SludgePump_Status\":{\"Val\":{{data[\"AM_SludgePump_Status\"][0]}}},\r\n\t\"AM_SRG_AB_VALVE\":{\"Val\":{{data[\"AM_SRG_AB_VALVE\"][0]}}},\r\n\t\"AM_SURGE_HIGH_ALARM\":{\"Val\":{{data[\"AM_SURGE_HIGH_ALARM\"][0]}}},\r\n\t\"AM_TANKA_HIGH_ALARM\":{\"Val\":{{data[\"AM_TANKA_HIGH_ALARM\"][0]}}},\r\n\t\"AM_TANKB_HIGH_ALARM\":{\"Val\":{{data[\"AM_TANKB_HIGH_ALARM\"][0]}}},\r\n\t\"AM_WASA_VALVE\":{\"Val\":{{data[\"AM_WASA_VALVE\"][0]}}},\r\n\t\"AM_WASB_VALVE\":{\"Val\":{{data[\"AM_WASB_VALVE\"][0]}}},\r\n\t\"AM_WaterPump_Alarm\":{\"Val\":{{data[\"AM_WaterPump_Alarm\"][0]}}},\r\n\t\"AM_WaterPump_Status\":{\"Val\":{{data[\"AM_WaterPump_Status\"][0]}}}\r\n}"},{"key":"qualityOfService","value":"at-least-once"},{"key":"resource","value":"0936ea23-0ed3-43ec-a60e-c6119bd11d69"},{"key":"retain","value":"false"},{"key":"subscriptionIdentifier","value":"0"},{"key":"topic","value":"devices/914/messages/events/"}],"metadata":[{"key":"$in:schemaType","value":"2"},{"key":"$out:selectors:0:schemaType","value":"1"},{"key":"$out:selectors:0:selector","value":"0"},{"key":"$out:selectors:1:fields:0:name","value":"ReasonCode"},{"key":"$out:selectors:1:fields:0:type","value":"7"},{"key":"$out:selectors:1:fields:1:name","value":"ReasonString"},{"key":"$out:selectors:1:fields:1:type","value":"13"},{"key":"$out:selectors:1:fields:2:name","value":"PacketIdentifier"},{"key":"$out:selectors:1:fields:2:type","value":"4"},{"key":"$out:selectors:1:schemaType","value":"0"},{"key":"$out:selectors:1:selector","value":"1"},{"key":"name","value":"MQTT Publish Topic"},{"key":"x","value":"325"},{"key":"y","value":"150"}]},{"id":"fe776806-a977-40bf-b246-d9652da77cbf","pipelineTopologyId":"5240cb8a-440f-4e85-aac3-789c205e4624","kind":"plc/read","configuration":[{"key":"$version","value":"1"},{"key":"ids:0","value":"44aefd1d-1f22-46dd-8cb5-31da903ab81e"},{"key":"resource","value":"8425671f-73fe-4159-8cb9-813749f59ab0"}],"metadata":[{"key":"$in:schemaType","value":"1"},{"key":"$out:selectors:0:fields:0:name","value":"SS_SCREENRUN_S"},{"key":"$out:selectors:0:fields:0:type","value":"1"},{"key":"$out:selectors:0:fields:10:name","value":"GK_SHAND_S"},{"key":"$out:selectors:0:fields:10:type","value":"1"},{"key":"$out:selectors:0:fields:11:name","value":"CG_A.IN"},{"key":"$out:selectors:0:fields:11:type","value":"1"},{"key":"$out:selectors:0:fields:12:name","value":"MCC_TSTDBYRDY_S"},{"key":"$out:selectors:0:fields:12:type","value":"1"},{"key":"$out:selectors:0:fields:13:name","value":"CG_FWDREV_S"},{"key":"$out:selectors:0:fields:13:type","value":"1"},{"key":"$out:selectors:0:fields:14:name","value":"CG_START_S"},{"key":"$out:selectors:0:fields:14:type","value":"1"},{"key":"$out:selectors:0:fields:15:name","value":"UV_LF1_A.Alarm"},{"key":"$out:selectors:0:fields:15:type","value":"1"},{"key":"$out:selectors:0:fields:16:name","value":"UV_WF1_A.Alarm"},{"key":"$out:selectors:0:fields:16:type","value":"1"},{"key":"$out:selectors:0:fields:17:name","value":"AM_RASAB1_VALVE"},{"key":"$out:selectors:0:fields:17:type","value":"1"},{"key":"$out:selectors:0:fields:18:name","value":"AM_RASAB2_VALVE"},{"key":"$out:selectors:0:fields:18:type","value":"1"},{"key":"$out:selectors:0:fields:19:name","value":"UV_LF2_A.Alarm"},{"key":"$out:selectors:0:fields:19:type","value":"1"},{"key":"$out:selectors:0:fields:1:name","value":"SS_JAM_A.Alarm"},{"key":"$out:selectors:0:fields:1:type","value":"1"},{"key":"$out:selectors:0:fields:20:name","value":"AM_SEQ1A_VALVE"},{"key":"$out:selectors:0:fields:20:type","value":"1"},{"key":"$out:selectors:0:fields:21:name","value":"AM_SEQ1B_VALVE"},{"key":"$out:selectors:0:fields:21:type","value":"1"},{"key":"$out:selectors:0:fields:22:name","value":"AM_SEQ2A_VALVE"},{"key":"$out:selectors:0:fields:22:type","value":"1"},{"key":"$out:selectors:0:fields:23:name","value":"MCC_BRFRNG_S"},{"key":"$out:selectors:0:fields:23:type","value":"1"},{"key":"$out:selectors:0:fields:24:name","value":"AM_SEQ2B_VALVE"},{"key":"$out:selectors:0:fields:24:type","value":"1"},{"key":"$out:selectors:0:fields:25:name","value":"AM_ThickenerA_Alarm"},{"key":"$out:selectors:0:fields:25:type","value":"1"},{"key":"$out:selectors:0:fields:26:name","value":"AM_ThickenerA_Status"},{"key":"$out:selectors:0:fields:26:type","value":"1"},{"key":"$out:selectors:0:fields:27:name","value":"AM_ThickenerB_Alarm"},{"key":"$out:selectors:0:fields:27:type","value":"1"},{"key":"$out:selectors:0:fields:28:name","value":"UV_WF2_A.Alarm"},{"key":"$out:selectors:0:fields:28:type","value":"1"},{"key":"$out:selectors:0:fields:29:name","value":"AM_ThickenerB_Status"},{"key":"$out:selectors:0:fields:29:type","value":"1"},{"key":"$out:selectors:0:fields:2:name","value":"AM_WAS1_THR_PB"},{"key":"$out:selectors:0:fields:2:type","value":"1"},{"key":"$out:selectors:0:fields:30:name","value":"UV_GFD1_S.Alarm"},{"key":"$out:selectors:0:fields:30:type","value":"1"},{"key":"$out:selectors:0:fields:31:name","value":"UV_GFD2_S.Alarm"},{"key":"$out:selectors:0:fields:31:type","value":"1"},{"key":"$out:selectors:0:fields:32:name","value":"UV_CABHT1_A.Alarm"},{"key":"$out:selectors:0:fields:32:type","value":"1"},{"key":"$out:selectors:0:fields:33:name","value":"UV_CABHT2_A.Alarm"},{"key":"$out:selectors:0:fields:33:type","value":"1"},{"key":"$out:selectors:0:fields:34:name","value":"MCC_GEN_A.Alarm"},{"key":"$out:selectors:0:fields:34:type","value":"1"},{"key":"$out:selectors:0:fields:35:name","value":"AM_AirPress_NotOK"},{"key":"$out:selectors:0:fields:35:type","value":"1"},{"key":"$out:selectors:0:fields:36:name","value":"AM_Auger_Alarm"},{"key":"$out:selectors:0:fields:36:type","value":"1"},{"key":"$out:selectors:0:fields:37:name","value":"AM_Auger_Status"},{"key":"$out:selectors:0:fields:37:type","value":"1"},{"key":"$out:selectors:0:fields:38:name","value":"AM_BeltPress_Alarm"},{"key":"$out:selectors:0:fields:38:type","value":"1"},{"key":"$out:selectors:0:fields:39:name","value":"AM_BeltPress_Status"},{"key":"$out:selectors:0:fields:39:type","value":"1"},{"key":"$out:selectors:0:fields:3:name","value":"AM_WAS1_TUE_PB"},{"key":"$out:selectors:0:fields:3:type","value":"1"},{"key":"$out:selectors:0:fields:40:name","value":"MCC_NPWPRNG1_S"},{"key":"$out:selectors:0:fields:40:type","value":"1"},{"key":"$out:selectors:0:fields:41:name","value":"AM_DIGA_VALVE"},{"key":"$out:selectors:0:fields:41:type","value":"1"},{"key":"$out:selectors:0:fields:42:name","value":"AM_DIGB_VALVE"},{"key":"$out:selectors:0:fields:42:type","value":"1"},{"key":"$out:selectors:0:fields:43:name","value":"AM_ESTOP"},{"key":"$out:selectors:0:fields:43:type","value":"1"},{"key":"$out:selectors:0:fields:44:name","value":"AM_HFLA_VALVE"},{"key":"$out:selectors:0:fields:44:type","value":"1"},{"key":"$out:selectors:0:fields:45:name","value":"MCC_GENRNG_S"},{"key":"$out:selectors:0:fields:45:type","value":"1"},{"key":"$out:selectors:0:fields:46:name","value":"AM_HFLB_VALVE"},{"key":"$out:selectors:0:fields:46:type","value":"1"},{"key":"$out:selectors:0:fields:47:name","value":"AM_HVEFRNG_S"},{"key":"$out:selectors:0:fields:47:type","value":"1"},{"key":"$out:selectors:0:fields:48:name","value":"AM_HVGAS_A.IN"},{"key":"$out:selectors:0:fields:48:type","value":"1"},{"key":"$out:selectors:0:fields:49:name","value":"AM_MainDrum_Alarm"},{"key":"$out:selectors:0:fields:49:type","value":"1"},{"key":"$out:selectors:0:fields:4:name","value":"SS_HL_A.Alarm"},{"key":"$out:selectors:0:fields:4:type","value":"1"},{"key":"$out:selectors:0:fields:50:name","value":"AM_MainDrum_Status"},{"key":"$out:selectors:0:fields:50:type","value":"1"},{"key":"$out:selectors:0:fields:51:name","value":"AM_MX1_RUNNING"},{"key":"$out:selectors:0:fields:51:type","value":"1"},{"key":"$out:selectors:0:fields:52:name","value":"MCC_NPWPRNG2_S"},{"key":"$out:selectors:0:fields:52:type","value":"1"},{"key":"$out:selectors:0:fields:53:name","value":"AM_MX2_RUNNING"},{"key":"$out:selectors:0:fields:53:type","value":"1"},{"key":"$out:selectors:0:fields:54:name","value":"AM_Polymer_Alarm"},{"key":"$out:selectors:0:fields:54:type","value":"1"},{"key":"$out:selectors:0:fields:55:name","value":"AM_Polymer_Status"},{"key":"$out:selectors:0:fields:55:type","value":"1"},{"key":"$out:selectors:0:fields:56:name","value":"AM_WAS1_FRI_PB"},{"key":"$out:selectors:0:fields:56:type","value":"1"},{"key":"$out:selectors:0:fields:57:name","value":"AM_SludgePump_Alarm"},{"key":"$out:selectors:0:fields:57:type","value":"1"},{"key":"$out:selectors:0:fields:58:name","value":"AM_SludgePump_Status"},{"key":"$out:selectors:0:fields:58:type","value":"1"},{"key":"$out:selectors:0:fields:59:name","value":"AM_SRG_AB_VALVE"},{"key":"$out:selectors:0:fields:59:type","value":"1"},{"key":"$out:selectors:0:fields:5:name","value":"AM_WAS1_WED_PB"},{"key":"$out:selectors:0:fields:5:type","value":"1"},{"key":"$out:selectors:0:fields:60:name","value":"AM_SURGE_HIGH_ALARM"},{"key":"$out:selectors:0:fields:60:type","value":"1"},{"key":"$out:selectors:0:fields:61:name","value":"AM_TANKA_HIGH_ALARM"},{"key":"$out:selectors:0:fields:61:type","value":"1"},{"key":"$out:selectors:0:fields:62:name","value":"AM_TANKB_HIGH_ALARM"},{"key":"$out:selectors:0:fields:62:type","value":"1"},{"key":"$out:selectors:0:fields:63:name","value":"AM_WASA_VALVE"},{"key":"$out:selectors:0:fields:63:type","value":"1"},{"key":"$out:selectors:0:fields:64:name","value":"MCC_SRFRNG_S"},{"key":"$out:selectors:0:fields:64:type","value":"1"},{"key":"$out:selectors:0:fields:65:name","value":"AM_WASB_VALVE"},{"key":"$out:selectors:0:fields:65:type","value":"1"},{"key":"$out:selectors:0:fields:66:name","value":"AM_WaterPump_Alarm"},{"key":"$out:selectors:0:fields:66:type","value":"1"},{"key":"$out:selectors:0:fields:67:name","value":"AM_WAS1_MON_PB"},{"key":"$out:selectors:0:fields:67:type","value":"1"},{"key":"$out:selectors:0:fields:68:name","value":"AM_WaterPump_Status"},{"key":"$out:selectors:0:fields:68:type","value":"1"},{"key":"$out:selectors:0:fields:69:name","value":"MCC_TSNPRDY_S"},{"key":"$out:selectors:0:fields:69:type","value":"1"},{"key":"$out:selectors:0:fields:6:name","value":"GK_CLASSRNG_S"},{"key":"$out:selectors:0:fields:6:type","value":"1"},{"key":"$out:selectors:0:fields:70:name","value":"MCC_TSSTDBY_S"},{"key":"$out:selectors:0:fields:70:type","value":"1"},{"key":"$out:selectors:0:fields:71:name","value":"AM_WAS1_SAT_PB"},{"key":"$out:selectors:0:fields:71:type","value":"1"},{"key":"$out:selectors:0:fields:72:name","value":"AM_WAS1_SUN_PB"},{"key":"$out:selectors:0:fields:72:type","value":"1"},{"key":"$out:selectors:0:fields:7:name","value":"GK_FVO_S"},{"key":"$out:selectors:0:fields:7:type","value":"1"},{"key":"$out:selectors:0:fields:8:name","value":"GK_GSF_S.IN"},{"key":"$out:selectors:0:fields:8:type","value":"1"},{"key":"$out:selectors:0:fields:9:name","value":"GK_PMPRNG_S"},{"key":"$out:selectors:0:fields:9:type","value":"1"},{"key":"$out:selectors:0:schemaType","value":"0"},{"key":"$out:selectors:0:selector","value":"0"},{"key":"name","value":"PLC Read"},{"key":"x","value":"125"},{"key":"y","value":"-100"}]}],"pipes":[{"id":"09e8a4e5-5664-44d9-80f8-8f3e9d0bcf01","sourceId":"24ea7022-8eed-493b-876f-f82627624bb7","sinkId":"d968c304-9514-4824-a43c-7559d50301eb","selector":-1},{"id":"3782ff54-6088-4aa5-82ab-1d89e3d3b560","sourceId":"f0c1cbeb-2167-4741-be03-22dcc78fa0b5","sinkId":"00b1a076-9db4-4e3b-8dd2-b54016d5090b","selector":0},{"id":"5e15ef20-8acc-42f6-b531-3bc39b8c422f","sourceId":"82da4567-fe4c-4f1e-9e34-0c35d6cf529e","sinkId":"f0c1cbeb-2167-4741-be03-22dcc78fa0b5","selector":0},{"id":"803a11f6-fbfd-486e-bbfb-f731bbbbc324","sourceId":"3f4a9aa8-d71a-4584-a827-1e3225b38547","sinkId":"2879b81d-e812-49bc-aaeb-089b4abb51c1","selector":0},{"id":"a503b249-b3f9-4021-a39b-fee98438c8ad","sourceId":"fe776806-a977-40bf-b246-d9652da77cbf","sinkId":"3f4a9aa8-d71a-4584-a827-1e3225b38547","selector":0},{"id":"e0d86b08-8439-44fe-a622-30c5d207dd2d","sourceId":"f0c1cbeb-2167-4741-be03-22dcc78fa0b5","sinkId":"8cd87da6-4271-451a-94b1-5842c86b75f6","selector":1},{"id":"e4196142-f8fc-40b3-851b-f1ebe99c29b5","sourceId":"2879b81d-e812-49bc-aaeb-089b4abb51c1","sinkId":"82da4567-fe4c-4f1e-9e34-0c35d6cf529e","selector":0},{"id":"ef8c60fb-bbf0-41a9-ae61-27bcde9948f7","sourceId":"d968c304-9514-4824-a43c-7559d50301eb","sinkId":"fe776806-a977-40bf-b246-d9652da77cbf","selector":-1}],"id":"5240cb8a-440f-4e85-aac3-789c205e4624","dateCreated":"2024-02-08T21:41:07.4424665","dateLastModified":"2024-05-24T15:16:03.5691942"}],"pipelineJobs":[]}