{"version":1,"request":{"fileName":"flow-influxdbWater-20240821-175643.json","resourceIds":[],"dashboardIds":[],"pipelineIds":["53440c38-7c0c-4f51-bd11-f3bc52793c07"],"pipelineJobIds":[],"resolutions":[]},"dashboards":[],"resources":[],"pipelines":[{"entryPointId":"adbe3d6a-3882-46de-8b5f-8c57e6def72e","metadata":[{"key":"description","value":""},{"key":"name","value":"InfluxDB - Water"}],"operators":[{"id":"0051ca0d-a1fc-4564-8f8f-ca06ff46e5c4","kind":"std/timer","configuration":[{"key":"count","value":"0"},{"key":"interval","value":"30000"}],"metadata":[{"key":"name","value":"Timer - Slow (30s)"},{"key":"x","value":"250"},{"key":"y","value":"125"}]},{"id":"13bdc00e-2f0e-4aa8-bbca-cf5e71a6cfbb","kind":"plc/read","configuration":[{"key":"$version","value":"1"},{"key":"ids:0","value":"f373c556-bce5-49c9-b33f-69b623d2b0ce"},{"key":"resource","value":"8f7f5141-7b8c-4852-b4df-bd1647696872"}],"metadata":[{"key":"$in:schemaType","value":"1"},{"key":"$out:selectors:0:fields:0:name","value":"ATSNormalRdyDI"},{"key":"$out:selectors:0:fields:0:type","value":"1"},{"key":"$out:selectors:0:fields:10:name","value":"ATSStandyByRdyDI"},{"key":"$out:selectors:0:fields:10:type","value":"1"},{"key":"$out:selectors:0:fields:11:name","value":"ClearWellHighLevelDI"},{"key":"$out:selectors:0:fields:11:type","value":"1"},{"key":"$out:selectors:0:fields:12:name","value":"ClearWellLowLevelDI"},{"key":"$out:selectors:0:fields:12:type","value":"1"},{"key":"$out:selectors:0:fields:13:name","value":"GeneratorAlarmDI"},{"key":"$out:selectors:0:fields:13:type","value":"1"},{"key":"$out:selectors:0:fields:14:name","value":"GeneratorStatusDI"},{"key":"$out:selectors:0:fields:14:type","value":"1"},{"key":"$out:selectors:0:fields:15:name","value":"OxygenMonitorDI"},{"key":"$out:selectors:0:fields:15:type","value":"1"},{"key":"$out:selectors:0:fields:16:name","value":"PlantRunningDI"},{"key":"$out:selectors:0:fields:16:type","value":"1"},{"key":"$out:selectors:0:fields:17:name","value":"PlantStartDI"},{"key":"$out:selectors:0:fields:17:type","value":"1"},{"key":"$out:selectors:0:fields:1:name","value":"ATSOnStandbyDI"},{"key":"$out:selectors:0:fields:1:type","value":"1"},{"key":"$out:selectors:0:fields:2:name","value":"ServicePump1Running_DI"},{"key":"$out:selectors:0:fields:2:type","value":"1"},{"key":"$out:selectors:0:fields:3:name","value":"ServicePump2Running_DI"},{"key":"$out:selectors:0:fields:3:type","value":"1"},{"key":"$out:selectors:0:fields:4:name","value":"PlantShutdownDO"},{"key":"$out:selectors:0:fields:4:type","value":"1"},{"key":"$out:selectors:0:fields:5:name","value":"WaterTowerLevelCommsDI"},{"key":"$out:selectors:0:fields:5:type","value":"1"},{"key":"$out:selectors:0:fields:6:name","value":"PlantEnableChemicalsDO"},{"key":"$out:selectors:0:fields:6:type","value":"1"},{"key":"$out:selectors:0:fields:7:name","value":"CombinedChlorinatorVacDI"},{"key":"$out:selectors:0:fields:7:type","value":"1"},{"key":"$out:selectors:0:fields:8:name","value":"FreeChlorinatorVacDI"},{"key":"$out:selectors:0:fields:8:type","value":"1"},{"key":"$out:selectors:0:fields:9:name","value":"CarbonFeeder.RunningFwd"},{"key":"$out:selectors:0:fields:9:type","value":"1"},{"key":"$out:selectors:0:schemaType","value":"0"},{"key":"$out:selectors:0:selector","value":"0"},{"key":"name","value":"PLC Read - Fast"},{"key":"x","value":"500"},{"key":"y","value":"0"}]},{"id":"13fe925f-6e79-4560-a97c-34a8718d4e91","kind":"std/log","configuration":[{"key":"level","value":"error"},{"key":"template","value":"HTTP Error"}],"metadata":[{"key":"$in:schemaType","value":"2"},{"key":"name","value":"Error - HTTP"},{"key":"x","value":"1500"},{"key":"y","value":"-125"}]},{"id":"2913e283-1d31-49dc-8c61-7e2c90c8b8de","kind":"std/log","configuration":[{"key":"level","value":"error"},{"key":"template","value":"Error reading from PLC."}],"metadata":[{"key":"$in:schemaType","value":"2"},{"key":"name","value":"Log"},{"key":"x","value":"750"},{"key":"y","value":"-125"}]},{"id":"2bdac70a-064e-4cac-8646-8e5634f4c6b1","kind":"std/timestamp","configuration":[{"key":"columnName","value":"Timestamp"}],"metadata":[{"key":"$in:schemaType","value":"2"},{"key":"$out:selectors:0:fields:0:name","value":"ATSNormalRdyDI"},{"key":"$out:selectors:0:fields:0:type","value":"1"},{"key":"$out:selectors:0:fields:10:name","value":"ServicePump1Running_DI"},{"key":"$out:selectors:0:fields:10:type","value":"1"},{"key":"$out:selectors:0:fields:11:name","value":"ServicePump2Running_DI"},{"key":"$out:selectors:0:fields:11:type","value":"1"},{"key":"$out:selectors:0:fields:12:name","value":"PlantShutdownDO"},{"key":"$out:selectors:0:fields:12:type","value":"1"},{"key":"$out:selectors:0:fields:13:name","value":"WaterTowerLevelCommsDI"},{"key":"$out:selectors:0:fields:13:type","value":"1"},{"key":"$out:selectors:0:fields:14:name","value":"PlantEnableChemicalsDO"},{"key":"$out:selectors:0:fields:14:type","value":"1"},{"key":"$out:selectors:0:fields:15:name","value":"CombinedChlorinatorVacDI"},{"key":"$out:selectors:0:fields:15:type","value":"1"},{"key":"$out:selectors:0:fields:16:name","value":"FreeChlorinatorVacDI"},{"key":"$out:selectors:0:fields:16:type","value":"1"},{"key":"$out:selectors:0:fields:17:name","value":"CarbonFeeder.RunningFwd"},{"key":"$out:selectors:0:fields:17:type","value":"1"},{"key":"$out:selectors:0:fields:18:name","value":"Timestamp"},{"key":"$out:selectors:0:fields:18:type","value":"18"},{"key":"$out:selectors:0:fields:1:name","value":"ATSStandyByRdyDI"},{"key":"$out:selectors:0:fields:1:type","value":"1"},{"key":"$out:selectors:0:fields:2:name","value":"ClearWellHighLevelDI"},{"key":"$out:selectors:0:fields:2:type","value":"1"},{"key":"$out:selectors:0:fields:3:name","value":"ClearWellLowLevelDI"},{"key":"$out:selectors:0:fields:3:type","value":"1"},{"key":"$out:selectors:0:fields:4:name","value":"GeneratorAlarmDI"},{"key":"$out:selectors:0:fields:4:type","value":"1"},{"key":"$out:selectors:0:fields:5:name","value":"GeneratorStatusDI"},{"key":"$out:selectors:0:fields:5:type","value":"1"},{"key":"$out:selectors:0:fields:6:name","value":"OxygenMonitorDI"},{"key":"$out:selectors:0:fields:6:type","value":"1"},{"key":"$out:selectors:0:fields:7:name","value":"PlantRunningDI"},{"key":"$out:selectors:0:fields:7:type","value":"1"},{"key":"$out:selectors:0:fields:8:name","value":"PlantStartDI"},{"key":"$out:selectors:0:fields:8:type","value":"1"},{"key":"$out:selectors:0:fields:9:name","value":"ATSOnStandbyDI"},{"key":"$out:selectors:0:fields:9:type","value":"1"},{"key":"$out:selectors:0:schemaType","value":"0"},{"key":"$out:selectors:0:selector","value":"0"},{"key":"$out:selectors:1:schemaType","value":"1"},{"key":"$out:selectors:1:selector","value":"1"},{"key":"name","value":"Timestamp"},{"key":"x","value":"750"},{"key":"y","value":"0"}]},{"id":"2e5b7cda-cd83-4ed6-9874-03305030416a","kind":"std/timer","configuration":[{"key":"count","value":"0"},{"key":"interval","value":"10000"}],"metadata":[{"key":"$in:schemaType","value":"2"},{"key":"name","value":"Timer - Fast (10s)"},{"key":"x","value":"250"},{"key":"y","value":"0"}]},{"id":"37d83a62-e984-4ee8-9cda-e454c0e7618f","kind":"std/timestamp","configuration":[{"key":"columnName","value":"Timestamp"}],"metadata":[{"key":"$in:schemaType","value":"2"},{"key":"$out:selectors:0:fields:0:name","value":"Timestamp"},{"key":"$out:selectors:0:fields:0:type","value":"18"},{"key":"$out:selectors:0:schemaType","value":"0"},{"key":"$out:selectors:0:selector","value":"0"},{"key":"$out:selectors:1:schemaType","value":"1"},{"key":"$out:selectors:1:selector","value":"1"},{"key":"name","value":"Timestamp"},{"key":"x","value":"750"},{"key":"y","value":"125"}]},{"id":"42b977b4-4c79-4b1a-9609-cefe6a504b44","kind":"std/log","configuration":[{"key":"level","value":"info"},{"key":"template","value":"Successful write!"}],"metadata":[{"key":"$in:schemaType","value":"2"},{"key":"name","value":"InfuxDB - Write Successful"},{"key":"x","value":"1750"},{"key":"y","value":"-125"}]},{"id":"4ec96d8f-54b2-4882-8614-3fbaf000247c","kind":"std/http","configuration":[{"key":"$version","value":"1"},{"key":"contentColumn","value":"Content"},{"key":"contentEncoding","value":"0"},{"key":"contentSource","value":"2"},{"key":"contentTemplate","value":"transferSwitch,location=water_plant,sensor_id=ATS NormalReady={{data[\u0022ATSNormalRdyDI\u0022][0]}},StandbyReady={{data[\u0022ATSStandyByRdyDI\u0022][0]}},OnStandby={{data[\u0022ATSOnStandbyDI\u0022][0]}}\r\nchlorinator,location=water_plant,sensor_id=Combined Vac={{data[\u0022CombinedChlorinatorVacDI\u0022][0]}}\r\nchlorinator,location=water_plant,sensor_id=Free Vac={{data[\u0022FreeChlorinatorVacDI\u0022][0]}}\r\nwatertower,location=water_plant,sensor_id=Main CommsStatus={{data[\u0022WaterTowerLevelCommsDI\u0022][0]}}\r\ngenerator,location=water_plant,sensor_id=Main Alarm={{data[\u0022GeneratorAlarmDI\u0022][0]}},Running={{data[\u0022GeneratorStatusDI\u0022][0]}}\r\noxygenMonitor,location=water_plant,sensor_id=Main Alarm={{data[\u0022OxygenMonitorDI\u0022][0]}}\r\nplantStatus,location=water_plant Running={{data[\u0022PlantRunningDI\u0022][0]}},Starting={{data[\u0022PlantStartDI\u0022][0]}},ShutdownCommand={{data[\u0022PlantShutdownDO\u0022][0]}},EnableChemicalsCommand={{data[\u0022PlantEnableChemicalsDO\u0022][0]}}\r\nservicePump,location=water_plant,sensor_id=ServicePump1 Running={{data[\u0022ServicePump1Running_DI\u0022][0]}}\r\nservicePump,location=water_plant,sensor_id=ServicePump2 Running={{data[\u0022ServicePump2Running_DI\u0022][0]}}\r\ncarbonFeeder,location=water_plant,sensor_id=Main Running={{data[\u0022CarbonFeeder.RunningFwd\u0022][0]}}\r\nclearWell,location=water_plant HighLevel={{data[\u0022ClearWellHighLevelDI\u0022][0]}},LowLevel={{data[\u0022ClearWellLowLevelDI\u0022][0]}}\r\n"},{"key":"contentType","value":"text/plain"},{"key":"method","value":"post"},{"key":"queryParams:bucket","value":"9d2904211cd459a4"},{"key":"queryParams:org","value":"376aed6cc475571d"},{"key":"queryParams:precision","value":"ms"},{"key":"resource","value":"d54f8274-5e13-4d78-86ce-4a59c404ea70"},{"key":"url","value":"api/v2/write"}],"metadata":[{"key":"$in:schemaType","value":"1"},{"key":"$out:selectors:0:fields:0:name","value":"Timestamp"},{"key":"$out:selectors:0:fields:0:type","value":"9"},{"key":"$out:selectors:0:fields:1:name","value":"StatusCode"},{"key":"$out:selectors:0:fields:1:type","value":"9"},{"key":"$out:selectors:0:fields:2:name","value":"ContentType"},{"key":"$out:selectors:0:fields:2:type","value":"13"},{"key":"$out:selectors:0:fields:3:name","value":"Content"},{"key":"$out:selectors:0:fields:3:type","value":"13"},{"key":"$out:selectors:0:schemaType","value":"0"},{"key":"$out:selectors:0:selector","value":"0"},{"key":"$out:selectors:1:schemaType","value":"1"},{"key":"$out:selectors:1:selector","value":"1"},{"key":"name","value":"POST Fast"},{"key":"x","value":"1250"},{"key":"y","value":"0"}]},{"id":"631789ea-fdc5-4b52-81d3-0df7823b9269","kind":"std/condition","configuration":[{"key":"logicalOperator","value":"And"},{"key":"sets:0:column","value":"StatusCode"},{"key":"sets:0:operator","value":"EqualTo"},{"key":"sets:0:value","value":"204"}],"metadata":[{"key":"$in:fields:0:name","value":"204"},{"key":"$in:fields:0:type","value":"-1"},{"key":"$in:schemaType","value":"2"},{"key":"$out:selectors:0:schemaType","value":"1"},{"key":"$out:selectors:0:selector","value":"0"},{"key":"$out:selectors:1:schemaType","value":"1"},{"key":"$out:selectors:1:selector","value":"1"},{"key":"$out:selectors:2:schemaType","value":"1"},{"key":"$out:selectors:2:selector","value":"2"},{"key":"name","value":"Write Success"},{"key":"x","value":"1500"},{"key":"y","value":"0"}]},{"id":"adbe3d6a-3882-46de-8b5f-8c57e6def72e","kind":"std/forward","configuration":[],"metadata":[{"key":"name","value":"Entry Point"},{"key":"x","value":"0"},{"key":"y","value":"0"}]},{"id":"b7ee85e5-f093-45fd-a668-51281b0b7fe9","kind":"std/log","configuration":[{"key":"level","value":"error"},{"key":"template","value":"InfluxDB write error. Response code: HTTP {{data[\u0022StatusCode\u0022][0]}}"}],"metadata":[{"key":"$in:schemaType","value":"2"},{"key":"name","value":"Error - InfluxDB API"},{"key":"x","value":"1750"},{"key":"y","value":"0"}]},{"id":"d59339d7-c970-4145-a499-593f37d9b736","kind":"std/http","configuration":[{"key":"$version","value":"1"},{"key":"contentColumn","value":"Content"},{"key":"contentEncoding","value":"0"},{"key":"contentSource","value":"2"},{"key":"contentTemplate","value":"chlorinator,location=water_plant,sensor_id=Combined PPM={{data[\u0022CombinedChlorinatorAI.PV\u0022][0]}}\r\nchlorinator,location=water_plant,sensor_id=Free PPM={{data[\u0022FreeChlorinatorAI.PV\u0022][0]}}\r\nwaterMeter,location=water_plant,sensor_id=Raw Flow={{data[\u0022RawWaterMeterAI.PV\u0022][0]}},TotalToday={{data[\u0022RawWaterMeterTotalizer.CurDay\u0022][0]}},TotalYesterday={{data[\u0022RawWaterMeterTotalizer.YesDay\u0022][0]}}\r\nwatertower,location=water_plant,sensor_id=Main Level={{data[\u0022WaterTowerLevelAI.PV\u0022][0]}}\r\nturbidity,location=water_plant Combined={{data[\u0022CombinedTurbidityAI.PV\u0022][0]}},Filter1={{data[\u0022Filter1TurbidityAI.PV\u0022][0]}},Filter2={{data[\u0022Filter2TurbidityAI.PV\u0022][0]}},Filter3={{data[\u0022Filter3TurbidityAI.PV\u0022][0]}}\r\ncarbonFeed,location=water_plant,sensor_id=Main Speed={{data[\u0022CarbonFeeder.SpeedAI.PV\u0022][0]}}\r\nchemicalScale,location=water_plant,sensor_id=Scale1 Weight={{data[\u0022ChemicalScale1AI.PV\u0022][0]}}\r\nchemicalScale,location=water_plant,sensor_id=Scale2 Weight={{data[\u0022ChemicalScale2AI.PV\u0022][0]}}\r\nchemicalScale,location=water_plant,sensor_id=Scale3 Weight={{data[\u0022ChemicalScale3AI.PV\u0022][0]}}\r\nchemicalScale,location=water_plant,sensor_id=Scale4 Weight={{data[\u0022ChemicalScale4AI.PV\u0022][0]}}\r\nph,location=water_plant,sensor_id=Main pH={{data[\u0022pHAI.PV\u0022][0]}}\r\n"},{"key":"contentType","value":"text/plain"},{"key":"method","value":"post"},{"key":"queryParams:bucket","value":"9d2904211cd459a4"},{"key":"queryParams:org","value":"376aed6cc475571d"},{"key":"queryParams:precision","value":"ms"},{"key":"resource","value":"d54f8274-5e13-4d78-86ce-4a59c404ea70"},{"key":"url","value":"api/v2/write"}],"metadata":[{"key":"$in:schemaType","value":"1"},{"key":"$out:selectors:0:fields:0:name","value":"Timestamp"},{"key":"$out:selectors:0:fields:0:type","value":"9"},{"key":"$out:selectors:0:fields:1:name","value":"StatusCode"},{"key":"$out:selectors:0:fields:1:type","value":"9"},{"key":"$out:selectors:0:fields:2:name","value":"ContentType"},{"key":"$out:selectors:0:fields:2:type","value":"13"},{"key":"$out:selectors:0:fields:3:name","value":"Content"},{"key":"$out:selectors:0:fields:3:type","value":"13"},{"key":"$out:selectors:0:schemaType","value":"0"},{"key":"$out:selectors:0:selector","value":"0"},{"key":"$out:selectors:1:schemaType","value":"1"},{"key":"$out:selectors:1:selector","value":"1"},{"key":"name","value":"POST Slow"},{"key":"x","value":"1250"},{"key":"y","value":"125"}]},{"id":"dc509c83-8268-4699-87be-a82d50273330","kind":"script/execute","configuration":[{"key":"definition:engine","value":"csharp"},{"key":"definition:filesystem:allow","value":"false"},{"key":"definition:id","value":"9f88f18a-74a8-4ecd-b4f1-2d230b3bf461"},{"key":"definition:location","value":"inline"},{"key":"definition:network:allow","value":"false"},{"key":"definition:runtime:background","value":"false"},{"key":"definition:runtime:debug","value":"false"},{"key":"definition:runtime:maxExecutionTime","value":"0"},{"key":"definition:source","value":"using Dynics.Arrow; \n\npublic class Script\n{\n    public static readonly string timestampColumn = \u0022Timestamp\u0022;\n\n    public static async Task ExecuteAsync(IScriptContext context, RecordBatch recordBatch, CancellationToken cancellationToken)\n    {\n        // Get timestamp\n        var tsColumn = recordBatch.Column(timestampColumn) as TimestampArray;\n        long? timestamp = tsColumn.GetValue(0).Value;\n\n        // New record builder\n        var builder = new RecordBatch.Builder();\n\n        // For all fields\n        for (var i = 0; i \u003C recordBatch.Schema.Fields.Count; i\u002B\u002B)\n        {\n            // Get the field schema\n            var field = recordBatch.Schema.GetFieldByIndex(i);\n            // Skip the timestamp column\n            if(field.Name == timestampColumn)\n                continue;\n            // Add column to new record\n            var array = recordBatch.Column(i);\n            builder.Append(field, array);\n        }\n        // Append timestamp\n        builder.Append\u003CStringArray\u003E(timestampColumn,false,x=\u003E x.String(s=\u003Es.Append(timestamp.ToString())));\n        await context.EmitAsync(builder.Build());\n    }\n}"}],"metadata":[{"key":"name","value":"Format Timestamp"},{"key":"x","value":"1000"},{"key":"y","value":"125"}]},{"id":"f58801ab-176f-41f8-a588-cc2fa9712458","kind":"script/execute","configuration":[{"key":"definition:engine","value":"csharp"},{"key":"definition:filesystem:allow","value":"false"},{"key":"definition:id","value":"9f88f18a-74a8-4ecd-b4f1-2d230b3bf461"},{"key":"definition:location","value":"inline"},{"key":"definition:network:allow","value":"false"},{"key":"definition:runtime:background","value":"false"},{"key":"definition:runtime:debug","value":"false"},{"key":"definition:runtime:maxExecutionTime","value":"0"},{"key":"definition:source","value":"using Dynics.Arrow; \n\npublic class Script\n{\n    public static readonly string timestampColumn = \u0022Timestamp\u0022;\n\n    public static async Task ExecuteAsync(IScriptContext context, RecordBatch recordBatch, CancellationToken cancellationToken)\n    {\n        // Get timestamp\n        var tsColumn = recordBatch.Column(timestampColumn) as TimestampArray;\n        long? timestamp = tsColumn.GetValue(0).Value;\n\n        // New record builder\n        var builder = new RecordBatch.Builder();\n\n        // For all fields\n        for (var i = 0; i \u003C recordBatch.Schema.Fields.Count; i\u002B\u002B)\n        {\n            // Get the field schema\n            var field = recordBatch.Schema.GetFieldByIndex(i);\n            // Skip the timestamp column\n            if(field.Name == timestampColumn)\n                continue;\n            // Add column to new record\n            var array = recordBatch.Column(i);\n            builder.Append(field, array);\n        }\n        // Append timestamp\n        builder.Append\u003CStringArray\u003E(timestampColumn,false,x=\u003E x.String(s=\u003Es.Append(timestamp.ToString())));\n        await context.EmitAsync(builder.Build());\n    }\n}"}],"metadata":[{"key":"$in:schemaType","value":"1"},{"key":"name","value":"Format Timestamp"},{"key":"x","value":"1000"},{"key":"y","value":"0"}]},{"id":"fd67d7e3-6dc1-429c-842b-92b9d7eb8497","kind":"plc/read","configuration":[{"key":"$version","value":"1"},{"key":"ids:0","value":"0b77dff6-60d9-4e5c-9f51-07568ecdd1b4"},{"key":"resource","value":"8f7f5141-7b8c-4852-b4df-bd1647696872"}],"metadata":[{"key":"name","value":"PLC Read - Slow"},{"key":"x","value":"500"},{"key":"y","value":"125"}]}],"pipes":[{"id":"014757bd-c5dc-47c6-ab70-575acbc6e9b6","sourceId":"adbe3d6a-3882-46de-8b5f-8c57e6def72e","sinkId":"2e5b7cda-cd83-4ed6-9874-03305030416a","selector":-1},{"id":"022e16b9-0702-436e-b32b-b068ae735172","sourceId":"2bdac70a-064e-4cac-8646-8e5634f4c6b1","sinkId":"f58801ab-176f-41f8-a588-cc2fa9712458","selector":0},{"id":"1b613cd0-9962-4fcb-854c-c6cca2fd1229","sourceId":"adbe3d6a-3882-46de-8b5f-8c57e6def72e","sinkId":"0051ca0d-a1fc-4564-8f8f-ca06ff46e5c4","selector":-1},{"id":"249ed056-b63d-461c-8f45-601537e165c8","sourceId":"4ec96d8f-54b2-4882-8614-3fbaf000247c","sinkId":"13fe925f-6e79-4560-a97c-34a8718d4e91","selector":1},{"id":"2772a4c2-ec85-45c6-b298-e378dca937d3","sourceId":"37d83a62-e984-4ee8-9cda-e454c0e7618f","sinkId":"dc509c83-8268-4699-87be-a82d50273330","selector":0},{"id":"2f90229f-2180-4ac6-bc32-30071b105126","sourceId":"d59339d7-c970-4145-a499-593f37d9b736","sinkId":"631789ea-fdc5-4b52-81d3-0df7823b9269","selector":0},{"id":"41d5fe3b-e81f-4239-9e0d-c017dac6d1e5","sourceId":"f58801ab-176f-41f8-a588-cc2fa9712458","sinkId":"4ec96d8f-54b2-4882-8614-3fbaf000247c","selector":2},{"id":"42641d59-e078-4c10-915a-f9cb779d94f4","sourceId":"631789ea-fdc5-4b52-81d3-0df7823b9269","sinkId":"b7ee85e5-f093-45fd-a668-51281b0b7fe9","selector":1},{"id":"72a2a636-b2e2-4df6-9cb6-6453f7526c01","sourceId":"0051ca0d-a1fc-4564-8f8f-ca06ff46e5c4","sinkId":"fd67d7e3-6dc1-429c-842b-92b9d7eb8497","selector":-1},{"id":"7e6a4c9d-ddfd-4a85-93f0-b6a6558ee7f6","sourceId":"d59339d7-c970-4145-a499-593f37d9b736","sinkId":"13fe925f-6e79-4560-a97c-34a8718d4e91","selector":1},{"id":"8468c7c2-06b5-4e07-addf-aee15d0cce56","sourceId":"13bdc00e-2f0e-4aa8-bbca-cf5e71a6cfbb","sinkId":"2bdac70a-064e-4cac-8646-8e5634f4c6b1","selector":0},{"id":"85ca6511-6a1b-4637-a56a-faf89932fa25","sourceId":"2e5b7cda-cd83-4ed6-9874-03305030416a","sinkId":"13bdc00e-2f0e-4aa8-bbca-cf5e71a6cfbb","selector":-1},{"id":"924c3bfe-e314-4fbc-a8dc-e7b56b7cc0d1","sourceId":"4ec96d8f-54b2-4882-8614-3fbaf000247c","sinkId":"631789ea-fdc5-4b52-81d3-0df7823b9269","selector":0},{"id":"940fbef3-1fc9-4afb-9f39-15f8b25240d2","sourceId":"fd67d7e3-6dc1-429c-842b-92b9d7eb8497","sinkId":"37d83a62-e984-4ee8-9cda-e454c0e7618f","selector":0},{"id":"a63f7de2-14ee-4fb6-8b5a-96d90f7208fd","sourceId":"dc509c83-8268-4699-87be-a82d50273330","sinkId":"d59339d7-c970-4145-a499-593f37d9b736","selector":2},{"id":"b2f57003-cd88-44e4-9ee3-5daffe96d91e","sourceId":"13bdc00e-2f0e-4aa8-bbca-cf5e71a6cfbb","sinkId":"2913e283-1d31-49dc-8c61-7e2c90c8b8de","selector":1},{"id":"f920b24b-4d38-4659-94a3-994242e6f2fe","sourceId":"fd67d7e3-6dc1-429c-842b-92b9d7eb8497","sinkId":"2913e283-1d31-49dc-8c61-7e2c90c8b8de","selector":1}],"id":"53440c38-7c0c-4f51-bd11-f3bc52793c07","dateCreated":"0001-01-01T00:00:00","dateLastModified":"0001-01-01T00:00:00"}],"pipelineJobs":[{"pipelineTopologyId":"3b4936fa-bd0a-4301-99aa-6b9edd4d967c","status":4,"dateStarted":"2024-08-14T15:01:24.4909672","alertSummary":[{"severity":2,"count":0},{"severity":3,"count":0},{"severity":0,"count":0},{"severity":1,"count":0}],"id":"285c6c55-c527-4cf0-94e4-b1fd54626eb7","dateCreated":"2024-08-14T15:01:24.483787","dateLastModified":"2024-08-14T15:01:24.483787"},{"pipelineTopologyId":"53440c38-7c0c-4f51-bd11-f3bc52793c07","status":4,"dateStarted":"2024-08-14T15:01:23.2603262","alertSummary":[{"severity":2,"count":0},{"severity":3,"count":0},{"severity":0,"count":0},{"severity":1,"count":0}],"id":"7a018fae-c444-4c0c-970a-d8d2d3a74d75","dateCreated":"2024-08-14T15:01:23.2149553","dateLastModified":"2024-08-14T15:01:23.2149553"}]}