{"version":1,"request":{"fileName":"flow-twilio-20240821-175646.json","resourceIds":[],"dashboardIds":[],"pipelineIds":["6263c3af-671a-4f59-b18e-3e1d6384f004"],"pipelineJobIds":[],"resolutions":[]},"dashboards":[],"resources":[],"pipelines":[{"entryPointId":"1d2c5b54-ae5a-4f71-a979-472fe594792a","metadata":[{"key":"name","value":"Twilio"},{"key":"description","value":""},{"key":"annotations:0:key","value":"57c2d132-dca4-44ad-9d9b-ef08542760c8"},{"key":"annotations:0:x","value":"0"},{"key":"annotations:0:y","value":"125"},{"key":"annotations:0:width","value":"625"},{"key":"annotations:0:height","value":"375"},{"key":"annotations:0:kind","value":"annotation/comment"},{"key":"annotations:0:configuration:text","value":"Sequence of Operation\n------------------------------------\n1. Wait 10 seconds.\n2. Read the ClearWellLowLevelDI tag.\n3. If ClearWellLowLevelDI is false, set the local memory tag ClearWellCount to zero.\n4. If ClearWellLowLevelDI is true, read the local memory tag ClearWellCount.\n5. If ClearWellCount is equal to or less than zero, set the local memory tag ClearWellCount to one.\n6. If ClearWellCount is equal to one, set the local memory tag ClearWellCount to two.\n7. If ClearWellCount is equal to two, set the local memory tag ClearWellCount to three.\n8. If ClearWellCount is equal to three:\n    a. send SMS alert.\n    b. Wait 9 minutes, 50 seconds.\n"},{"key":"annotations:0:configuration:fontStyle:size","value":"12"},{"key":"annotations:0:configuration:backgroundColor","value":"#000000"},{"key":"annotations:0:configuration:backgroundOpacity","value":"40"}],"operators":[{"id":"1d2c5b54-ae5a-4f71-a979-472fe594792a","kind":"std/forward","configuration":[],"metadata":[{"key":"name","value":"Entry Point"},{"key":"x","value":"0"},{"key":"y","value":"0"}]},{"id":"ec317d0b-4d77-4b2e-ab9b-a285b9aae5a5","kind":"std/timer","configuration":[{"key":"count","value":"0"},{"key":"interval","value":"10000"}],"metadata":[{"key":"$in:schemaType","value":"2"},{"key":"name","value":"Timer (10s)"},{"key":"x","value":"250"},{"key":"y","value":"0"}]},{"id":"03ee9748-3185-4144-b050-4038ff48971a","kind":"std/sms","configuration":[{"key":"messageTemplate","value":"This is a test Twilio message from Fusion."},{"key":"resourceId","value":"b415982e-f671-4d8b-bb45-e5d40649deaa"},{"key":"selectedIds:0","value":"627fc039-37d6-4365-8edc-5c37875da5a9"}],"metadata":[{"key":"$in:schemaType","value":"2"},{"key":"$out:selectors:0:fields:0:name","value":"Key"},{"key":"$out:selectors:0:fields:0:type","value":"13"},{"key":"$out:selectors:0:fields:1:name","value":"Value"},{"key":"$out:selectors:0:fields:1:type","value":"7"},{"key":"$out:selectors:0:schemaType","value":"0"},{"key":"$out:selectors:0:selector","value":"0"},{"key":"$out:selectors:1:fields:0:name","value":"Key"},{"key":"$out:selectors:1:fields:0:type","value":"13"},{"key":"$out:selectors:1:fields:1:name","value":"Value"},{"key":"$out:selectors:1:fields:1:type","value":"7"},{"key":"$out:selectors:1:schemaType","value":"0"},{"key":"$out:selectors:1:selector","value":"1"},{"key":"name","value":"SMS"},{"key":"x","value":"1500"},{"key":"y","value":"700"}]},{"id":"0110c4f5-6ea2-4b9b-a485-dc2f56ae7fb8","kind":"plc/read","configuration":[{"key":"$version","value":"1"},{"key":"ids:0","value":"797a0959-90d5-405a-b430-4e71043f44f8"},{"key":"resource","value":"8f7f5141-7b8c-4852-b4df-bd1647696872"}],"metadata":[{"key":"$in:schemaType","value":"1"},{"key":"$out:selectors:0:fields:0:name","value":"ClearWellLowLevelDI"},{"key":"$out:selectors:0:fields:0:type","value":"1"},{"key":"$out:selectors:0:schemaType","value":"0"},{"key":"$out:selectors:0:selector","value":"0"},{"key":"name","value":"Clear Well Low Level"},{"key":"x","value":"500"},{"key":"y","value":"0"}]},{"id":"6c0ecef8-2b4f-4d6d-8e57-115cdd40ec95","kind":"std/memory/write","configuration":[{"key":"key","value":"LowLevelCount"},{"key":"typeId","value":"3"},{"key":"value","value":"0"}],"metadata":[{"key":"$in:schemaType","value":"2"},{"key":"$out:selectors:0:fields:0:name","value":"ClearWellLowLevelDI"},{"key":"$out:selectors:0:fields:0:type","value":"1"},{"key":"$out:selectors:0:schemaType","value":"0"},{"key":"$out:selectors:0:selector","value":"0"},{"key":"$out:selectors:1:fields:0:name","value":"ClearWellLowLevelDI"},{"key":"$out:selectors:1:fields:0:type","value":"1"},{"key":"$out:selectors:1:schemaType","value":"0"},{"key":"$out:selectors:1:selector","value":"1"},{"key":"name","value":"Clear LowLevelCount"},{"key":"x","value":"1000"},{"key":"y","value":"0"}]},{"id":"ba24cd8b-14ef-481d-8406-d391e5c9566d","kind":"std/condition","configuration":[{"key":"logicalOperator","value":"And"},{"key":"sets:0:column","value":"ClearWellLowLevelDI"},{"key":"sets:0:operator","value":"EqualTo"},{"key":"sets:0:value","value":"true"}],"metadata":[{"key":"$in:fields:0:name","value":"true"},{"key":"$in:fields:0:type","value":"-1"},{"key":"$in:schemaType","value":"2"},{"key":"$out:selectors:0:fields:0:name","value":"ClearWellLowLevelDI"},{"key":"$out:selectors:0:fields:0:type","value":"1"},{"key":"$out:selectors:0:schemaType","value":"0"},{"key":"$out:selectors:0:selector","value":"0"},{"key":"$out:selectors:1:schemaType","value":"1"},{"key":"$out:selectors:1:selector","value":"1"},{"key":"$out:selectors:2:schemaType","value":"1"},{"key":"$out:selectors:2:selector","value":"2"},{"key":"name","value":"Clear Well Low Level = True"},{"key":"x","value":"750"},{"key":"y","value":"250"}]},{"id":"1784b4e7-0b23-4a51-9c14-206f97b83de9","kind":"std/condition","configuration":[{"key":"logicalOperator","value":"And"},{"key":"sets:0:column","value":"ClearWellLowLevelDI"},{"key":"sets:0:operator","value":"EqualTo"},{"key":"sets:0:value","value":"false"}],"metadata":[{"key":"$in:fields:0:name","value":"false"},{"key":"$in:fields:0:type","value":"-1"},{"key":"$in:schemaType","value":"2"},{"key":"$out:selectors:0:fields:0:name","value":"ClearWellLowLevelDI"},{"key":"$out:selectors:0:fields:0:type","value":"1"},{"key":"$out:selectors:0:schemaType","value":"0"},{"key":"$out:selectors:0:selector","value":"0"},{"key":"$out:selectors:1:schemaType","value":"1"},{"key":"$out:selectors:1:selector","value":"1"},{"key":"$out:selectors:2:schemaType","value":"1"},{"key":"$out:selectors:2:selector","value":"2"},{"key":"name","value":"Clear Well Low Level = False"},{"key":"x","value":"750"},{"key":"y","value":"0"}]},{"id":"5123ef31-a4d9-4fc6-99f8-90bed8f356d7","kind":"std/memory/read","configuration":[{"key":"defaultValue","value":"0"},{"key":"fallbackToDefaultValue","value":"true"},{"key":"key","value":"LowLevelCount"},{"key":"typeId","value":"7"}],"metadata":[{"key":"$in:schemaType","value":"1"},{"key":"$out:selectors:0:fields:0:name","value":"Key"},{"key":"$out:selectors:0:fields:0:type","value":"13"},{"key":"$out:selectors:0:fields:1:name","value":"Value"},{"key":"$out:selectors:0:fields:1:type","value":"7"},{"key":"$out:selectors:0:schemaType","value":"0"},{"key":"$out:selectors:0:selector","value":"0"},{"key":"$out:selectors:1:fields:0:name","value":"ClearWellLowLevelDI"},{"key":"$out:selectors:1:fields:0:type","value":"1"},{"key":"$out:selectors:1:schemaType","value":"0"},{"key":"$out:selectors:1:selector","value":"1"},{"key":"name","value":"Read LowLevelCount"},{"key":"x","value":"1000"},{"key":"y","value":"250"}]},{"id":"23e45121-274e-4a3b-b3b7-d4705d02d33f","kind":"std/condition","configuration":[{"key":"logicalOperator","value":"And"},{"key":"sets:0:column","value":"Value"},{"key":"sets:0:operator","value":"GreaterThanOrEqualTo"},{"key":"sets:0:value","value":"3"}],"metadata":[{"key":"$in:fields:0:name","value":"3"},{"key":"$in:fields:0:type","value":"-1"},{"key":"$in:schemaType","value":"2"},{"key":"$out:selectors:0:fields:0:name","value":"Key"},{"key":"$out:selectors:0:fields:0:type","value":"13"},{"key":"$out:selectors:0:fields:1:name","value":"Value"},{"key":"$out:selectors:0:fields:1:type","value":"7"},{"key":"$out:selectors:0:schemaType","value":"0"},{"key":"$out:selectors:0:selector","value":"0"},{"key":"$out:selectors:1:schemaType","value":"1"},{"key":"$out:selectors:1:selector","value":"1"},{"key":"$out:selectors:2:schemaType","value":"1"},{"key":"$out:selectors:2:selector","value":"2"},{"key":"name","value":"LowLevelCount \u003E= 3"},{"key":"x","value":"1250"},{"key":"y","value":"700"}]},{"id":"2bed14aa-3a7d-4f2a-8398-4d3dc281c1fa","kind":"std/condition","configuration":[{"key":"logicalOperator","value":"And"},{"key":"sets:0:column","value":"Value"},{"key":"sets:0:operator","value":"LessThanOrEqualTo"},{"key":"sets:0:value","value":"0"}],"metadata":[{"key":"$in:fields:0:name","value":"0"},{"key":"$in:fields:0:type","value":"-1"},{"key":"$in:schemaType","value":"2"},{"key":"$out:selectors:0:fields:0:name","value":"Key"},{"key":"$out:selectors:0:fields:0:type","value":"13"},{"key":"$out:selectors:0:fields:1:name","value":"Value"},{"key":"$out:selectors:0:fields:1:type","value":"7"},{"key":"$out:selectors:0:schemaType","value":"0"},{"key":"$out:selectors:0:selector","value":"0"},{"key":"$out:selectors:1:schemaType","value":"1"},{"key":"$out:selectors:1:selector","value":"1"},{"key":"$out:selectors:2:schemaType","value":"1"},{"key":"$out:selectors:2:selector","value":"2"},{"key":"name","value":"LowLevelCount \u003C= 0"},{"key":"x","value":"1250"},{"key":"y","value":"250"}]},{"id":"806e2fda-2aa5-4217-b863-d469e1721d9a","kind":"std/memory/write","configuration":[{"key":"key","value":"LowLevelCount"},{"key":"typeId","value":"3"},{"key":"value","value":"1"}],"metadata":[{"key":"$in:schemaType","value":"2"},{"key":"$out:selectors:0:schemaType","value":"1"},{"key":"$out:selectors:0:selector","value":"0"},{"key":"$out:selectors:1:schemaType","value":"1"},{"key":"$out:selectors:1:selector","value":"1"},{"key":"name","value":"LowLevelCount := 1"},{"key":"x","value":"1500"},{"key":"y","value":"250"}]},{"id":"9e1b8b9a-5026-4600-91c1-d42cba0f71ac","kind":"std/memory/write","configuration":[{"key":"key","value":"LowLevelCount"},{"key":"typeId","value":"3"},{"key":"value","value":"2"}],"metadata":[{"key":"$in:schemaType","value":"2"},{"key":"$out:selectors:0:schemaType","value":"1"},{"key":"$out:selectors:0:selector","value":"0"},{"key":"$out:selectors:1:schemaType","value":"1"},{"key":"$out:selectors:1:selector","value":"1"},{"key":"name","value":"LowLevelCount := 2"},{"key":"x","value":"1500"},{"key":"y","value":"400"}]},{"id":"32461a55-72bf-4303-b898-856cc70aed57","kind":"std/condition","configuration":[{"key":"logicalOperator","value":"And"},{"key":"sets:0:column","value":"Value"},{"key":"sets:0:operator","value":"EqualTo"},{"key":"sets:0:value","value":"1"}],"metadata":[{"key":"$in:fields:0:name","value":"1"},{"key":"$in:fields:0:type","value":"-1"},{"key":"$in:schemaType","value":"2"},{"key":"$out:selectors:0:schemaType","value":"1"},{"key":"$out:selectors:0:selector","value":"0"},{"key":"$out:selectors:1:schemaType","value":"1"},{"key":"$out:selectors:1:selector","value":"1"},{"key":"$out:selectors:2:schemaType","value":"1"},{"key":"$out:selectors:2:selector","value":"2"},{"key":"name","value":"LowLevelCount = 1"},{"key":"x","value":"1250"},{"key":"y","value":"400"}]},{"id":"6ab1b427-298c-42f9-a286-659ee95d5353","kind":"std/condition","configuration":[{"key":"logicalOperator","value":"And"},{"key":"sets:0:column","value":"Value"},{"key":"sets:0:operator","value":"EqualTo"},{"key":"sets:0:value","value":"2"}],"metadata":[{"key":"$in:fields:0:name","value":"2"},{"key":"$in:fields:0:type","value":"-1"},{"key":"$in:schemaType","value":"2"},{"key":"$out:selectors:0:schemaType","value":"1"},{"key":"$out:selectors:0:selector","value":"0"},{"key":"$out:selectors:1:schemaType","value":"1"},{"key":"$out:selectors:1:selector","value":"1"},{"key":"$out:selectors:2:schemaType","value":"1"},{"key":"$out:selectors:2:selector","value":"2"},{"key":"name","value":"LowLevelCount = 2"},{"key":"x","value":"1250"},{"key":"y","value":"550"}]},{"id":"7ce93acc-6c3e-49bc-8dc5-20c853931ca4","kind":"std/memory/write","configuration":[{"key":"key","value":"LowLevelCount"},{"key":"typeId","value":"3"},{"key":"value","value":"3"}],"metadata":[{"key":"$in:schemaType","value":"2"},{"key":"$out:selectors:0:schemaType","value":"1"},{"key":"$out:selectors:0:selector","value":"0"},{"key":"$out:selectors:1:schemaType","value":"1"},{"key":"$out:selectors:1:selector","value":"1"},{"key":"name","value":"LowLevelCount := 3"},{"key":"x","value":"1500"},{"key":"y","value":"550"}]},{"id":"58a9f3d9-697b-4232-9496-37f50b5b4a21","kind":"std/memory/read","configuration":[{"key":"defaultValue","value":"true"},{"key":"fallbackToDefaultValue","value":"true"},{"key":"key","value":"DEBUG"},{"key":"typeId","value":"1"}],"metadata":[{"key":"$in:schemaType","value":"1"},{"key":"$out:selectors:0:fields:0:name","value":"Key"},{"key":"$out:selectors:0:fields:0:type","value":"13"},{"key":"$out:selectors:0:fields:1:name","value":"Value"},{"key":"$out:selectors:0:fields:1:type","value":"1"},{"key":"$out:selectors:0:schemaType","value":"0"},{"key":"$out:selectors:0:selector","value":"0"},{"key":"$out:selectors:1:schemaType","value":"1"},{"key":"$out:selectors:1:selector","value":"1"},{"key":"name","value":"Read DEBUG"},{"key":"x","value":"500"},{"key":"y","value":"-250"}]},{"id":"267ab7c9-a2d2-4ecc-aec8-5a49aead39bb","kind":"std/map","configuration":[{"key":"columns:0:destinationFieldName","value":"ClearWellLowLevelDI"},{"key":"columns:0:sourceFieldName","value":"Value"},{"key":"includeUnspecifiedColumns","value":"false"}],"metadata":[{"key":"$in:fields:0:name","value":"Value"},{"key":"$in:fields:0:type","value":"-1"},{"key":"$in:schemaType","value":"0"},{"key":"$out:selectors:0:fields:0:name","value":"ClearWellLowLevelDI"},{"key":"$out:selectors:0:fields:0:type","value":"1"},{"key":"$out:selectors:0:schemaType","value":"0"},{"key":"$out:selectors:0:selector","value":"0"},{"key":"name","value":"Map"},{"key":"x","value":"750"},{"key":"y","value":"-225"}]},{"id":"def9cee5-884d-4008-8dbd-acd99386dbaf","kind":"std/log","configuration":[{"key":"level","value":"info"},{"key":"template","value":"SMS successful."}],"metadata":[{"key":"$in:schemaType","value":"2"},{"key":"name","value":"SMS Success"},{"key":"x","value":"1750"},{"key":"y","value":"700"}]},{"id":"e67c1f92-855b-4e32-9c76-bf1e209727c0","kind":"std/log","configuration":[{"key":"level","value":"warn"},{"key":"template","value":"SMS successful."}],"metadata":[{"key":"$in:schemaType","value":"2"},{"key":"name","value":"SMS Failed"},{"key":"x","value":"1750"},{"key":"y","value":"800"}]},{"id":"2a4cd222-d304-4518-b9fc-c9a4046a05d6","kind":"script/execute","configuration":[{"key":"definition:engine","value":"csharp"},{"key":"definition:filesystem:allow","value":"false"},{"key":"definition:id","value":"a89050f0-b484-4752-b2aa-82995fd4bbe8"},{"key":"definition:location","value":"inline"},{"key":"definition:network:allow","value":"false"},{"key":"definition:runtime:background","value":"false"},{"key":"definition:runtime:debug","value":"false"},{"key":"definition:runtime:maxExecutionTime","value":"0"},{"key":"definition:source","value":"public class Script\n{\n    public static async Task ExecuteAsync(IScriptContext context, RecordBatch recordBatch, CancellationToken cancellationToken)\n    {\n        await Task.Delay(50000);\n    }\n}"}],"metadata":[{"key":"$in:schemaType","value":"1"},{"key":"name","value":"Wait 50 Seconds"},{"key":"x","value":"2025"},{"key":"y","value":"700"}]}],"pipes":[{"id":"66bdd4d6-f778-44a4-9b99-500207fa8e9d","sourceId":"1d2c5b54-ae5a-4f71-a979-472fe594792a","sinkId":"ec317d0b-4d77-4b2e-ab9b-a285b9aae5a5","selector":-1},{"id":"fa6309a2-41c2-4318-b2f2-a9d9eb2c1498","sourceId":"0110c4f5-6ea2-4b9b-a485-dc2f56ae7fb8","sinkId":"ba24cd8b-14ef-481d-8406-d391e5c9566d","selector":0},{"id":"84428d8a-689f-4f44-85d2-e998ebcfc954","sourceId":"0110c4f5-6ea2-4b9b-a485-dc2f56ae7fb8","sinkId":"1784b4e7-0b23-4a51-9c14-206f97b83de9","selector":0},{"id":"6bb6e616-2621-49b4-9321-0601e2574969","sourceId":"1784b4e7-0b23-4a51-9c14-206f97b83de9","sinkId":"6c0ecef8-2b4f-4d6d-8e57-115cdd40ec95","selector":0},{"id":"071b6375-d00f-47fc-97e0-875eb3368836","sourceId":"ba24cd8b-14ef-481d-8406-d391e5c9566d","sinkId":"5123ef31-a4d9-4fc6-99f8-90bed8f356d7","selector":0},{"id":"64ea7b94-5f28-4b12-a8ae-98223b92f6f6","sourceId":"5123ef31-a4d9-4fc6-99f8-90bed8f356d7","sinkId":"23e45121-274e-4a3b-b3b7-d4705d02d33f","selector":0},{"id":"1b246792-bf00-4d87-9b0c-8189435f08b4","sourceId":"23e45121-274e-4a3b-b3b7-d4705d02d33f","sinkId":"03ee9748-3185-4144-b050-4038ff48971a","selector":0},{"id":"f8b24608-1aa8-4615-b473-320ce712d9bf","sourceId":"5123ef31-a4d9-4fc6-99f8-90bed8f356d7","sinkId":"2bed14aa-3a7d-4f2a-8398-4d3dc281c1fa","selector":0},{"id":"b9fa4151-1134-4ed5-94d0-4dc56f6a3d13","sourceId":"2bed14aa-3a7d-4f2a-8398-4d3dc281c1fa","sinkId":"806e2fda-2aa5-4217-b863-d469e1721d9a","selector":0},{"id":"b81a67f9-efdc-470a-92cf-2336be796182","sourceId":"32461a55-72bf-4303-b898-856cc70aed57","sinkId":"9e1b8b9a-5026-4600-91c1-d42cba0f71ac","selector":0},{"id":"09167a8e-ea52-4599-97e0-5cae7bd83ffa","sourceId":"5123ef31-a4d9-4fc6-99f8-90bed8f356d7","sinkId":"32461a55-72bf-4303-b898-856cc70aed57","selector":0},{"id":"7115804c-56db-41b8-b43c-2457f73af296","sourceId":"6ab1b427-298c-42f9-a286-659ee95d5353","sinkId":"7ce93acc-6c3e-49bc-8dc5-20c853931ca4","selector":0},{"id":"8cbe349b-a782-4412-adbe-7be58c9666aa","sourceId":"5123ef31-a4d9-4fc6-99f8-90bed8f356d7","sinkId":"6ab1b427-298c-42f9-a286-659ee95d5353","selector":0},{"id":"85339cc5-912e-4a56-ba47-adccd4311117","sourceId":"ec317d0b-4d77-4b2e-ab9b-a285b9aae5a5","sinkId":"58a9f3d9-697b-4232-9496-37f50b5b4a21","selector":-1},{"id":"66e36a89-ca46-4279-9e61-9fa7cba7ea6e","sourceId":"267ab7c9-a2d2-4ecc-aec8-5a49aead39bb","sinkId":"1784b4e7-0b23-4a51-9c14-206f97b83de9","selector":0},{"id":"41be44c1-6b46-4ca1-939a-0c40adbd4d6e","sourceId":"267ab7c9-a2d2-4ecc-aec8-5a49aead39bb","sinkId":"ba24cd8b-14ef-481d-8406-d391e5c9566d","selector":0},{"id":"841d122b-de86-4f7b-980b-6c25483a925f","sourceId":"03ee9748-3185-4144-b050-4038ff48971a","sinkId":"def9cee5-884d-4008-8dbd-acd99386dbaf","selector":0},{"id":"16e62528-636f-4392-8cfc-a22f175bd10a","sourceId":"03ee9748-3185-4144-b050-4038ff48971a","sinkId":"e67c1f92-855b-4e32-9c76-bf1e209727c0","selector":1},{"id":"f2f2ae30-8939-4b84-b0e2-7e37cd3b7ab0","sourceId":"58a9f3d9-697b-4232-9496-37f50b5b4a21","sinkId":"267ab7c9-a2d2-4ecc-aec8-5a49aead39bb","selector":0},{"id":"0183dc3d-b6ef-4f37-82b4-9e6e83340e65","sourceId":"def9cee5-884d-4008-8dbd-acd99386dbaf","sinkId":"2a4cd222-d304-4518-b9fc-c9a4046a05d6","selector":-1}],"id":"6263c3af-671a-4f59-b18e-3e1d6384f004","dateCreated":"0001-01-01T00:00:00","dateLastModified":"0001-01-01T00:00:00"}],"pipelineJobs":[{"pipelineTopologyId":"3b4936fa-bd0a-4301-99aa-6b9edd4d967c","status":4,"dateStarted":"2024-08-14T15:01:24.4909672","alertSummary":[{"severity":2,"count":0},{"severity":3,"count":0},{"severity":0,"count":0},{"severity":1,"count":0}],"id":"285c6c55-c527-4cf0-94e4-b1fd54626eb7","dateCreated":"2024-08-14T15:01:24.483787","dateLastModified":"2024-08-14T15:01:24.483787"},{"pipelineTopologyId":"53440c38-7c0c-4f51-bd11-f3bc52793c07","status":4,"dateStarted":"2024-08-14T15:01:23.2603262","alertSummary":[{"severity":2,"count":0},{"severity":3,"count":0},{"severity":0,"count":0},{"severity":1,"count":0}],"id":"7a018fae-c444-4c0c-970a-d8d2d3a74d75","dateCreated":"2024-08-14T15:01:23.2149553","dateLastModified":"2024-08-14T15:01:23.2149553"}]}