{"version":1,"request":{"fileName":"resource-twilio-20240821-175703.json","resourceIds":["b415982e-f671-4d8b-bb45-e5d40649deaa"],"dashboardIds":[],"pipelineIds":[],"pipelineJobIds":[],"resolutions":[]},"dashboards":[],"resources":[{"name":"Twilio","kind":"sms/twilio","version":0,"configuration":[{"key":"apiKey","value":"AC57edc0329155c235fa8455b46ecd29b1"},{"key":"authToken","value":"23fa8bfb1b36c455fc2dbd52465161c6"},{"key":"fromNumber","value":"\u002B1 866 985 0547"},{"key":"messageGroups:0:id","value":"627fc039-37d6-4365-8edc-5c37875da5a9"},{"key":"messageGroups:0:name","value":"Primary"},{"key":"messageGroups:0:numberIds:0","value":"5723e983-4eb0-46da-81f7-aa10fb7ca712"},{"key":"phoneNumbers:0:id","value":"5723e983-4eb0-46da-81f7-aa10fb7ca712"},{"key":"phoneNumbers:0:name","value":"Cheyenne Meyer"},{"key":"phoneNumbers:0:phoneNumber","value":"\u002B1(630)624-2724"},{"key":"phoneNumbers:1:id","value":"3afb43e5-9a4e-45f6-9111-fffcf1b9573e"},{"key":"phoneNumbers:1:name","value":"Michael Bachelor"},{"key":"phoneNumbers:1:phoneNumber","value":"\u002B1(785)285-0341"}],"id":"b415982e-f671-4d8b-bb45-e5d40649deaa","dateCreated":"2024-07-30T15:33:18.840464","dateLastModified":"2024-07-30T15:33:18.840464"}],"pipelines":[],"pipelineJobs":[{"pipelineTopologyId":"3b4936fa-bd0a-4301-99aa-6b9edd4d967c","status":4,"dateStarted":"2024-08-14T15:01:24.4909672","alertSummary":[{"severity":2,"count":0},{"severity":3,"count":0},{"severity":0,"count":0},{"severity":1,"count":0}],"id":"285c6c55-c527-4cf0-94e4-b1fd54626eb7","dateCreated":"2024-08-14T15:01:24.483787","dateLastModified":"2024-08-14T15:01:24.483787"},{"pipelineTopologyId":"53440c38-7c0c-4f51-bd11-f3bc52793c07","status":4,"dateStarted":"2024-08-14T15:01:23.2603262","alertSummary":[{"severity":2,"count":0},{"severity":3,"count":0},{"severity":0,"count":0},{"severity":1,"count":0}],"id":"7a018fae-c444-4c0c-970a-d8d2d3a74d75","dateCreated":"2024-08-14T15:01:23.2149553","dateLastModified":"2024-08-14T15:01:23.2149553"}]}