{"version":1,"request":{"fileName":"resource-anylogCloudOperator-20240821-175653.json","resourceIds":["88c632dd-21ac-43e3-956a-203f6e0581ef"],"dashboardIds":[],"pipelineIds":[],"pipelineJobIds":[],"resolutions":[]},"dashboards":[],"resources":[{"name":"Anylog - Cloud Operator","kind":"webservice/rest","version":0,"configuration":[{"key":"authentication:credential","value":""},{"key":"authentication:kind","value":"none"},{"key":"authentication:token","value":""},{"key":"baseUri","value":"http://172.105.60.50:32149"},{"key":"connectTimeout","value":"5000"},{"key":"proxy:credential","value":""},{"key":"proxy:enabled","value":"false"},{"key":"proxy:host","value":""},{"key":"proxy:port","value":"443"},{"key":"proxy:token","value":""},{"key":"responseTimeout","value":"3000"},{"key":"security:ignoreCertificateErrors","value":"false"},{"key":"useCookies","value":"true"}],"id":"88c632dd-21ac-43e3-956a-203f6e0581ef","dateCreated":"2023-11-11T13:08:08.7170349","dateLastModified":"2024-06-21T22:42:24.9588317"}],"pipelines":[],"pipelineJobs":[{"pipelineTopologyId":"3b4936fa-bd0a-4301-99aa-6b9edd4d967c","status":4,"dateStarted":"2024-08-14T15:01:24.4909672","alertSummary":[{"severity":2,"count":0},{"severity":3,"count":0},{"severity":0,"count":0},{"severity":1,"count":0}],"id":"285c6c55-c527-4cf0-94e4-b1fd54626eb7","dateCreated":"2024-08-14T15:01:24.483787","dateLastModified":"2024-08-14T15:01:24.483787"},{"pipelineTopologyId":"53440c38-7c0c-4f51-bd11-f3bc52793c07","status":4,"dateStarted":"2024-08-14T15:01:23.2603262","alertSummary":[{"severity":2,"count":0},{"severity":3,"count":0},{"severity":0,"count":0},{"severity":1,"count":0}],"id":"7a018fae-c444-4c0c-970a-d8d2d3a74d75","dateCreated":"2024-08-14T15:01:23.2149553","dateLastModified":"2024-08-14T15:01:23.2149553"}]}