{"version":1,"request":{"fileName":"resource-influxdbCheyenne-20240821-175701.json","resourceIds":["d54f8274-5e13-4d78-86ce-4a59c404ea70"],"dashboardIds":[],"pipelineIds":[],"pipelineJobIds":[],"resolutions":[]},"dashboards":[],"resources":[{"name":"InfluxDB - Cheyenne","kind":"webservice/rest","version":0,"configuration":[{"key":"authentication:credential","value":""},{"key":"authentication:kind","value":"token"},{"key":"authentication:token","value":"Token _4w1n1IExGwUn9vgrhzVw_yRRW_xYoqnoIoWOWmhurDsrkSI63UI3UxWb-tLWH0QK-X71y01IE2xG_1GJVfJrw=="},{"key":"baseUri","value":"https://us-central1-1.gcp.cloud2.influxdata.com"},{"key":"connectTimeout","value":"5000"},{"key":"headers:Accept","value":"application/json"},{"key":"proxy:credential","value":""},{"key":"proxy:enabled","value":"false"},{"key":"proxy:host","value":""},{"key":"proxy:port","value":"443"},{"key":"proxy:token","value":""},{"key":"responseTimeout","value":"30000"},{"key":"security:ignoreCertificateErrors","value":"false"},{"key":"useCookies","value":"true"}],"id":"d54f8274-5e13-4d78-86ce-4a59c404ea70","dateCreated":"2024-04-25T03:10:31.0300751","dateLastModified":"2024-05-23T18:53:17.0448425"}],"pipelines":[],"pipelineJobs":[{"pipelineTopologyId":"3b4936fa-bd0a-4301-99aa-6b9edd4d967c","status":4,"dateStarted":"2024-08-14T15:01:24.4909672","alertSummary":[{"severity":2,"count":0},{"severity":3,"count":0},{"severity":0,"count":0},{"severity":1,"count":0}],"id":"285c6c55-c527-4cf0-94e4-b1fd54626eb7","dateCreated":"2024-08-14T15:01:24.483787","dateLastModified":"2024-08-14T15:01:24.483787"},{"pipelineTopologyId":"53440c38-7c0c-4f51-bd11-f3bc52793c07","status":4,"dateStarted":"2024-08-14T15:01:23.2603262","alertSummary":[{"severity":2,"count":0},{"severity":3,"count":0},{"severity":0,"count":0},{"severity":1,"count":0}],"id":"7a018fae-c444-4c0c-970a-d8d2d3a74d75","dateCreated":"2024-08-14T15:01:23.2149553","dateLastModified":"2024-08-14T15:01:23.2149553"}]}