{"version":1,"request":{"fileName":"flow-korePowerFastupdates-20240524-152128.json","pipelineIds":["5240cb8a-440f-4e85-aac3-789c205e4624"]},"dashboards":[],"resources":[],"pipelines":[{"entryPointId":"24ea7022-8eed-493b-876f-f82627624bb7","dateLastExecuted":"2024-05-24T12:56:10.5491328","metadata":[{"key":"description","value":"Values with fast update time"},{"key":"name","value":"KORE - Power - FastUpdates"}],"operators":[{"id":"00b1a076-9db4-4e3b-8dd2-b54016d5090b","pipelineTopologyId":"5240cb8a-440f-4e85-aac3-789c205e4624","kind":"std/log","configuration":[{"key":"level","value":"info"},{"key":"template","value":"MQTT Log Success"}],"metadata":[{"key":"$in:schemaType","value":"2"},{"key":"name","value":"Log"},{"key":"x","value":"575"},{"key":"y","value":"125"}]},{"id":"24ea7022-8eed-493b-876f-f82627624bb7","pipelineTopologyId":"5240cb8a-440f-4e85-aac3-789c205e4624","kind":"std/forward","configuration":[],"metadata":[{"key":"name","value":"Entry Point"},{"key":"x","value":"-100"},{"key":"y","value":"-200"}]},{"id":"2879b81d-e812-49bc-aaeb-089b4abb51c1","pipelineTopologyId":"5240cb8a-440f-4e85-aac3-789c205e4624","kind":"std/timestamp","configuration":[{"key":"columnName","value":"Timestamp"}],"metadata":[{"key":"$in:schemaType","value":"2"},{"key":"$out:selectors:0:fields:0:name","value":"ChemicalScale1AI.PV"},{"key":"$out:selectors:0:fields:0:type","value":"11"},{"key":"$out:selectors:0:fields:10:name","value":"pHAI.PV"},{"key":"$out:selectors:0:fields:10:type","value":"11"},{"key":"$out:selectors:0:fields:11:name","value":"CombinedChlorinatorAI.PV"},{"key":"$out:selectors:0:fields:11:type","value":"11"},{"key":"$out:selectors:0:fields:12:name","value":"FreeChlorinatorAI.PV"},{"key":"$out:selectors:0:fields:12:type","value":"11"},{"key":"$out:selectors:0:fields:13:name","value":"RawWaterMeterAI.PV"},{"key":"$out:selectors:0:fields:13:type","value":"11"},{"key":"$out:selectors:0:fields:14:name","value":"WaterTowerLevelAI.PV"},{"key":"$out:selectors:0:fields:14:type","value":"11"},{"key":"$out:selectors:0:fields:15:name","value":"CombinedTurbidityAI.PV"},{"key":"$out:selectors:0:fields:15:type","value":"11"},{"key":"$out:selectors:0:fields:16:name","value":"id"},{"key":"$out:selectors:0:fields:16:type","value":"7"},{"key":"$out:selectors:0:fields:17:name","value":"Timestamp"},{"key":"$out:selectors:0:fields:17:type","value":"18"},{"key":"$out:selectors:0:fields:1:name","value":"Filter1TurbidityAI.PV"},{"key":"$out:selectors:0:fields:1:type","value":"11"},{"key":"$out:selectors:0:fields:2:name","value":"Filter2TurbidityAI.PV"},{"key":"$out:selectors:0:fields:2:type","value":"11"},{"key":"$out:selectors:0:fields:3:name","value":"Filter3TurbidityAI.PV"},{"key":"$out:selectors:0:fields:3:type","value":"11"},{"key":"$out:selectors:0:fields:4:name","value":"RawWaterMeterTotalizer.CurDay"},{"key":"$out:selectors:0:fields:4:type","value":"11"},{"key":"$out:selectors:0:fields:5:name","value":"RawWaterMeterTotalizer.YesDay"},{"key":"$out:selectors:0:fields:5:type","value":"11"},{"key":"$out:selectors:0:fields:6:name","value":"CarbonFeeder.SpeedAI.PV"},{"key":"$out:selectors:0:fields:6:type","value":"11"},{"key":"$out:selectors:0:fields:7:name","value":"ChemicalScale2AI.PV"},{"key":"$out:selectors:0:fields:7:type","value":"11"},{"key":"$out:selectors:0:fields:8:name","value":"ChemicalScale3AI.PV"},{"key":"$out:selectors:0:fields:8:type","value":"11"},{"key":"$out:selectors:0:fields:9:name","value":"ChemicalScale4AI.PV"},{"key":"$out:selectors:0:fields:9:type","value":"11"},{"key":"$out:selectors:0:schemaType","value":"0"},{"key":"$out:selectors:0:selector","value":"0"},{"key":"$out:selectors:1:schemaType","value":"1"},{"key":"$out:selectors:1:selector","value":"1"},{"key":"name","value":"Timestamp"},{"key":"x","value":"325"},{"key":"y","value":"25"}]},{"id":"3c233f9e-1024-42ca-bf7c-097210ab7c70","pipelineTopologyId":"5240cb8a-440f-4e85-aac3-789c205e4624","kind":"std/log","configuration":[{"key":"level","value":"info"},{"key":"template","value":"Log Event - Fast"}],"metadata":[{"key":"$in:schemaType","value":"2"},{"key":"name","value":"Log Trigger Fast"},{"key":"x","value":"500"},{"key":"y","value":"-200"}]},{"id":"3f4a9aa8-d71a-4584-a827-1e3225b38547","pipelineTopologyId":"5240cb8a-440f-4e85-aac3-789c205e4624","kind":"std/literal","configuration":[{"key":"columns:0:arrowTypeId","value":"7"},{"key":"columns:0:name","value":"id"},{"key":"columns:0:value","value":"914"}],"metadata":[{"key":"$in:schemaType","value":"2"},{"key":"$out:selectors:0:fields:0:name","value":"BG10.CommsStatus"},{"key":"$out:selectors:0:fields:0:type","value":"1"},{"key":"$out:selectors:0:fields:10:name","value":"DF4.CommsStatus"},{"key":"$out:selectors:0:fields:10:type","value":"1"},{"key":"$out:selectors:0:fields:11:name","value":"BG11.CommsStatus"},{"key":"$out:selectors:0:fields:11:type","value":"1"},{"key":"$out:selectors:0:fields:12:name","value":"DSP.CommsStatus"},{"key":"$out:selectors:0:fields:12:type","value":"1"},{"key":"$out:selectors:0:fields:13:name","value":"KPL.CommsStatus"},{"key":"$out:selectors:0:fields:13:type","value":"1"},{"key":"$out:selectors:0:fields:14:name","value":"BG9.CommsStatus"},{"key":"$out:selectors:0:fields:14:type","value":"1"},{"key":"$out:selectors:0:fields:15:name","value":"CG12.CommsStatus"},{"key":"$out:selectors:0:fields:15:type","value":"1"},{"key":"$out:selectors:0:fields:16:name","value":"CG7.CommsStatus"},{"key":"$out:selectors:0:fields:16:type","value":"1"},{"key":"$out:selectors:0:fields:17:name","value":"DG2.CommsStatus"},{"key":"$out:selectors:0:fields:17:type","value":"1"},{"key":"$out:selectors:0:fields:18:name","value":"DG3.CommsStatus"},{"key":"$out:selectors:0:fields:18:type","value":"1"},{"key":"$out:selectors:0:fields:19:name","value":"DG4.CommsStatus"},{"key":"$out:selectors:0:fields:19:type","value":"1"},{"key":"$out:selectors:0:fields:1:name","value":"CF1.CommsStatus"},{"key":"$out:selectors:0:fields:1:type","value":"1"},{"key":"$out:selectors:0:fields:20:name","value":"DG5.CommsStatus"},{"key":"$out:selectors:0:fields:20:type","value":"1"},{"key":"$out:selectors:0:fields:21:name","value":"DG6.CommsStatus"},{"key":"$out:selectors:0:fields:21:type","value":"1"},{"key":"$out:selectors:0:fields:22:name","value":"BCT.CommsStatus"},{"key":"$out:selectors:0:fields:22:type","value":"1"},{"key":"$out:selectors:0:fields:23:name","value":"BF1.CommsStatus"},{"key":"$out:selectors:0:fields:23:type","value":"1"},{"key":"$out:selectors:0:fields:24:name","value":"BF2.CommsStatus"},{"key":"$out:selectors:0:fields:24:type","value":"1"},{"key":"$out:selectors:0:fields:25:name","value":"BF3.CommsStatus"},{"key":"$out:selectors:0:fields:25:type","value":"1"},{"key":"$out:selectors:0:fields:26:name","value":"BF4.CommsStatus"},{"key":"$out:selectors:0:fields:26:type","value":"1"},{"key":"$out:selectors:0:fields:27:name","value":"CBT.CommsStatus"},{"key":"$out:selectors:0:fields:27:type","value":"1"},{"key":"$out:selectors:0:fields:28:name","value":"CDT.CommsStatus"},{"key":"$out:selectors:0:fields:28:type","value":"1"},{"key":"$out:selectors:0:fields:29:name","value":"id"},{"key":"$out:selectors:0:fields:29:type","value":"7"},{"key":"$out:selectors:0:fields:2:name","value":"CF2.CommsStatus"},{"key":"$out:selectors:0:fields:2:type","value":"1"},{"key":"$out:selectors:0:fields:3:name","value":"BG8.CommsStatus"},{"key":"$out:selectors:0:fields:3:type","value":"1"},{"key":"$out:selectors:0:fields:4:name","value":"CF3.CommsStatus"},{"key":"$out:selectors:0:fields:4:type","value":"1"},{"key":"$out:selectors:0:fields:5:name","value":"CSP.CommsStatus"},{"key":"$out:selectors:0:fields:5:type","value":"1"},{"key":"$out:selectors:0:fields:6:name","value":"DCT.CommsStatus"},{"key":"$out:selectors:0:fields:6:type","value":"1"},{"key":"$out:selectors:0:fields:7:name","value":"DF1.CommsStatus"},{"key":"$out:selectors:0:fields:7:type","value":"1"},{"key":"$out:selectors:0:fields:8:name","value":"DF2.CommsStatus"},{"key":"$out:selectors:0:fields:8:type","value":"1"},{"key":"$out:selectors:0:fields:9:name","value":"DF3.CommsStatus"},{"key":"$out:selectors:0:fields:9:type","value":"1"},{"key":"$out:selectors:0:schemaType","value":"0"},{"key":"$out:selectors:0:selector","value":"0"},{"key":"$out:selectors:1:schemaType","value":"1"},{"key":"$out:selectors:1:selector","value":"1"},{"key":"name","value":"Literal"},{"key":"x","value":"100"},{"key":"y","value":"25"}]},{"id":"82da4567-fe4c-4f1e-9e34-0c35d6cf529e","pipelineTopologyId":"5240cb8a-440f-4e85-aac3-789c205e4624","kind":"script/execute","configuration":[{"key":"definition:engine","value":"csharp"},{"key":"definition:filesystem:allow","value":"false"},{"key":"definition:id","value":"f33a6380-332d-4fb7-b55a-e3c52ddb4e93"},{"key":"definition:location","value":"inline"},{"key":"definition:network:allow","value":"false"},{"key":"definition:runtime:background","value":"false"},{"key":"definition:runtime:debug","value":"false"},{"key":"definition:runtime:maxExecutionTime","value":"0"},{"key":"definition:source","value":"using Dynics.Arrow; \n\npublic class Script\n{\n    public static readonly string valueColumn = \"Timestamp\";\n\n    public static async Task ExecuteAsync(IScriptContext context, RecordBatch recordBatch, CancellationToken cancellationToken)\n    {\n        var tsColumn = recordBatch.Column(valueColumn) as TimestampArray;\n        var timestamp = DateTimeOffset.FromUnixTimeMilliseconds(tsColumn.GetValue(0).Value).UtcDateTime.ToString(\"O\");\n\n        var builder = new RecordBatch.Builder();\n\n        for (var i = 0; i < recordBatch.Schema.Fields.Count; i++)\n        {\n            var field = recordBatch.Schema.GetFieldByIndex(i);\n            if(field.Name == valueColumn)\n                continue;\n            var array = recordBatch.Column(i);\n            builder.Append(field, array);\n        }\n        builder.Append<StringArray>(valueColumn,false,x=> x.String(s=>s.Append(timestamp)));\n        await context.EmitAsync(builder.Build());\n    }\n}"}],"metadata":[{"key":"$in:schemaType","value":"1"},{"key":"name","value":"Format Timestamp"},{"key":"x","value":"100"},{"key":"y","value":"150"}]},{"id":"84bceaca-a801-4989-ab91-288e6da91550","pipelineTopologyId":"5240cb8a-440f-4e85-aac3-789c205e4624","kind":"std/log","configuration":[{"key":"level","value":"info"},{"key":"template","value":"Read Tags Success - Fast"}],"metadata":[{"key":"$in:schemaType","value":"2"},{"key":"name","value":"PLC Read Success Fast"},{"key":"x","value":"725"},{"key":"y","value":"-200"}]},{"id":"8cd87da6-4271-451a-94b1-5842c86b75f6","pipelineTopologyId":"5240cb8a-440f-4e85-aac3-789c205e4624","kind":"std/log","configuration":[{"key":"level","value":"error"},{"key":"template","value":"MQTT Log Error"}],"metadata":[{"key":"$in:schemaType","value":"2"},{"key":"name","value":"Log"},{"key":"x","value":"575"},{"key":"y","value":"250"}]},{"id":"d968c304-9514-4824-a43c-7559d50301eb","pipelineTopologyId":"5240cb8a-440f-4e85-aac3-789c205e4624","kind":"std/timer","configuration":[{"key":"count","value":"0"},{"key":"interval","value":"10000"}],"metadata":[{"key":"$in:schemaType","value":"2"},{"key":"name","value":"Timer"},{"key":"x","value":"125"},{"key":"y","value":"-200"}]},{"id":"f0c1cbeb-2167-4741-be03-22dcc78fa0b5","pipelineTopologyId":"5240cb8a-440f-4e85-aac3-789c205e4624","kind":"std/mqtt/publish","configuration":[{"key":"contentType","value":"application/json"},{"key":"payload","value":"{\r\n    \"TimeStamp\":\"{{data[\"Timestamp\"][0]}}\",\r\n    \"ID\":{{data[\"id\"][0]}},\r\n \t\"BG10.CommsStatus\":{\"Val\":{{data[\"BG10.CommsStatus\"][0]}}},\r\n\t\"BG11.CommsStatus\":{\"Val\":{{data[\"BG11.CommsStatus\"][0]}}},\r\n    \"BG8.CommsStatus\":{\"Val\":{{data[\"BG8.CommsStatus\"][0]}}},\r\n\t\"BG9.CommsStatus\":{\"Val\":{{data[\"BG9.CommsStatus\"][0]}}},\r\n\t\"CG12.CommsStatus\":{\"Val\":{{data[\"CG12.CommsStatus\"][0]}}},\r\n\t\"CG7.CommsStatus\":{\"Val\":{{data[\"CG7.CommsStatus\"][0]}}},\r\n\t\"DG2.CommsStatus\":{\"Val\":{{data[\"DG2.CommsStatus\"][0]}}},\r\n\t\"DG3.CommsStatus\":{\"Val\":{{data[\"DG3.CommsStatus\"][0]}}},\r\n\t\"DG4.CommsStatus\":{\"Val\":{{data[\"DG4.CommsStatus\"][0]}}},\r\n\t\"DG5.CommsStatus\":{\"Val\":{{data[\"DG5.CommsStatus\"][0]}}},\r\n\t\"DG6.CommsStatus\":{\"Val\":{{data[\"DG6.CommsStatus\"][0]}}},\r\n    \"BCT.CommsStatus\":{\"Val\":{{data[\"BCT.CommsStatus\"][0]}}},\r\n\t\"BF1.CommsStatus\":{\"Val\":{{data[\"BF1.CommsStatus\"][0]}}},\r\n\t\"BF2.CommsStatus\":{\"Val\":{{data[\"BF2.CommsStatus\"][0]}}},\r\n\t\"BF3.CommsStatus\":{\"Val\":{{data[\"BF3.CommsStatus\"][0]}}},\r\n\t\"BF4.CommsStatus\":{\"Val\":{{data[\"BF4.CommsStatus\"][0]}}},\r\n    \"CBT.CommsStatus\":{\"Val\":{{data[\"CBT.CommsStatus\"][0]}}},\r\n    \"CDT.CommsStatus\":{\"Val\":{{data[\"CDT.CommsStatus\"][0]}}},\r\n    \"CF1.CommsStatus\":{\"Val\":{{data[\"CF1.CommsStatus\"][0]}}},\r\n    \"CF2.CommsStatus\":{\"Val\":{{data[\"CF2.CommsStatus\"][0]}}},\r\n\t\"CF3.CommsStatus\":{\"Val\":{{data[\"CF3.CommsStatus\"][0]}}},\r\n    \"CSP.CommsStatus\":{\"Val\":{{data[\"CSP.CommsStatus\"][0]}}},\r\n    \"DCT.CommsStatus\":{\"Val\":{{data[\"DCT.CommsStatus\"][0]}}},\r\n    \"DF1.CommsStatus\":{\"Val\":{{data[\"DF1.CommsStatus\"][0]}}},\r\n\t\"DF2.CommsStatus\":{\"Val\":{{data[\"DF2.CommsStatus\"][0]}}},\r\n\t\"DF3.CommsStatus\":{\"Val\":{{data[\"DF3.CommsStatus\"][0]}}},\r\n\t\"DF4.CommsStatus\":{\"Val\":{{data[\"DF4.CommsStatus\"][0]}}},\r\n\t\"DSP.CommsStatus\":{\"Val\":{{data[\"DSP.CommsStatus\"][0]}}},\r\n\t\"KPL.CommsStatus\":{\"Val\":{{data[\"KPL.CommsStatus\"][0]}}}\r\n}"},{"key":"qualityOfService","value":"at-least-once"},{"key":"resource","value":"20ab13a5-bf0c-4bd4-86e2-50b6f3f3697a"},{"key":"retain","value":"false"},{"key":"subscriptionIdentifier","value":"0"},{"key":"topic","value":"devices/914/messages/events/"}],"metadata":[{"key":"$in:schemaType","value":"2"},{"key":"$out:selectors:0:schemaType","value":"1"},{"key":"$out:selectors:0:selector","value":"0"},{"key":"$out:selectors:1:fields:0:name","value":"ReasonCode"},{"key":"$out:selectors:1:fields:0:type","value":"7"},{"key":"$out:selectors:1:fields:1:name","value":"ReasonString"},{"key":"$out:selectors:1:fields:1:type","value":"13"},{"key":"$out:selectors:1:fields:2:name","value":"PacketIdentifier"},{"key":"$out:selectors:1:fields:2:type","value":"4"},{"key":"$out:selectors:1:schemaType","value":"0"},{"key":"$out:selectors:1:selector","value":"1"},{"key":"name","value":"MQTT Publish Topic"},{"key":"x","value":"325"},{"key":"y","value":"150"}]},{"id":"fe776806-a977-40bf-b246-d9652da77cbf","pipelineTopologyId":"5240cb8a-440f-4e85-aac3-789c205e4624","kind":"plc/read","configuration":[{"key":"$version","value":"1"},{"key":"ids:0","value":"44aefd1d-1f22-46dd-8cb5-31da903ab81e"},{"key":"resource","value":"38f34dbb-6d84-4118-b595-5266b6c3715b"}],"metadata":[{"key":"$in:schemaType","value":"1"},{"key":"$out:selectors:0:fields:0:name","value":"BG10.CommsStatus"},{"key":"$out:selectors:0:fields:0:type","value":"1"},{"key":"$out:selectors:0:fields:10:name","value":"CF1.CommsStatus"},{"key":"$out:selectors:0:fields:10:type","value":"1"},{"key":"$out:selectors:0:fields:11:name","value":"CF2.CommsStatus"},{"key":"$out:selectors:0:fields:11:type","value":"1"},{"key":"$out:selectors:0:fields:12:name","value":"BG8.CommsStatus"},{"key":"$out:selectors:0:fields:12:type","value":"1"},{"key":"$out:selectors:0:fields:13:name","value":"CF3.CommsStatus"},{"key":"$out:selectors:0:fields:13:type","value":"1"},{"key":"$out:selectors:0:fields:14:name","value":"CSP.CommsStatus"},{"key":"$out:selectors:0:fields:14:type","value":"1"},{"key":"$out:selectors:0:fields:15:name","value":"DCT.CommsStatus"},{"key":"$out:selectors:0:fields:15:type","value":"1"},{"key":"$out:selectors:0:fields:16:name","value":"DF1.CommsStatus"},{"key":"$out:selectors:0:fields:16:type","value":"1"},{"key":"$out:selectors:0:fields:17:name","value":"DF2.CommsStatus"},{"key":"$out:selectors:0:fields:17:type","value":"1"},{"key":"$out:selectors:0:fields:18:name","value":"DF3.CommsStatus"},{"key":"$out:selectors:0:fields:18:type","value":"1"},{"key":"$out:selectors:0:fields:19:name","value":"DF4.CommsStatus"},{"key":"$out:selectors:0:fields:19:type","value":"1"},{"key":"$out:selectors:0:fields:1:name","value":"BG11.CommsStatus"},{"key":"$out:selectors:0:fields:1:type","value":"1"},{"key":"$out:selectors:0:fields:20:name","value":"DSP.CommsStatus"},{"key":"$out:selectors:0:fields:20:type","value":"1"},{"key":"$out:selectors:0:fields:21:name","value":"KPL.CommsStatus"},{"key":"$out:selectors:0:fields:21:type","value":"1"},{"key":"$out:selectors:0:fields:22:name","value":"BG9.CommsStatus"},{"key":"$out:selectors:0:fields:22:type","value":"1"},{"key":"$out:selectors:0:fields:23:name","value":"CG12.CommsStatus"},{"key":"$out:selectors:0:fields:23:type","value":"1"},{"key":"$out:selectors:0:fields:24:name","value":"CG7.CommsStatus"},{"key":"$out:selectors:0:fields:24:type","value":"1"},{"key":"$out:selectors:0:fields:25:name","value":"DG2.CommsStatus"},{"key":"$out:selectors:0:fields:25:type","value":"1"},{"key":"$out:selectors:0:fields:26:name","value":"DG3.CommsStatus"},{"key":"$out:selectors:0:fields:26:type","value":"1"},{"key":"$out:selectors:0:fields:27:name","value":"DG4.CommsStatus"},{"key":"$out:selectors:0:fields:27:type","value":"1"},{"key":"$out:selectors:0:fields:28:name","value":"DG5.CommsStatus"},{"key":"$out:selectors:0:fields:28:type","value":"1"},{"key":"$out:selectors:0:fields:2:name","value":"DG6.CommsStatus"},{"key":"$out:selectors:0:fields:2:type","value":"1"},{"key":"$out:selectors:0:fields:3:name","value":"BCT.CommsStatus"},{"key":"$out:selectors:0:fields:3:type","value":"1"},{"key":"$out:selectors:0:fields:4:name","value":"BF1.CommsStatus"},{"key":"$out:selectors:0:fields:4:type","value":"1"},{"key":"$out:selectors:0:fields:5:name","value":"BF2.CommsStatus"},{"key":"$out:selectors:0:fields:5:type","value":"1"},{"key":"$out:selectors:0:fields:6:name","value":"BF3.CommsStatus"},{"key":"$out:selectors:0:fields:6:type","value":"1"},{"key":"$out:selectors:0:fields:7:name","value":"BF4.CommsStatus"},{"key":"$out:selectors:0:fields:7:type","value":"1"},{"key":"$out:selectors:0:fields:8:name","value":"CBT.CommsStatus"},{"key":"$out:selectors:0:fields:8:type","value":"1"},{"key":"$out:selectors:0:fields:9:name","value":"CDT.CommsStatus"},{"key":"$out:selectors:0:fields:9:type","value":"1"},{"key":"$out:selectors:0:schemaType","value":"0"},{"key":"$out:selectors:0:selector","value":"0"},{"key":"name","value":"PLC Read"},{"key":"x","value":"125"},{"key":"y","value":"-100"}]}],"pipes":[{"id":"09e8a4e5-5664-44d9-80f8-8f3e9d0bcf01","sourceId":"24ea7022-8eed-493b-876f-f82627624bb7","sinkId":"d968c304-9514-4824-a43c-7559d50301eb","selector":-1},{"id":"3782ff54-6088-4aa5-82ab-1d89e3d3b560","sourceId":"f0c1cbeb-2167-4741-be03-22dcc78fa0b5","sinkId":"00b1a076-9db4-4e3b-8dd2-b54016d5090b","selector":0},{"id":"5e15ef20-8acc-42f6-b531-3bc39b8c422f","sourceId":"82da4567-fe4c-4f1e-9e34-0c35d6cf529e","sinkId":"f0c1cbeb-2167-4741-be03-22dcc78fa0b5","selector":0},{"id":"803a11f6-fbfd-486e-bbfb-f731bbbbc324","sourceId":"3f4a9aa8-d71a-4584-a827-1e3225b38547","sinkId":"2879b81d-e812-49bc-aaeb-089b4abb51c1","selector":0},{"id":"a503b249-b3f9-4021-a39b-fee98438c8ad","sourceId":"fe776806-a977-40bf-b246-d9652da77cbf","sinkId":"3f4a9aa8-d71a-4584-a827-1e3225b38547","selector":0},{"id":"e0d86b08-8439-44fe-a622-30c5d207dd2d","sourceId":"f0c1cbeb-2167-4741-be03-22dcc78fa0b5","sinkId":"8cd87da6-4271-451a-94b1-5842c86b75f6","selector":1},{"id":"e4196142-f8fc-40b3-851b-f1ebe99c29b5","sourceId":"2879b81d-e812-49bc-aaeb-089b4abb51c1","sinkId":"82da4567-fe4c-4f1e-9e34-0c35d6cf529e","selector":0},{"id":"ef8c60fb-bbf0-41a9-ae61-27bcde9948f7","sourceId":"d968c304-9514-4824-a43c-7559d50301eb","sinkId":"fe776806-a977-40bf-b246-d9652da77cbf","selector":-1}],"id":"5240cb8a-440f-4e85-aac3-789c205e4624","dateCreated":"2024-02-08T21:41:07.4424665","dateLastModified":"2024-05-24T12:56:08.8467905"}],"pipelineJobs":[]}