{"version":1,"request":{"fileName":"flow-anylogPowerV5-20240708-182742.json","pipelineIds":["15673eda-b00b-4881-80a8-b5b43e1c5601"]},"dashboards":[],"resources":[],"pipelines":[{"entryPointId":"0b041342-2b24-468a-bdf4-da80995c9582","dateLastExecuted":"2024-06-30T05:53:11.6385899","metadata":[{"key":"description","value":""},{"key":"name","value":"Anylog - Power - v5"}],"operators":[{"id":"0b041342-2b24-468a-bdf4-da80995c9582","pipelineTopologyId":"15673eda-b00b-4881-80a8-b5b43e1c5601","kind":"std/forward","configuration":[],"metadata":[{"key":"name","value":"Entry Point"},{"key":"x","value":"0"},{"key":"y","value":"0"}]},{"id":"263868fc-dd17-4841-bf32-1bfc65505c66","pipelineTopologyId":"15673eda-b00b-4881-80a8-b5b43e1c5601","kind":"std/http","configuration":[{"key":"$version","value":"1"},{"key":"contentColumn","value":"PowerPlant"},{"key":"contentEncoding","value":"0"},{"key":"contentSource","value":"1"},{"key":"contentTemplate","value":""},{"key":"contentType","value":"plain/text"},{"key":"headers:Content-Type","value":"text/plain"},{"key":"headers:User-Agent","value":"AnyLog/1.23"},{"key":"headers:command","value":"data"},{"key":"headers:topic","value":"power_plant"},{"key":"method","value":"post"},{"key":"resource","value":"88c632dd-21ac-43e3-956a-203f6e0581ef"},{"key":"url","value":""}],"metadata":[{"key":"$in:fields:0:name","value":"PowerPlant"},{"key":"$in:fields:0:type","value":"13"},{"key":"$in:schemaType","value":"0"},{"key":"$out:selectors:0:fields:0:name","value":"Timestamp"},{"key":"$out:selectors:0:fields:0:type","value":"9"},{"key":"$out:selectors:0:fields:1:name","value":"StatusCode"},{"key":"$out:selectors:0:fields:1:type","value":"9"},{"key":"$out:selectors:0:fields:2:name","value":"ContentType"},{"key":"$out:selectors:0:fields:2:type","value":"13"},{"key":"$out:selectors:0:fields:3:name","value":"Content"},{"key":"$out:selectors:0:fields:3:type","value":"13"},{"key":"$out:selectors:0:schemaType","value":"0"},{"key":"$out:selectors:0:selector","value":"0"},{"key":"$out:selectors:1:schemaType","value":"1"},{"key":"$out:selectors:1:selector","value":"1"},{"key":"name","value":"HTTP Request Anylog"},{"key":"x","value":"1250"},{"key":"y","value":"0"}]},{"id":"2a3b31bf-d010-43dc-97b1-92a83fe31eba","pipelineTopologyId":"15673eda-b00b-4881-80a8-b5b43e1c5601","kind":"std/http","configuration":[{"key":"$version","value":"1"},{"key":"contentColumn","value":"PowerPlant"},{"key":"contentEncoding","value":"0"},{"key":"contentSource","value":"1"},{"key":"contentTemplate","value":""},{"key":"contentType","value":"plain/text"},{"key":"headers:Content-Type","value":"text/plain"},{"key":"headers:User-Agent","value":"AnyLog/1.23"},{"key":"headers:dbms","value":"cos"},{"key":"headers:mode","value":"streaming"},{"key":"headers:table","value":"CoS_PP"},{"key":"headers:type","value":"json"},{"key":"method","value":"put"},{"key":"resource","value":"f3e767ad-643a-4e6f-8870-d3f02bc6b1ee"},{"key":"url","value":""}],"metadata":[{"key":"$in:fields:0:name","value":"PowerPlant"},{"key":"$in:fields:0:type","value":"13"},{"key":"$in:schemaType","value":"0"},{"key":"$out:selectors:0:fields:0:name","value":"Timestamp"},{"key":"$out:selectors:0:fields:0:type","value":"9"},{"key":"$out:selectors:0:fields:1:name","value":"StatusCode"},{"key":"$out:selectors:0:fields:1:type","value":"9"},{"key":"$out:selectors:0:fields:2:name","value":"ContentType"},{"key":"$out:selectors:0:fields:2:type","value":"13"},{"key":"$out:selectors:0:fields:3:name","value":"Content"},{"key":"$out:selectors:0:fields:3:type","value":"13"},{"key":"$out:selectors:0:schemaType","value":"0"},{"key":"$out:selectors:0:selector","value":"0"},{"key":"$out:selectors:1:schemaType","value":"1"},{"key":"$out:selectors:1:selector","value":"1"},{"key":"name","value":"HTTP Request"},{"key":"x","value":"1250"},{"key":"y","value":"150"}]},{"id":"4feb6756-0d20-4119-947b-efb3cb68d81d","pipelineTopologyId":"15673eda-b00b-4881-80a8-b5b43e1c5601","kind":"std/timestamp","configuration":[],"metadata":[{"key":"name","value":"Timestamp"},{"key":"x","value":"650"},{"key":"y","value":"325"}]},{"id":"9adc4606-09d6-4279-9583-7b74520bf265","pipelineTopologyId":"15673eda-b00b-4881-80a8-b5b43e1c5601","kind":"std/timer","configuration":[{"key":"count","value":"0"},{"key":"interval","value":"30000"}],"metadata":[{"key":"$in:schemaType","value":"2"},{"key":"name","value":"Timer - Slow (30ms)"},{"key":"x","value":"250"},{"key":"y","value":"125"}]},{"id":"bbc6dcd3-3c2d-4d02-b769-b410cdc2790f","pipelineTopologyId":"15673eda-b00b-4881-80a8-b5b43e1c5601","kind":"script/execute","configuration":[{"key":"definition:engine","value":"csharp"},{"key":"definition:filesystem:allow","value":"false"},{"key":"definition:id","value":"dfc0f089-a37b-4868-bfd1-2292d56b1ef7"},{"key":"definition:location","value":"inline"},{"key":"definition:network:allow","value":"false"},{"key":"definition:runtime:background","value":"false"},{"key":"definition:runtime:debug","value":"false"},{"key":"definition:runtime:maxExecutionTime","value":"0"},{"key":"definition:source","value":"using Dynics.Arrow;\n\npublic class Script\n{\n    private static readonly string columnName = \"PowerPlant\";\n\n    public static async Task ExecuteAsync(IScriptContext context, RecordBatch recordBatch, CancellationToken cancellationToken)\n    {\n        // New record builder\n        var builder = new RecordBatch.Builder();\n\n        string json = \"{\";\n        \n        foreach (KeyValuePair<string, Field> fieldKvPair in recordBatch.Schema.Fields)\n        {\n            var field = fieldKvPair.Value;\n\n            json += \"\\\"\" + field.Name.Replace(\".\", \"_\") + \"\\\":\" + recordBatch.Column(field.Name).GetValue(0);\n\n            if (!fieldKvPair.Equals(recordBatch.Schema.Fields.Last()))\n                json += ',';\n        }\n\n        json += '}';\n\n        builder.Append<StringArray>(columnName,false,x=> x.String(s=>s.Append(json)));\n\n        // Emit the result\n        await context.EmitAsync(builder.Build());\n    }\n}"}],"metadata":[{"key":"name","value":"Script"},{"key":"x","value":"1075"},{"key":"y","value":"425"}]},{"id":"bf02a543-a7ab-4220-ba72-e8a94d692d17","pipelineTopologyId":"15673eda-b00b-4881-80a8-b5b43e1c5601","kind":"script/execute","configuration":[{"key":"definition:engine","value":"csharp"},{"key":"definition:filesystem:allow","value":"false"},{"key":"definition:id","value":"dfc0f089-a37b-4868-bfd1-2292d56b1ef7"},{"key":"definition:location","value":"inline"},{"key":"definition:network:allow","value":"false"},{"key":"definition:runtime:background","value":"false"},{"key":"definition:runtime:debug","value":"false"},{"key":"definition:runtime:maxExecutionTime","value":"0"},{"key":"definition:source","value":"using Dynics.Arrow;\n\npublic class Script\n{\n    private static readonly string columnName = \"PowerPlant\";\n    public static readonly string timestampColumn = \"Timestamp\";\n\n    public static async Task ExecuteAsync(IScriptContext context, RecordBatch recordBatch, CancellationToken cancellationToken)\n    {\n        // Get timestamp\n        var tsColumn = recordBatch.Column(timestampColumn) as TimestampArray;\n        long? timestamp = tsColumn.GetValue(0).Value;\n        \n        // New record builder\n        var builder = new RecordBatch.Builder();\n\n        string json = \"{\";\n        \n        foreach (KeyValuePair<string, Field> fieldKvPair in recordBatch.Schema.Fields)\n        {\n            var field = fieldKvPair.Value;\n\n            if(field.Name == timestampColumn)\n                json += \"\\\"\" + field.Name.Replace(\".\", \"_\") + \"\\\":\\\"\" + timestamp + \"\\\"\";\n            else\n                json += \"\\\"\" + field.Name.Replace(\".\", \"_\") + \"\\\":\\\"\" + recordBatch.Column(field.Name).GetValue(0) + \"\\\"\";\n\n            if (!fieldKvPair.Equals(recordBatch.Schema.Fields.Last()))\n                json += ',';\n        }\n\n        json += '}';\n\n        builder.Append<StringArray>(columnName,false,x=> x.String(s=>s.Append(json)));\n\n        // Emit the result\n        await context.EmitAsync(builder.Build());\n    }\n}"}],"metadata":[{"key":"$in:schemaType","value":"1"},{"key":"name","value":"Script"},{"key":"x","value":"875"},{"key":"y","value":"350"}]},{"id":"c9a77884-25e2-4efd-98e9-d45efb906f3e","pipelineTopologyId":"15673eda-b00b-4881-80a8-b5b43e1c5601","kind":"script/execute","configuration":[{"key":"definition:engine","value":"csharp"},{"key":"definition:filesystem:allow","value":"false"},{"key":"definition:id","value":"dfc0f089-a37b-4868-bfd1-2292d56b1ef7"},{"key":"definition:location","value":"inline"},{"key":"definition:network:allow","value":"false"},{"key":"definition:runtime:background","value":"false"},{"key":"definition:runtime:debug","value":"false"},{"key":"definition:runtime:maxExecutionTime","value":"0"},{"key":"definition:source","value":"using Dynics.Arrow;\n\npublic class Script\n{\n    private static readonly string columnName = \"PowerPlant\";\n\n    public static async Task ExecuteAsync(IScriptContext context, RecordBatch recordBatch, CancellationToken cancellationToken)\n    {\n        // New record builder\n        var builder = new RecordBatch.Builder();\n        \n        // Generate the current UTC timestamp\n        string timestamp = DateTime.UtcNow.ToString(\"o\"); // ISO 8601 format\n        \n        string json = \"{\";\n        foreach (KeyValuePair<string, Field> fieldKvPair in recordBatch.Schema.Fields)\n        {\n            var field = fieldKvPair.Value;\n            json += \"\\\"\" + field.Name.Replace(\".\", \"_\") + \"\\\":\" + recordBatch.Column(field.Name).GetValue(0);\n            if (!fieldKvPair.Equals(recordBatch.Schema.Fields.Last()))\n                json += ',';\n        }\n\n        // Append the timestamp to the JSON string\n        json += \",\\\"timestamp\\\":\\\"\" + timestamp + \"\\\"\";\n        \n        json += '}';\n        \n        builder.Append<StringArray>(columnName, false, x => x.String(s => s.Append(json)));\n        \n        // Emit the result\n        await context.EmitAsync(builder.Build());\n    }\n}"}],"metadata":[{"key":"$in:schemaType","value":"1"},{"key":"name","value":"Script Anylog"},{"key":"x","value":"875"},{"key":"y","value":"0"}]},{"id":"cdea466a-2108-44fd-90c3-c38e26f3f044","pipelineTopologyId":"15673eda-b00b-4881-80a8-b5b43e1c5601","kind":"plc/read","configuration":[{"key":"$version","value":"1"},{"key":"ids:0","value":"44aefd1d-1f22-46dd-8cb5-31da903ab81e"},{"key":"resource","value":"38f34dbb-6d84-4118-b595-5266b6c3715b"}],"metadata":[{"key":"$in:schemaType","value":"1"},{"key":"$out:selectors:0:fields:0:name","value":"BG10.CommsStatus"},{"key":"$out:selectors:0:fields:0:type","value":"1"},{"key":"$out:selectors:0:fields:10:name","value":"CF1.CommsStatus"},{"key":"$out:selectors:0:fields:10:type","value":"1"},{"key":"$out:selectors:0:fields:11:name","value":"CF2.CommsStatus"},{"key":"$out:selectors:0:fields:11:type","value":"1"},{"key":"$out:selectors:0:fields:12:name","value":"BG8.CommsStatus"},{"key":"$out:selectors:0:fields:12:type","value":"1"},{"key":"$out:selectors:0:fields:13:name","value":"CF3.CommsStatus"},{"key":"$out:selectors:0:fields:13:type","value":"1"},{"key":"$out:selectors:0:fields:14:name","value":"CSP.CommsStatus"},{"key":"$out:selectors:0:fields:14:type","value":"1"},{"key":"$out:selectors:0:fields:15:name","value":"DCT.CommsStatus"},{"key":"$out:selectors:0:fields:15:type","value":"1"},{"key":"$out:selectors:0:fields:16:name","value":"DF1.CommsStatus"},{"key":"$out:selectors:0:fields:16:type","value":"1"},{"key":"$out:selectors:0:fields:17:name","value":"DF2.CommsStatus"},{"key":"$out:selectors:0:fields:17:type","value":"1"},{"key":"$out:selectors:0:fields:18:name","value":"DF3.CommsStatus"},{"key":"$out:selectors:0:fields:18:type","value":"1"},{"key":"$out:selectors:0:fields:19:name","value":"DF4.CommsStatus"},{"key":"$out:selectors:0:fields:19:type","value":"1"},{"key":"$out:selectors:0:fields:1:name","value":"BG11.CommsStatus"},{"key":"$out:selectors:0:fields:1:type","value":"1"},{"key":"$out:selectors:0:fields:20:name","value":"DSP.CommsStatus"},{"key":"$out:selectors:0:fields:20:type","value":"1"},{"key":"$out:selectors:0:fields:21:name","value":"KPL.CommsStatus"},{"key":"$out:selectors:0:fields:21:type","value":"1"},{"key":"$out:selectors:0:fields:22:name","value":"BG9.CommsStatus"},{"key":"$out:selectors:0:fields:22:type","value":"1"},{"key":"$out:selectors:0:fields:23:name","value":"CG12.CommsStatus"},{"key":"$out:selectors:0:fields:23:type","value":"1"},{"key":"$out:selectors:0:fields:24:name","value":"CG7.CommsStatus"},{"key":"$out:selectors:0:fields:24:type","value":"1"},{"key":"$out:selectors:0:fields:25:name","value":"DG2.CommsStatus"},{"key":"$out:selectors:0:fields:25:type","value":"1"},{"key":"$out:selectors:0:fields:26:name","value":"DG3.CommsStatus"},{"key":"$out:selectors:0:fields:26:type","value":"1"},{"key":"$out:selectors:0:fields:27:name","value":"DG4.CommsStatus"},{"key":"$out:selectors:0:fields:27:type","value":"1"},{"key":"$out:selectors:0:fields:28:name","value":"DG5.CommsStatus"},{"key":"$out:selectors:0:fields:28:type","value":"1"},{"key":"$out:selectors:0:fields:2:name","value":"DG6.CommsStatus"},{"key":"$out:selectors:0:fields:2:type","value":"1"},{"key":"$out:selectors:0:fields:3:name","value":"BCT.CommsStatus"},{"key":"$out:selectors:0:fields:3:type","value":"1"},{"key":"$out:selectors:0:fields:4:name","value":"BF1.CommsStatus"},{"key":"$out:selectors:0:fields:4:type","value":"1"},{"key":"$out:selectors:0:fields:5:name","value":"BF2.CommsStatus"},{"key":"$out:selectors:0:fields:5:type","value":"1"},{"key":"$out:selectors:0:fields:6:name","value":"BF3.CommsStatus"},{"key":"$out:selectors:0:fields:6:type","value":"1"},{"key":"$out:selectors:0:fields:7:name","value":"BF4.CommsStatus"},{"key":"$out:selectors:0:fields:7:type","value":"1"},{"key":"$out:selectors:0:fields:8:name","value":"CBT.CommsStatus"},{"key":"$out:selectors:0:fields:8:type","value":"1"},{"key":"$out:selectors:0:fields:9:name","value":"CDT.CommsStatus"},{"key":"$out:selectors:0:fields:9:type","value":"1"},{"key":"$out:selectors:0:schemaType","value":"0"},{"key":"$out:selectors:0:selector","value":"0"},{"key":"name","value":"PLC Read - Fast"},{"key":"x","value":"500"},{"key":"y","value":"0"}]},{"id":"d4c4e463-9435-40d6-b3fd-7d4f26a675a4","pipelineTopologyId":"15673eda-b00b-4881-80a8-b5b43e1c5601","kind":"plc/read","configuration":[{"key":"$version","value":"1"},{"key":"ids:0","value":"6a3b66a0-3351-4b14-9389-2104104fe20e"},{"key":"resource","value":"38f34dbb-6d84-4118-b595-5266b6c3715b"}],"metadata":[{"key":"$in:schemaType","value":"1"},{"key":"$out:selectors:0:fields:0:name","value":"BG10.A_Current"},{"key":"$out:selectors:0:fields:0:type","value":"11"},{"key":"$out:selectors:0:fields:100:name","value":"CDT.B_Current"},{"key":"$out:selectors:0:fields:100:type","value":"11"},{"key":"$out:selectors:0:fields:101:name","value":"BG11.PowerFactor"},{"key":"$out:selectors:0:fields:101:type","value":"11"},{"key":"$out:selectors:0:fields:102:name","value":"CDT.B_N_Voltage"},{"key":"$out:selectors:0:fields:102:type","value":"11"},{"key":"$out:selectors:0:fields:103:name","value":"CDT.C_Current"},{"key":"$out:selectors:0:fields:103:type","value":"11"},{"key":"$out:selectors:0:fields:104:name","value":"CDT.C_N_Voltage"},{"key":"$out:selectors:0:fields:104:type","value":"11"},{"key":"$out:selectors:0:fields:105:name","value":"CDT.EnergyMultiplier"},{"key":"$out:selectors:0:fields:105:type","value":"11"},{"key":"$out:selectors:0:fields:106:name","value":"CDT.Frequency"},{"key":"$out:selectors:0:fields:106:type","value":"11"},{"key":"$out:selectors:0:fields:107:name","value":"CDT.PowerFactor"},{"key":"$out:selectors:0:fields:107:type","value":"11"},{"key":"$out:selectors:0:fields:108:name","value":"CDT.ReactivePower"},{"key":"$out:selectors:0:fields:108:type","value":"11"},{"key":"$out:selectors:0:fields:109:name","value":"CDT.RealPower"},{"key":"$out:selectors:0:fields:109:type","value":"11"},{"key":"$out:selectors:0:fields:10:name","value":"DG5.PowerFactor"},{"key":"$out:selectors:0:fields:10:type","value":"11"},{"key":"$out:selectors:0:fields:110:name","value":"CF1.A_Current"},{"key":"$out:selectors:0:fields:110:type","value":"11"},{"key":"$out:selectors:0:fields:111:name","value":"CF1.A_N_Voltage"},{"key":"$out:selectors:0:fields:111:type","value":"11"},{"key":"$out:selectors:0:fields:112:name","value":"BG10.B_Current"},{"key":"$out:selectors:0:fields:112:type","value":"11"},{"key":"$out:selectors:0:fields:113:name","value":"BG11.ReactivePower"},{"key":"$out:selectors:0:fields:113:type","value":"11"},{"key":"$out:selectors:0:fields:114:name","value":"CF1.B_Current"},{"key":"$out:selectors:0:fields:114:type","value":"11"},{"key":"$out:selectors:0:fields:115:name","value":"CF1.B_N_Voltage"},{"key":"$out:selectors:0:fields:115:type","value":"11"},{"key":"$out:selectors:0:fields:116:name","value":"CF1.C_Current"},{"key":"$out:selectors:0:fields:116:type","value":"11"},{"key":"$out:selectors:0:fields:117:name","value":"CF1.C_N_Voltage"},{"key":"$out:selectors:0:fields:117:type","value":"11"},{"key":"$out:selectors:0:fields:118:name","value":"CF1.EnergyMultiplier"},{"key":"$out:selectors:0:fields:118:type","value":"11"},{"key":"$out:selectors:0:fields:119:name","value":"CF1.Frequency"},{"key":"$out:selectors:0:fields:119:type","value":"11"},{"key":"$out:selectors:0:fields:11:name","value":"DG5.ReactivePower"},{"key":"$out:selectors:0:fields:11:type","value":"11"},{"key":"$out:selectors:0:fields:120:name","value":"CF1.PowerFactor"},{"key":"$out:selectors:0:fields:120:type","value":"11"},{"key":"$out:selectors:0:fields:121:name","value":"CF1.ReactivePower"},{"key":"$out:selectors:0:fields:121:type","value":"11"},{"key":"$out:selectors:0:fields:122:name","value":"CF1.RealPower"},{"key":"$out:selectors:0:fields:122:type","value":"11"},{"key":"$out:selectors:0:fields:123:name","value":"CF2.A_Current"},{"key":"$out:selectors:0:fields:123:type","value":"11"},{"key":"$out:selectors:0:fields:124:name","value":"BG11.RealPower"},{"key":"$out:selectors:0:fields:124:type","value":"11"},{"key":"$out:selectors:0:fields:125:name","value":"CF2.A_N_Voltage"},{"key":"$out:selectors:0:fields:125:type","value":"11"},{"key":"$out:selectors:0:fields:126:name","value":"CF2.B_Current"},{"key":"$out:selectors:0:fields:126:type","value":"11"},{"key":"$out:selectors:0:fields:127:name","value":"CF2.B_N_Voltage"},{"key":"$out:selectors:0:fields:127:type","value":"11"},{"key":"$out:selectors:0:fields:128:name","value":"CF2.C_Current"},{"key":"$out:selectors:0:fields:128:type","value":"11"},{"key":"$out:selectors:0:fields:129:name","value":"CF2.C_N_Voltage"},{"key":"$out:selectors:0:fields:129:type","value":"11"},{"key":"$out:selectors:0:fields:12:name","value":"DG5.RealPower"},{"key":"$out:selectors:0:fields:12:type","value":"11"},{"key":"$out:selectors:0:fields:130:name","value":"CF2.EnergyMultiplier"},{"key":"$out:selectors:0:fields:130:type","value":"11"},{"key":"$out:selectors:0:fields:131:name","value":"CF2.Frequency"},{"key":"$out:selectors:0:fields:131:type","value":"11"},{"key":"$out:selectors:0:fields:132:name","value":"CF2.PowerFactor"},{"key":"$out:selectors:0:fields:132:type","value":"11"},{"key":"$out:selectors:0:fields:133:name","value":"CF2.ReactivePower"},{"key":"$out:selectors:0:fields:133:type","value":"11"},{"key":"$out:selectors:0:fields:134:name","value":"CF2.RealPower"},{"key":"$out:selectors:0:fields:134:type","value":"11"},{"key":"$out:selectors:0:fields:135:name","value":"BG8.A_Current"},{"key":"$out:selectors:0:fields:135:type","value":"11"},{"key":"$out:selectors:0:fields:136:name","value":"CF3.A_Current"},{"key":"$out:selectors:0:fields:136:type","value":"11"},{"key":"$out:selectors:0:fields:137:name","value":"CF3.A_N_Voltage"},{"key":"$out:selectors:0:fields:137:type","value":"11"},{"key":"$out:selectors:0:fields:138:name","value":"CF3.B_Current"},{"key":"$out:selectors:0:fields:138:type","value":"11"},{"key":"$out:selectors:0:fields:139:name","value":"CF3.B_N_Voltage"},{"key":"$out:selectors:0:fields:139:type","value":"11"},{"key":"$out:selectors:0:fields:13:name","value":"BG11.A_Current"},{"key":"$out:selectors:0:fields:13:type","value":"11"},{"key":"$out:selectors:0:fields:140:name","value":"CF3.C_Current"},{"key":"$out:selectors:0:fields:140:type","value":"11"},{"key":"$out:selectors:0:fields:141:name","value":"CF3.C_N_Voltage"},{"key":"$out:selectors:0:fields:141:type","value":"11"},{"key":"$out:selectors:0:fields:142:name","value":"CF3.EnergyMultiplier"},{"key":"$out:selectors:0:fields:142:type","value":"11"},{"key":"$out:selectors:0:fields:143:name","value":"CF3.Frequency"},{"key":"$out:selectors:0:fields:143:type","value":"11"},{"key":"$out:selectors:0:fields:144:name","value":"CF3.PowerFactor"},{"key":"$out:selectors:0:fields:144:type","value":"11"},{"key":"$out:selectors:0:fields:145:name","value":"CF3.ReactivePower"},{"key":"$out:selectors:0:fields:145:type","value":"11"},{"key":"$out:selectors:0:fields:146:name","value":"BG8.A_N_Voltage"},{"key":"$out:selectors:0:fields:146:type","value":"11"},{"key":"$out:selectors:0:fields:147:name","value":"CF3.RealPower"},{"key":"$out:selectors:0:fields:147:type","value":"11"},{"key":"$out:selectors:0:fields:148:name","value":"CSP.A_Current"},{"key":"$out:selectors:0:fields:148:type","value":"11"},{"key":"$out:selectors:0:fields:149:name","value":"CSP.A_N_Voltage"},{"key":"$out:selectors:0:fields:149:type","value":"11"},{"key":"$out:selectors:0:fields:14:name","value":"DG6.A_Current"},{"key":"$out:selectors:0:fields:14:type","value":"11"},{"key":"$out:selectors:0:fields:150:name","value":"CSP.B_Current"},{"key":"$out:selectors:0:fields:150:type","value":"11"},{"key":"$out:selectors:0:fields:151:name","value":"CSP.B_N_Voltage"},{"key":"$out:selectors:0:fields:151:type","value":"11"},{"key":"$out:selectors:0:fields:152:name","value":"CSP.C_Current"},{"key":"$out:selectors:0:fields:152:type","value":"11"},{"key":"$out:selectors:0:fields:153:name","value":"CSP.C_N_Voltage"},{"key":"$out:selectors:0:fields:153:type","value":"11"},{"key":"$out:selectors:0:fields:154:name","value":"CSP.EnergyMultiplier"},{"key":"$out:selectors:0:fields:154:type","value":"11"},{"key":"$out:selectors:0:fields:155:name","value":"CSP.Frequency"},{"key":"$out:selectors:0:fields:155:type","value":"11"},{"key":"$out:selectors:0:fields:156:name","value":"CSP.PowerFactor"},{"key":"$out:selectors:0:fields:156:type","value":"11"},{"key":"$out:selectors:0:fields:157:name","value":"BG8.B_Current"},{"key":"$out:selectors:0:fields:157:type","value":"11"},{"key":"$out:selectors:0:fields:158:name","value":"CSP.ReactivePower"},{"key":"$out:selectors:0:fields:158:type","value":"11"},{"key":"$out:selectors:0:fields:159:name","value":"CSP.RealPower"},{"key":"$out:selectors:0:fields:159:type","value":"11"},{"key":"$out:selectors:0:fields:15:name","value":"DG6.A_N_Voltage"},{"key":"$out:selectors:0:fields:15:type","value":"11"},{"key":"$out:selectors:0:fields:160:name","value":"DCT.A_Current"},{"key":"$out:selectors:0:fields:160:type","value":"11"},{"key":"$out:selectors:0:fields:161:name","value":"DCT.A_N_Voltage"},{"key":"$out:selectors:0:fields:161:type","value":"11"},{"key":"$out:selectors:0:fields:162:name","value":"DCT.B_Current"},{"key":"$out:selectors:0:fields:162:type","value":"11"},{"key":"$out:selectors:0:fields:163:name","value":"DCT.B_N_Voltage"},{"key":"$out:selectors:0:fields:163:type","value":"11"},{"key":"$out:selectors:0:fields:164:name","value":"DCT.C_Current"},{"key":"$out:selectors:0:fields:164:type","value":"11"},{"key":"$out:selectors:0:fields:165:name","value":"DCT.C_N_Voltage"},{"key":"$out:selectors:0:fields:165:type","value":"11"},{"key":"$out:selectors:0:fields:166:name","value":"DCT.EnergyMultiplier"},{"key":"$out:selectors:0:fields:166:type","value":"11"},{"key":"$out:selectors:0:fields:167:name","value":"DCT.Frequency"},{"key":"$out:selectors:0:fields:167:type","value":"11"},{"key":"$out:selectors:0:fields:168:name","value":"BG8.B_N_Voltage"},{"key":"$out:selectors:0:fields:168:type","value":"11"},{"key":"$out:selectors:0:fields:169:name","value":"DCT.PowerFactor"},{"key":"$out:selectors:0:fields:169:type","value":"11"},{"key":"$out:selectors:0:fields:16:name","value":"DG6.B_Current"},{"key":"$out:selectors:0:fields:16:type","value":"11"},{"key":"$out:selectors:0:fields:170:name","value":"DCT.ReactivePower"},{"key":"$out:selectors:0:fields:170:type","value":"11"},{"key":"$out:selectors:0:fields:171:name","value":"DCT.RealPower"},{"key":"$out:selectors:0:fields:171:type","value":"11"},{"key":"$out:selectors:0:fields:172:name","value":"DF1.A_Current"},{"key":"$out:selectors:0:fields:172:type","value":"11"},{"key":"$out:selectors:0:fields:173:name","value":"DF1.A_N_Voltage"},{"key":"$out:selectors:0:fields:173:type","value":"11"},{"key":"$out:selectors:0:fields:174:name","value":"DF1.B_Current"},{"key":"$out:selectors:0:fields:174:type","value":"11"},{"key":"$out:selectors:0:fields:175:name","value":"DF1.B_N_Voltage"},{"key":"$out:selectors:0:fields:175:type","value":"11"},{"key":"$out:selectors:0:fields:176:name","value":"DF1.C_Current"},{"key":"$out:selectors:0:fields:176:type","value":"11"},{"key":"$out:selectors:0:fields:177:name","value":"DF1.C_N_Voltage"},{"key":"$out:selectors:0:fields:177:type","value":"11"},{"key":"$out:selectors:0:fields:178:name","value":"DF1.EnergyMultiplier"},{"key":"$out:selectors:0:fields:178:type","value":"11"},{"key":"$out:selectors:0:fields:179:name","value":"BG8.C_Current"},{"key":"$out:selectors:0:fields:179:type","value":"11"},{"key":"$out:selectors:0:fields:17:name","value":"DG6.B_N_Voltage"},{"key":"$out:selectors:0:fields:17:type","value":"11"},{"key":"$out:selectors:0:fields:180:name","value":"DF1.Frequency"},{"key":"$out:selectors:0:fields:180:type","value":"11"},{"key":"$out:selectors:0:fields:181:name","value":"DF1.PowerFactor"},{"key":"$out:selectors:0:fields:181:type","value":"11"},{"key":"$out:selectors:0:fields:182:name","value":"DF1.ReactivePower"},{"key":"$out:selectors:0:fields:182:type","value":"11"},{"key":"$out:selectors:0:fields:183:name","value":"DF1.RealPower"},{"key":"$out:selectors:0:fields:183:type","value":"11"},{"key":"$out:selectors:0:fields:184:name","value":"DF2.A_Current"},{"key":"$out:selectors:0:fields:184:type","value":"11"},{"key":"$out:selectors:0:fields:185:name","value":"DF2.A_N_Voltage"},{"key":"$out:selectors:0:fields:185:type","value":"11"},{"key":"$out:selectors:0:fields:186:name","value":"DF2.B_Current"},{"key":"$out:selectors:0:fields:186:type","value":"11"},{"key":"$out:selectors:0:fields:187:name","value":"DF2.B_N_Voltage"},{"key":"$out:selectors:0:fields:187:type","value":"11"},{"key":"$out:selectors:0:fields:188:name","value":"DF2.C_Current"},{"key":"$out:selectors:0:fields:188:type","value":"11"},{"key":"$out:selectors:0:fields:189:name","value":"DF2.C_N_Voltage"},{"key":"$out:selectors:0:fields:189:type","value":"11"},{"key":"$out:selectors:0:fields:18:name","value":"DG6.C_Current"},{"key":"$out:selectors:0:fields:18:type","value":"11"},{"key":"$out:selectors:0:fields:190:name","value":"BG8.C_N_Voltage"},{"key":"$out:selectors:0:fields:190:type","value":"11"},{"key":"$out:selectors:0:fields:191:name","value":"DF2.EnergyMultiplier"},{"key":"$out:selectors:0:fields:191:type","value":"11"},{"key":"$out:selectors:0:fields:192:name","value":"DF2.Frequency"},{"key":"$out:selectors:0:fields:192:type","value":"11"},{"key":"$out:selectors:0:fields:193:name","value":"DF2.PowerFactor"},{"key":"$out:selectors:0:fields:193:type","value":"11"},{"key":"$out:selectors:0:fields:194:name","value":"DF2.ReactivePower"},{"key":"$out:selectors:0:fields:194:type","value":"11"},{"key":"$out:selectors:0:fields:195:name","value":"DF2.RealPower"},{"key":"$out:selectors:0:fields:195:type","value":"11"},{"key":"$out:selectors:0:fields:196:name","value":"DF3.A_Current"},{"key":"$out:selectors:0:fields:196:type","value":"11"},{"key":"$out:selectors:0:fields:197:name","value":"DF3.A_N_Voltage"},{"key":"$out:selectors:0:fields:197:type","value":"11"},{"key":"$out:selectors:0:fields:198:name","value":"DF3.B_Current"},{"key":"$out:selectors:0:fields:198:type","value":"11"},{"key":"$out:selectors:0:fields:199:name","value":"DF3.B_N_Voltage"},{"key":"$out:selectors:0:fields:199:type","value":"11"},{"key":"$out:selectors:0:fields:19:name","value":"DG6.C_N_Voltage"},{"key":"$out:selectors:0:fields:19:type","value":"11"},{"key":"$out:selectors:0:fields:1:name","value":"BG10.A_N_Voltage"},{"key":"$out:selectors:0:fields:1:type","value":"11"},{"key":"$out:selectors:0:fields:200:name","value":"DF3.C_Current"},{"key":"$out:selectors:0:fields:200:type","value":"11"},{"key":"$out:selectors:0:fields:201:name","value":"BG8.EnergyMultiplier"},{"key":"$out:selectors:0:fields:201:type","value":"11"},{"key":"$out:selectors:0:fields:202:name","value":"DF3.C_N_Voltage"},{"key":"$out:selectors:0:fields:202:type","value":"11"},{"key":"$out:selectors:0:fields:203:name","value":"DF3.EnergyMultiplier"},{"key":"$out:selectors:0:fields:203:type","value":"11"},{"key":"$out:selectors:0:fields:204:name","value":"DF3.Frequency"},{"key":"$out:selectors:0:fields:204:type","value":"11"},{"key":"$out:selectors:0:fields:205:name","value":"DF3.PowerFactor"},{"key":"$out:selectors:0:fields:205:type","value":"11"},{"key":"$out:selectors:0:fields:206:name","value":"DF3.ReactivePower"},{"key":"$out:selectors:0:fields:206:type","value":"11"},{"key":"$out:selectors:0:fields:207:name","value":"DF3.RealPower"},{"key":"$out:selectors:0:fields:207:type","value":"11"},{"key":"$out:selectors:0:fields:208:name","value":"DF4.A_Current"},{"key":"$out:selectors:0:fields:208:type","value":"11"},{"key":"$out:selectors:0:fields:209:name","value":"DF4.A_N_Voltage"},{"key":"$out:selectors:0:fields:209:type","value":"11"},{"key":"$out:selectors:0:fields:20:name","value":"DG6.EnergyMultiplier"},{"key":"$out:selectors:0:fields:20:type","value":"11"},{"key":"$out:selectors:0:fields:210:name","value":"DF4.B_Current"},{"key":"$out:selectors:0:fields:210:type","value":"11"},{"key":"$out:selectors:0:fields:211:name","value":"DF4.B_N_Voltage"},{"key":"$out:selectors:0:fields:211:type","value":"11"},{"key":"$out:selectors:0:fields:212:name","value":"BG8.Frequency"},{"key":"$out:selectors:0:fields:212:type","value":"11"},{"key":"$out:selectors:0:fields:213:name","value":"DF4.C_Current"},{"key":"$out:selectors:0:fields:213:type","value":"11"},{"key":"$out:selectors:0:fields:214:name","value":"DF4.C_N_Voltage"},{"key":"$out:selectors:0:fields:214:type","value":"11"},{"key":"$out:selectors:0:fields:215:name","value":"DF4.EnergyMultiplier"},{"key":"$out:selectors:0:fields:215:type","value":"11"},{"key":"$out:selectors:0:fields:216:name","value":"DF4.Frequency"},{"key":"$out:selectors:0:fields:216:type","value":"11"},{"key":"$out:selectors:0:fields:217:name","value":"DF4.PowerFactor"},{"key":"$out:selectors:0:fields:217:type","value":"11"},{"key":"$out:selectors:0:fields:218:name","value":"DF4.ReactivePower"},{"key":"$out:selectors:0:fields:218:type","value":"11"},{"key":"$out:selectors:0:fields:219:name","value":"DF4.RealPower"},{"key":"$out:selectors:0:fields:219:type","value":"11"},{"key":"$out:selectors:0:fields:21:name","value":"DG6.Frequency"},{"key":"$out:selectors:0:fields:21:type","value":"11"},{"key":"$out:selectors:0:fields:220:name","value":"DSP.A_Current"},{"key":"$out:selectors:0:fields:220:type","value":"11"},{"key":"$out:selectors:0:fields:221:name","value":"DSP.A_N_Voltage"},{"key":"$out:selectors:0:fields:221:type","value":"11"},{"key":"$out:selectors:0:fields:222:name","value":"DSP.B_Current"},{"key":"$out:selectors:0:fields:222:type","value":"11"},{"key":"$out:selectors:0:fields:223:name","value":"BG10.B_N_Voltage"},{"key":"$out:selectors:0:fields:223:type","value":"11"},{"key":"$out:selectors:0:fields:224:name","value":"BG8.PowerFactor"},{"key":"$out:selectors:0:fields:224:type","value":"11"},{"key":"$out:selectors:0:fields:225:name","value":"DSP.B_N_Voltage"},{"key":"$out:selectors:0:fields:225:type","value":"11"},{"key":"$out:selectors:0:fields:226:name","value":"DSP.C_Current"},{"key":"$out:selectors:0:fields:226:type","value":"11"},{"key":"$out:selectors:0:fields:227:name","value":"DSP.C_N_Voltage"},{"key":"$out:selectors:0:fields:227:type","value":"11"},{"key":"$out:selectors:0:fields:228:name","value":"DSP.EnergyMultiplier"},{"key":"$out:selectors:0:fields:228:type","value":"11"},{"key":"$out:selectors:0:fields:229:name","value":"DSP.Frequency"},{"key":"$out:selectors:0:fields:229:type","value":"11"},{"key":"$out:selectors:0:fields:22:name","value":"DG6.PowerFactor"},{"key":"$out:selectors:0:fields:22:type","value":"11"},{"key":"$out:selectors:0:fields:230:name","value":"DSP.PowerFactor"},{"key":"$out:selectors:0:fields:230:type","value":"11"},{"key":"$out:selectors:0:fields:231:name","value":"DSP.ReactivePower"},{"key":"$out:selectors:0:fields:231:type","value":"11"},{"key":"$out:selectors:0:fields:232:name","value":"DSP.RealPower"},{"key":"$out:selectors:0:fields:232:type","value":"11"},{"key":"$out:selectors:0:fields:233:name","value":"KPL.A_Current"},{"key":"$out:selectors:0:fields:233:type","value":"11"},{"key":"$out:selectors:0:fields:234:name","value":"KPL.A_N_Voltage"},{"key":"$out:selectors:0:fields:234:type","value":"11"},{"key":"$out:selectors:0:fields:235:name","value":"BG8.ReactivePower"},{"key":"$out:selectors:0:fields:235:type","value":"11"},{"key":"$out:selectors:0:fields:236:name","value":"KPL.B_Current"},{"key":"$out:selectors:0:fields:236:type","value":"11"},{"key":"$out:selectors:0:fields:237:name","value":"KPL.B_N_Voltage"},{"key":"$out:selectors:0:fields:237:type","value":"11"},{"key":"$out:selectors:0:fields:238:name","value":"KPL.C_Current"},{"key":"$out:selectors:0:fields:238:type","value":"11"},{"key":"$out:selectors:0:fields:239:name","value":"KPL.C_N_Voltage"},{"key":"$out:selectors:0:fields:239:type","value":"11"},{"key":"$out:selectors:0:fields:23:name","value":"DG6.ReactivePower"},{"key":"$out:selectors:0:fields:23:type","value":"11"},{"key":"$out:selectors:0:fields:240:name","value":"KPL.EnergyMultiplier"},{"key":"$out:selectors:0:fields:240:type","value":"11"},{"key":"$out:selectors:0:fields:241:name","value":"KPL.Frequency"},{"key":"$out:selectors:0:fields:241:type","value":"11"},{"key":"$out:selectors:0:fields:242:name","value":"KPL.PowerFactor"},{"key":"$out:selectors:0:fields:242:type","value":"11"},{"key":"$out:selectors:0:fields:243:name","value":"KPL.ReactivePower"},{"key":"$out:selectors:0:fields:243:type","value":"11"},{"key":"$out:selectors:0:fields:244:name","value":"KPL.RealPower"},{"key":"$out:selectors:0:fields:244:type","value":"11"},{"key":"$out:selectors:0:fields:245:name","value":"BG8.RealPower"},{"key":"$out:selectors:0:fields:245:type","value":"11"},{"key":"$out:selectors:0:fields:246:name","value":"BG9.A_Current"},{"key":"$out:selectors:0:fields:246:type","value":"11"},{"key":"$out:selectors:0:fields:247:name","value":"BG9.A_N_Voltage"},{"key":"$out:selectors:0:fields:247:type","value":"11"},{"key":"$out:selectors:0:fields:248:name","value":"BG9.B_Current"},{"key":"$out:selectors:0:fields:248:type","value":"11"},{"key":"$out:selectors:0:fields:249:name","value":"BG9.B_N_Voltage"},{"key":"$out:selectors:0:fields:249:type","value":"11"},{"key":"$out:selectors:0:fields:24:name","value":"BG11.A_N_Voltage"},{"key":"$out:selectors:0:fields:24:type","value":"11"},{"key":"$out:selectors:0:fields:250:name","value":"BG9.C_Current"},{"key":"$out:selectors:0:fields:250:type","value":"11"},{"key":"$out:selectors:0:fields:251:name","value":"BG9.C_N_Voltage"},{"key":"$out:selectors:0:fields:251:type","value":"11"},{"key":"$out:selectors:0:fields:252:name","value":"BG9.EnergyMultiplier"},{"key":"$out:selectors:0:fields:252:type","value":"11"},{"key":"$out:selectors:0:fields:253:name","value":"BG10.C_Current"},{"key":"$out:selectors:0:fields:253:type","value":"11"},{"key":"$out:selectors:0:fields:254:name","value":"BG9.Frequency"},{"key":"$out:selectors:0:fields:254:type","value":"11"},{"key":"$out:selectors:0:fields:255:name","value":"BG9.PowerFactor"},{"key":"$out:selectors:0:fields:255:type","value":"11"},{"key":"$out:selectors:0:fields:256:name","value":"BG9.ReactivePower"},{"key":"$out:selectors:0:fields:256:type","value":"11"},{"key":"$out:selectors:0:fields:257:name","value":"BG9.RealPower"},{"key":"$out:selectors:0:fields:257:type","value":"11"},{"key":"$out:selectors:0:fields:258:name","value":"CG12.A_Current"},{"key":"$out:selectors:0:fields:258:type","value":"11"},{"key":"$out:selectors:0:fields:259:name","value":"CG12.A_N_Voltage"},{"key":"$out:selectors:0:fields:259:type","value":"11"},{"key":"$out:selectors:0:fields:25:name","value":"DG6.RealPower"},{"key":"$out:selectors:0:fields:25:type","value":"11"},{"key":"$out:selectors:0:fields:260:name","value":"CG12.B_Current"},{"key":"$out:selectors:0:fields:260:type","value":"11"},{"key":"$out:selectors:0:fields:261:name","value":"CG12.B_N_Voltage"},{"key":"$out:selectors:0:fields:261:type","value":"11"},{"key":"$out:selectors:0:fields:262:name","value":"CG12.C_Current"},{"key":"$out:selectors:0:fields:262:type","value":"11"},{"key":"$out:selectors:0:fields:263:name","value":"CG12.C_N_Voltage"},{"key":"$out:selectors:0:fields:263:type","value":"11"},{"key":"$out:selectors:0:fields:264:name","value":"BG10.C_N_Voltage"},{"key":"$out:selectors:0:fields:264:type","value":"11"},{"key":"$out:selectors:0:fields:265:name","value":"CG12.EnergyMultiplier"},{"key":"$out:selectors:0:fields:265:type","value":"11"},{"key":"$out:selectors:0:fields:266:name","value":"CG12.Frequency"},{"key":"$out:selectors:0:fields:266:type","value":"11"},{"key":"$out:selectors:0:fields:267:name","value":"CG12.PowerFactor"},{"key":"$out:selectors:0:fields:267:type","value":"11"},{"key":"$out:selectors:0:fields:268:name","value":"CG12.ReactivePower"},{"key":"$out:selectors:0:fields:268:type","value":"11"},{"key":"$out:selectors:0:fields:269:name","value":"CG12.RealPower"},{"key":"$out:selectors:0:fields:269:type","value":"11"},{"key":"$out:selectors:0:fields:26:name","value":"BCT.A_Current"},{"key":"$out:selectors:0:fields:26:type","value":"11"},{"key":"$out:selectors:0:fields:270:name","value":"CG7.A_Current"},{"key":"$out:selectors:0:fields:270:type","value":"11"},{"key":"$out:selectors:0:fields:271:name","value":"CG7.A_N_Voltage"},{"key":"$out:selectors:0:fields:271:type","value":"11"},{"key":"$out:selectors:0:fields:272:name","value":"CG7.B_Current"},{"key":"$out:selectors:0:fields:272:type","value":"11"},{"key":"$out:selectors:0:fields:273:name","value":"CG7.B_N_Voltage"},{"key":"$out:selectors:0:fields:273:type","value":"11"},{"key":"$out:selectors:0:fields:274:name","value":"CG7.C_Current"},{"key":"$out:selectors:0:fields:274:type","value":"11"},{"key":"$out:selectors:0:fields:275:name","value":"BG10.EnergyMultiplier"},{"key":"$out:selectors:0:fields:275:type","value":"11"},{"key":"$out:selectors:0:fields:276:name","value":"CG7.C_N_Voltage"},{"key":"$out:selectors:0:fields:276:type","value":"11"},{"key":"$out:selectors:0:fields:277:name","value":"CG7.EnergyMultiplier"},{"key":"$out:selectors:0:fields:277:type","value":"11"},{"key":"$out:selectors:0:fields:278:name","value":"CG7.Frequency"},{"key":"$out:selectors:0:fields:278:type","value":"11"},{"key":"$out:selectors:0:fields:279:name","value":"CG7.PowerFactor"},{"key":"$out:selectors:0:fields:279:type","value":"11"},{"key":"$out:selectors:0:fields:27:name","value":"BCT.A_N_Voltage"},{"key":"$out:selectors:0:fields:27:type","value":"11"},{"key":"$out:selectors:0:fields:280:name","value":"CG7.ReactivePower"},{"key":"$out:selectors:0:fields:280:type","value":"11"},{"key":"$out:selectors:0:fields:281:name","value":"CG7.RealPower"},{"key":"$out:selectors:0:fields:281:type","value":"11"},{"key":"$out:selectors:0:fields:282:name","value":"DG2.A_Current"},{"key":"$out:selectors:0:fields:282:type","value":"11"},{"key":"$out:selectors:0:fields:283:name","value":"DG2.A_N_Voltage"},{"key":"$out:selectors:0:fields:283:type","value":"11"},{"key":"$out:selectors:0:fields:284:name","value":"DG2.B_Current"},{"key":"$out:selectors:0:fields:284:type","value":"11"},{"key":"$out:selectors:0:fields:285:name","value":"DG2.B_N_Voltage"},{"key":"$out:selectors:0:fields:285:type","value":"11"},{"key":"$out:selectors:0:fields:286:name","value":"BG10.Frequency"},{"key":"$out:selectors:0:fields:286:type","value":"11"},{"key":"$out:selectors:0:fields:287:name","value":"DG2.C_Current"},{"key":"$out:selectors:0:fields:287:type","value":"11"},{"key":"$out:selectors:0:fields:288:name","value":"DG2.C_N_Voltage"},{"key":"$out:selectors:0:fields:288:type","value":"11"},{"key":"$out:selectors:0:fields:289:name","value":"DG2.EnergyMultiplier"},{"key":"$out:selectors:0:fields:289:type","value":"11"},{"key":"$out:selectors:0:fields:28:name","value":"BCT.B_Current"},{"key":"$out:selectors:0:fields:28:type","value":"11"},{"key":"$out:selectors:0:fields:290:name","value":"DG2.Frequency"},{"key":"$out:selectors:0:fields:290:type","value":"11"},{"key":"$out:selectors:0:fields:291:name","value":"DG2.PowerFactor"},{"key":"$out:selectors:0:fields:291:type","value":"11"},{"key":"$out:selectors:0:fields:292:name","value":"DG2.ReactivePower"},{"key":"$out:selectors:0:fields:292:type","value":"11"},{"key":"$out:selectors:0:fields:293:name","value":"DG2.RealPower"},{"key":"$out:selectors:0:fields:293:type","value":"11"},{"key":"$out:selectors:0:fields:294:name","value":"DG3.A_Current"},{"key":"$out:selectors:0:fields:294:type","value":"11"},{"key":"$out:selectors:0:fields:295:name","value":"DG3.A_N_Voltage"},{"key":"$out:selectors:0:fields:295:type","value":"11"},{"key":"$out:selectors:0:fields:296:name","value":"DG3.B_Current"},{"key":"$out:selectors:0:fields:296:type","value":"11"},{"key":"$out:selectors:0:fields:297:name","value":"BG10.PowerFactor"},{"key":"$out:selectors:0:fields:297:type","value":"11"},{"key":"$out:selectors:0:fields:298:name","value":"DG3.B_N_Voltage"},{"key":"$out:selectors:0:fields:298:type","value":"11"},{"key":"$out:selectors:0:fields:299:name","value":"DG3.C_Current"},{"key":"$out:selectors:0:fields:299:type","value":"11"},{"key":"$out:selectors:0:fields:29:name","value":"BCT.B_N_Voltage"},{"key":"$out:selectors:0:fields:29:type","value":"11"},{"key":"$out:selectors:0:fields:2:name","value":"BG10.RealPower"},{"key":"$out:selectors:0:fields:2:type","value":"11"},{"key":"$out:selectors:0:fields:300:name","value":"DG3.C_N_Voltage"},{"key":"$out:selectors:0:fields:300:type","value":"11"},{"key":"$out:selectors:0:fields:301:name","value":"DG3.EnergyMultiplier"},{"key":"$out:selectors:0:fields:301:type","value":"11"},{"key":"$out:selectors:0:fields:302:name","value":"DG3.Frequency"},{"key":"$out:selectors:0:fields:302:type","value":"11"},{"key":"$out:selectors:0:fields:303:name","value":"DG3.PowerFactor"},{"key":"$out:selectors:0:fields:303:type","value":"11"},{"key":"$out:selectors:0:fields:304:name","value":"DG3.ReactivePower"},{"key":"$out:selectors:0:fields:304:type","value":"11"},{"key":"$out:selectors:0:fields:305:name","value":"DG3.RealPower"},{"key":"$out:selectors:0:fields:305:type","value":"11"},{"key":"$out:selectors:0:fields:306:name","value":"DG4.A_Current"},{"key":"$out:selectors:0:fields:306:type","value":"11"},{"key":"$out:selectors:0:fields:307:name","value":"DG4.A_N_Voltage"},{"key":"$out:selectors:0:fields:307:type","value":"11"},{"key":"$out:selectors:0:fields:308:name","value":"BG10.ReactivePower"},{"key":"$out:selectors:0:fields:308:type","value":"11"},{"key":"$out:selectors:0:fields:309:name","value":"DG4.B_Current"},{"key":"$out:selectors:0:fields:309:type","value":"11"},{"key":"$out:selectors:0:fields:30:name","value":"BCT.C_Current"},{"key":"$out:selectors:0:fields:30:type","value":"11"},{"key":"$out:selectors:0:fields:310:name","value":"DG4.B_N_Voltage"},{"key":"$out:selectors:0:fields:310:type","value":"11"},{"key":"$out:selectors:0:fields:311:name","value":"DG4.C_Current"},{"key":"$out:selectors:0:fields:311:type","value":"11"},{"key":"$out:selectors:0:fields:312:name","value":"DG4.C_N_Voltage"},{"key":"$out:selectors:0:fields:312:type","value":"11"},{"key":"$out:selectors:0:fields:313:name","value":"DG4.EnergyMultiplier"},{"key":"$out:selectors:0:fields:313:type","value":"11"},{"key":"$out:selectors:0:fields:314:name","value":"DG4.Frequency"},{"key":"$out:selectors:0:fields:314:type","value":"11"},{"key":"$out:selectors:0:fields:315:name","value":"DG4.PowerFactor"},{"key":"$out:selectors:0:fields:315:type","value":"11"},{"key":"$out:selectors:0:fields:316:name","value":"DG4.ReactivePower"},{"key":"$out:selectors:0:fields:316:type","value":"11"},{"key":"$out:selectors:0:fields:317:name","value":"DG4.RealPower"},{"key":"$out:selectors:0:fields:317:type","value":"11"},{"key":"$out:selectors:0:fields:318:name","value":"DG5.A_Current"},{"key":"$out:selectors:0:fields:318:type","value":"11"},{"key":"$out:selectors:0:fields:31:name","value":"BCT.C_N_Voltage"},{"key":"$out:selectors:0:fields:31:type","value":"11"},{"key":"$out:selectors:0:fields:32:name","value":"BCT.EnergyMultiplier"},{"key":"$out:selectors:0:fields:32:type","value":"11"},{"key":"$out:selectors:0:fields:33:name","value":"BCT.Frequency"},{"key":"$out:selectors:0:fields:33:type","value":"11"},{"key":"$out:selectors:0:fields:34:name","value":"BCT.PowerFactor"},{"key":"$out:selectors:0:fields:34:type","value":"11"},{"key":"$out:selectors:0:fields:35:name","value":"BG11.B_Current"},{"key":"$out:selectors:0:fields:35:type","value":"11"},{"key":"$out:selectors:0:fields:36:name","value":"BCT.ReactivePower"},{"key":"$out:selectors:0:fields:36:type","value":"11"},{"key":"$out:selectors:0:fields:37:name","value":"BCT.RealPower"},{"key":"$out:selectors:0:fields:37:type","value":"11"},{"key":"$out:selectors:0:fields:38:name","value":"BF1.A_Current"},{"key":"$out:selectors:0:fields:38:type","value":"11"},{"key":"$out:selectors:0:fields:39:name","value":"BF1.A_N_Voltage"},{"key":"$out:selectors:0:fields:39:type","value":"11"},{"key":"$out:selectors:0:fields:3:name","value":"DG5.A_N_Voltage"},{"key":"$out:selectors:0:fields:3:type","value":"11"},{"key":"$out:selectors:0:fields:40:name","value":"BF1.B_Current"},{"key":"$out:selectors:0:fields:40:type","value":"11"},{"key":"$out:selectors:0:fields:41:name","value":"BF1.B_N_Voltage"},{"key":"$out:selectors:0:fields:41:type","value":"11"},{"key":"$out:selectors:0:fields:42:name","value":"BF1.C_Current"},{"key":"$out:selectors:0:fields:42:type","value":"11"},{"key":"$out:selectors:0:fields:43:name","value":"BF1.C_N_Voltage"},{"key":"$out:selectors:0:fields:43:type","value":"11"},{"key":"$out:selectors:0:fields:44:name","value":"BF1.EnergyMultiplier"},{"key":"$out:selectors:0:fields:44:type","value":"11"},{"key":"$out:selectors:0:fields:45:name","value":"BF1.Frequency"},{"key":"$out:selectors:0:fields:45:type","value":"11"},{"key":"$out:selectors:0:fields:46:name","value":"BG11.B_N_Voltage"},{"key":"$out:selectors:0:fields:46:type","value":"11"},{"key":"$out:selectors:0:fields:47:name","value":"BF1.PowerFactor"},{"key":"$out:selectors:0:fields:47:type","value":"11"},{"key":"$out:selectors:0:fields:48:name","value":"BF1.ReactivePower"},{"key":"$out:selectors:0:fields:48:type","value":"11"},{"key":"$out:selectors:0:fields:49:name","value":"BF1.RealPower"},{"key":"$out:selectors:0:fields:49:type","value":"11"},{"key":"$out:selectors:0:fields:4:name","value":"DG5.B_Current"},{"key":"$out:selectors:0:fields:4:type","value":"11"},{"key":"$out:selectors:0:fields:50:name","value":"BF2.A_Current"},{"key":"$out:selectors:0:fields:50:type","value":"11"},{"key":"$out:selectors:0:fields:51:name","value":"BF2.A_N_Voltage"},{"key":"$out:selectors:0:fields:51:type","value":"11"},{"key":"$out:selectors:0:fields:52:name","value":"BF2.B_Current"},{"key":"$out:selectors:0:fields:52:type","value":"11"},{"key":"$out:selectors:0:fields:53:name","value":"BF2.B_N_Voltage"},{"key":"$out:selectors:0:fields:53:type","value":"11"},{"key":"$out:selectors:0:fields:54:name","value":"BF2.C_Current"},{"key":"$out:selectors:0:fields:54:type","value":"11"},{"key":"$out:selectors:0:fields:55:name","value":"BF2.C_N_Voltage"},{"key":"$out:selectors:0:fields:55:type","value":"11"},{"key":"$out:selectors:0:fields:56:name","value":"BF2.EnergyMultiplier"},{"key":"$out:selectors:0:fields:56:type","value":"11"},{"key":"$out:selectors:0:fields:57:name","value":"BG11.C_Current"},{"key":"$out:selectors:0:fields:57:type","value":"11"},{"key":"$out:selectors:0:fields:58:name","value":"BF2.Frequency"},{"key":"$out:selectors:0:fields:58:type","value":"11"},{"key":"$out:selectors:0:fields:59:name","value":"BF2.PowerFactor"},{"key":"$out:selectors:0:fields:59:type","value":"11"},{"key":"$out:selectors:0:fields:5:name","value":"DG5.B_N_Voltage"},{"key":"$out:selectors:0:fields:5:type","value":"11"},{"key":"$out:selectors:0:fields:60:name","value":"BF2.ReactivePower"},{"key":"$out:selectors:0:fields:60:type","value":"11"},{"key":"$out:selectors:0:fields:61:name","value":"BF2.RealPower"},{"key":"$out:selectors:0:fields:61:type","value":"11"},{"key":"$out:selectors:0:fields:62:name","value":"BF3.A_Current"},{"key":"$out:selectors:0:fields:62:type","value":"11"},{"key":"$out:selectors:0:fields:63:name","value":"BF3.A_N_Voltage"},{"key":"$out:selectors:0:fields:63:type","value":"11"},{"key":"$out:selectors:0:fields:64:name","value":"BF3.B_Current"},{"key":"$out:selectors:0:fields:64:type","value":"11"},{"key":"$out:selectors:0:fields:65:name","value":"BF3.B_N_Voltage"},{"key":"$out:selectors:0:fields:65:type","value":"11"},{"key":"$out:selectors:0:fields:66:name","value":"BF3.C_Current"},{"key":"$out:selectors:0:fields:66:type","value":"11"},{"key":"$out:selectors:0:fields:67:name","value":"BF3.C_N_Voltage"},{"key":"$out:selectors:0:fields:67:type","value":"11"},{"key":"$out:selectors:0:fields:68:name","value":"BG11.C_N_Voltage"},{"key":"$out:selectors:0:fields:68:type","value":"11"},{"key":"$out:selectors:0:fields:69:name","value":"BF3.EnergyMultiplier"},{"key":"$out:selectors:0:fields:69:type","value":"11"},{"key":"$out:selectors:0:fields:6:name","value":"DG5.C_Current"},{"key":"$out:selectors:0:fields:6:type","value":"11"},{"key":"$out:selectors:0:fields:70:name","value":"BF3.Frequency"},{"key":"$out:selectors:0:fields:70:type","value":"11"},{"key":"$out:selectors:0:fields:71:name","value":"BF3.PowerFactor"},{"key":"$out:selectors:0:fields:71:type","value":"11"},{"key":"$out:selectors:0:fields:72:name","value":"BF3.ReactivePower"},{"key":"$out:selectors:0:fields:72:type","value":"11"},{"key":"$out:selectors:0:fields:73:name","value":"BF3.RealPower"},{"key":"$out:selectors:0:fields:73:type","value":"11"},{"key":"$out:selectors:0:fields:74:name","value":"BF4.A_Current"},{"key":"$out:selectors:0:fields:74:type","value":"11"},{"key":"$out:selectors:0:fields:75:name","value":"BF4.A_N_Voltage"},{"key":"$out:selectors:0:fields:75:type","value":"11"},{"key":"$out:selectors:0:fields:76:name","value":"BF4.B_Current"},{"key":"$out:selectors:0:fields:76:type","value":"11"},{"key":"$out:selectors:0:fields:77:name","value":"BF4.B_N_Voltage"},{"key":"$out:selectors:0:fields:77:type","value":"11"},{"key":"$out:selectors:0:fields:78:name","value":"BF4.C_Current"},{"key":"$out:selectors:0:fields:78:type","value":"11"},{"key":"$out:selectors:0:fields:79:name","value":"BG11.EnergyMultiplier"},{"key":"$out:selectors:0:fields:79:type","value":"11"},{"key":"$out:selectors:0:fields:7:name","value":"DG5.C_N_Voltage"},{"key":"$out:selectors:0:fields:7:type","value":"11"},{"key":"$out:selectors:0:fields:80:name","value":"BF4.C_N_Voltage"},{"key":"$out:selectors:0:fields:80:type","value":"11"},{"key":"$out:selectors:0:fields:81:name","value":"BF4.EnergyMultiplier"},{"key":"$out:selectors:0:fields:81:type","value":"11"},{"key":"$out:selectors:0:fields:82:name","value":"BF4.Frequency"},{"key":"$out:selectors:0:fields:82:type","value":"11"},{"key":"$out:selectors:0:fields:83:name","value":"BF4.PowerFactor"},{"key":"$out:selectors:0:fields:83:type","value":"11"},{"key":"$out:selectors:0:fields:84:name","value":"BF4.ReactivePower"},{"key":"$out:selectors:0:fields:84:type","value":"11"},{"key":"$out:selectors:0:fields:85:name","value":"BF4.RealPower"},{"key":"$out:selectors:0:fields:85:type","value":"11"},{"key":"$out:selectors:0:fields:86:name","value":"CBT.A_Current"},{"key":"$out:selectors:0:fields:86:type","value":"11"},{"key":"$out:selectors:0:fields:87:name","value":"CBT.A_N_Voltage"},{"key":"$out:selectors:0:fields:87:type","value":"11"},{"key":"$out:selectors:0:fields:88:name","value":"CBT.B_Current"},{"key":"$out:selectors:0:fields:88:type","value":"11"},{"key":"$out:selectors:0:fields:89:name","value":"CBT.B_N_Voltage"},{"key":"$out:selectors:0:fields:89:type","value":"11"},{"key":"$out:selectors:0:fields:8:name","value":"DG5.EnergyMultiplier"},{"key":"$out:selectors:0:fields:8:type","value":"11"},{"key":"$out:selectors:0:fields:90:name","value":"BG11.Frequency"},{"key":"$out:selectors:0:fields:90:type","value":"11"},{"key":"$out:selectors:0:fields:91:name","value":"CBT.C_Current"},{"key":"$out:selectors:0:fields:91:type","value":"11"},{"key":"$out:selectors:0:fields:92:name","value":"CBT.C_N_Voltage"},{"key":"$out:selectors:0:fields:92:type","value":"11"},{"key":"$out:selectors:0:fields:93:name","value":"CBT.EnergyMultiplier"},{"key":"$out:selectors:0:fields:93:type","value":"11"},{"key":"$out:selectors:0:fields:94:name","value":"CBT.Frequency"},{"key":"$out:selectors:0:fields:94:type","value":"11"},{"key":"$out:selectors:0:fields:95:name","value":"CBT.PowerFactor"},{"key":"$out:selectors:0:fields:95:type","value":"11"},{"key":"$out:selectors:0:fields:96:name","value":"CBT.ReactivePower"},{"key":"$out:selectors:0:fields:96:type","value":"11"},{"key":"$out:selectors:0:fields:97:name","value":"CBT.RealPower"},{"key":"$out:selectors:0:fields:97:type","value":"11"},{"key":"$out:selectors:0:fields:98:name","value":"CDT.A_Current"},{"key":"$out:selectors:0:fields:98:type","value":"11"},{"key":"$out:selectors:0:fields:99:name","value":"CDT.A_N_Voltage"},{"key":"$out:selectors:0:fields:99:type","value":"11"},{"key":"$out:selectors:0:fields:9:name","value":"DG5.Frequency"},{"key":"$out:selectors:0:fields:9:type","value":"11"},{"key":"$out:selectors:0:schemaType","value":"0"},{"key":"$out:selectors:0:selector","value":"0"},{"key":"name","value":"PLC Read - Slow"},{"key":"x","value":"500"},{"key":"y","value":"125"}]},{"id":"e47a231c-42a1-45b5-b4df-4dd70aada682","pipelineTopologyId":"15673eda-b00b-4881-80a8-b5b43e1c5601","kind":"std/timer","configuration":[{"key":"count","value":"0"},{"key":"interval","value":"10000"}],"metadata":[{"key":"$in:schemaType","value":"2"},{"key":"name","value":"Timer - Fast (10ms)"},{"key":"x","value":"250"},{"key":"y","value":"0"}]},{"id":"f168d6c3-e5b0-47a6-81ba-5d9280eeb1ef","pipelineTopologyId":"15673eda-b00b-4881-80a8-b5b43e1c5601","kind":"std/log","configuration":[{"key":"level","value":"info"},{"key":"template","value":"HTTP Success"}],"metadata":[{"key":"$in:schemaType","value":"2"},{"key":"name","value":"Log"},{"key":"x","value":"1500"},{"key":"y","value":"0"}]}],"pipes":[{"id":"3bb9cae1-d107-449c-a1e1-fc204febf59e","sourceId":"0b041342-2b24-468a-bdf4-da80995c9582","sinkId":"e47a231c-42a1-45b5-b4df-4dd70aada682","selector":-1},{"id":"3dc1959e-0d3d-4770-aafe-cb04f551845e","sourceId":"d4c4e463-9435-40d6-b3fd-7d4f26a675a4","sinkId":"c9a77884-25e2-4efd-98e9-d45efb906f3e","selector":0},{"id":"695ac107-032a-470f-ad00-ba96f2cf46f0","sourceId":"9adc4606-09d6-4279-9583-7b74520bf265","sinkId":"d4c4e463-9435-40d6-b3fd-7d4f26a675a4","selector":-1},{"id":"bc749201-d4df-49f5-8d7a-46a04895b44e","sourceId":"e47a231c-42a1-45b5-b4df-4dd70aada682","sinkId":"cdea466a-2108-44fd-90c3-c38e26f3f044","selector":-1},{"id":"c3be968a-0546-49f8-8c1f-454826bd511a","sourceId":"263868fc-dd17-4841-bf32-1bfc65505c66","sinkId":"f168d6c3-e5b0-47a6-81ba-5d9280eeb1ef","selector":0},{"id":"d6078247-af83-4fb4-b9bd-174cb40a67a3","sourceId":"0b041342-2b24-468a-bdf4-da80995c9582","sinkId":"9adc4606-09d6-4279-9583-7b74520bf265","selector":-1},{"id":"e5811a93-80ba-4194-8e4d-97e877ebf307","sourceId":"cdea466a-2108-44fd-90c3-c38e26f3f044","sinkId":"c9a77884-25e2-4efd-98e9-d45efb906f3e","selector":0},{"id":"55689c24-286d-4902-85f5-f9bc79c10763","sourceId":"2a3b31bf-d010-43dc-97b1-92a83fe31eba","sinkId":"f168d6c3-e5b0-47a6-81ba-5d9280eeb1ef","selector":0},{"id":"c500ef23-5820-40e6-907d-8276d45d96f6","sourceId":"c9a77884-25e2-4efd-98e9-d45efb906f3e","sinkId":"2a3b31bf-d010-43dc-97b1-92a83fe31eba","selector":2}],"id":"15673eda-b00b-4881-80a8-b5b43e1c5601","dateCreated":"2024-06-19T20:30:48.8042262","dateLastModified":"2024-06-30T05:52:45.0866129"}],"pipelineJobs":[]}