{"version":1,"request":{"fileName":"flow-slowupdatesPowerdist-20240502-155914.json","pipelineIds":["8fa0e412-a918-4477-bc4c-f5a65366f3cd"]},"dashboards":[],"resources":[],"pipelines":[{"entryPointId":"c71f815d-c559-4b4b-bfee-e9e4e20a79fc","dateLastExecuted":"2024-03-18T20:13:56.248203","metadata":[{"key":"description","value":"Values with slow update time"},{"key":"name","value":"SlowUpdates-PowerDist"}],"operators":[{"id":"204a3674-d540-4d42-98df-885a0232bf65","pipelineTopologyId":"8fa0e412-a918-4477-bc4c-f5a65366f3cd","kind":"std/log","configuration":[{"key":"level","value":"info"},{"key":"template","value":"MQTT Log Success"}],"metadata":[{"key":"$in:schemaType","value":"2"},{"key":"name","value":"Log"},{"key":"x","value":"575"},{"key":"y","value":"125"}]},{"id":"25829301-f43f-48e8-9184-7f2b659e6dc4","pipelineTopologyId":"8fa0e412-a918-4477-bc4c-f5a65366f3cd","kind":"std/log","configuration":[{"key":"level","value":"info"},{"key":"template","value":"Log Event - Slow"}],"metadata":[{"key":"$in:schemaType","value":"2"},{"key":"name","value":"Log Trigger Slow"},{"key":"x","value":"500"},{"key":"y","value":"-200"}]},{"id":"2a0b9709-d117-489f-a7aa-87fa2eb41162","pipelineTopologyId":"8fa0e412-a918-4477-bc4c-f5a65366f3cd","kind":"plc/read","configuration":[{"key":"$version","value":"1"},{"key":"ids:0","value":"6a3b66a0-3351-4b14-9389-2104104fe20e"},{"key":"resource","value":"38f34dbb-6d84-4118-b595-5266b6c3715b"}],"metadata":[{"key":"$in:schemaType","value":"1"},{"key":"$out:selectors:0:fields:0:name","value":"BG10.A_Current"},{"key":"$out:selectors:0:fields:0:type","value":"11"},{"key":"$out:selectors:0:fields:100:name","value":"CDT.B_Current"},{"key":"$out:selectors:0:fields:100:type","value":"11"},{"key":"$out:selectors:0:fields:101:name","value":"BG11.PowerFactor"},{"key":"$out:selectors:0:fields:101:type","value":"11"},{"key":"$out:selectors:0:fields:102:name","value":"CDT.B_N_Voltage"},{"key":"$out:selectors:0:fields:102:type","value":"11"},{"key":"$out:selectors:0:fields:103:name","value":"CDT.C_Current"},{"key":"$out:selectors:0:fields:103:type","value":"11"},{"key":"$out:selectors:0:fields:104:name","value":"CDT.C_N_Voltage"},{"key":"$out:selectors:0:fields:104:type","value":"11"},{"key":"$out:selectors:0:fields:105:name","value":"CDT.EnergyMultiplier"},{"key":"$out:selectors:0:fields:105:type","value":"11"},{"key":"$out:selectors:0:fields:106:name","value":"CDT.Frequency"},{"key":"$out:selectors:0:fields:106:type","value":"11"},{"key":"$out:selectors:0:fields:107:name","value":"CDT.PowerFactor"},{"key":"$out:selectors:0:fields:107:type","value":"11"},{"key":"$out:selectors:0:fields:108:name","value":"CDT.ReactivePower"},{"key":"$out:selectors:0:fields:108:type","value":"11"},{"key":"$out:selectors:0:fields:109:name","value":"CDT.RealPower"},{"key":"$out:selectors:0:fields:109:type","value":"11"},{"key":"$out:selectors:0:fields:10:name","value":"DG5.PowerFactor"},{"key":"$out:selectors:0:fields:10:type","value":"11"},{"key":"$out:selectors:0:fields:110:name","value":"CF1.A_Current"},{"key":"$out:selectors:0:fields:110:type","value":"11"},{"key":"$out:selectors:0:fields:111:name","value":"CF1.A_N_Voltage"},{"key":"$out:selectors:0:fields:111:type","value":"11"},{"key":"$out:selectors:0:fields:112:name","value":"BG10.B_Current"},{"key":"$out:selectors:0:fields:112:type","value":"11"},{"key":"$out:selectors:0:fields:113:name","value":"BG11.ReactivePower"},{"key":"$out:selectors:0:fields:113:type","value":"11"},{"key":"$out:selectors:0:fields:114:name","value":"CF1.B_Current"},{"key":"$out:selectors:0:fields:114:type","value":"11"},{"key":"$out:selectors:0:fields:115:name","value":"CF1.B_N_Voltage"},{"key":"$out:selectors:0:fields:115:type","value":"11"},{"key":"$out:selectors:0:fields:116:name","value":"CF1.C_Current"},{"key":"$out:selectors:0:fields:116:type","value":"11"},{"key":"$out:selectors:0:fields:117:name","value":"CF1.C_N_Voltage"},{"key":"$out:selectors:0:fields:117:type","value":"11"},{"key":"$out:selectors:0:fields:118:name","value":"CF1.EnergyMultiplier"},{"key":"$out:selectors:0:fields:118:type","value":"11"},{"key":"$out:selectors:0:fields:119:name","value":"CF1.Frequency"},{"key":"$out:selectors:0:fields:119:type","value":"11"},{"key":"$out:selectors:0:fields:11:name","value":"DG5.ReactivePower"},{"key":"$out:selectors:0:fields:11:type","value":"11"},{"key":"$out:selectors:0:fields:120:name","value":"CF1.PowerFactor"},{"key":"$out:selectors:0:fields:120:type","value":"11"},{"key":"$out:selectors:0:fields:121:name","value":"CF1.ReactivePower"},{"key":"$out:selectors:0:fields:121:type","value":"11"},{"key":"$out:selectors:0:fields:122:name","value":"CF1.RealPower"},{"key":"$out:selectors:0:fields:122:type","value":"11"},{"key":"$out:selectors:0:fields:123:name","value":"CF2.A_Current"},{"key":"$out:selectors:0:fields:123:type","value":"11"},{"key":"$out:selectors:0:fields:124:name","value":"BG11.RealPower"},{"key":"$out:selectors:0:fields:124:type","value":"11"},{"key":"$out:selectors:0:fields:125:name","value":"CF2.A_N_Voltage"},{"key":"$out:selectors:0:fields:125:type","value":"11"},{"key":"$out:selectors:0:fields:126:name","value":"CF2.B_Current"},{"key":"$out:selectors:0:fields:126:type","value":"11"},{"key":"$out:selectors:0:fields:127:name","value":"CF2.B_N_Voltage"},{"key":"$out:selectors:0:fields:127:type","value":"11"},{"key":"$out:selectors:0:fields:128:name","value":"CF2.C_Current"},{"key":"$out:selectors:0:fields:128:type","value":"11"},{"key":"$out:selectors:0:fields:129:name","value":"CF2.C_N_Voltage"},{"key":"$out:selectors:0:fields:129:type","value":"11"},{"key":"$out:selectors:0:fields:12:name","value":"DG5.RealPower"},{"key":"$out:selectors:0:fields:12:type","value":"11"},{"key":"$out:selectors:0:fields:130:name","value":"CF2.EnergyMultiplier"},{"key":"$out:selectors:0:fields:130:type","value":"11"},{"key":"$out:selectors:0:fields:131:name","value":"CF2.Frequency"},{"key":"$out:selectors:0:fields:131:type","value":"11"},{"key":"$out:selectors:0:fields:132:name","value":"CF2.PowerFactor"},{"key":"$out:selectors:0:fields:132:type","value":"11"},{"key":"$out:selectors:0:fields:133:name","value":"CF2.ReactivePower"},{"key":"$out:selectors:0:fields:133:type","value":"11"},{"key":"$out:selectors:0:fields:134:name","value":"CF2.RealPower"},{"key":"$out:selectors:0:fields:134:type","value":"11"},{"key":"$out:selectors:0:fields:135:name","value":"BG8.A_Current"},{"key":"$out:selectors:0:fields:135:type","value":"11"},{"key":"$out:selectors:0:fields:136:name","value":"CF3.A_Current"},{"key":"$out:selectors:0:fields:136:type","value":"11"},{"key":"$out:selectors:0:fields:137:name","value":"CF3.A_N_Voltage"},{"key":"$out:selectors:0:fields:137:type","value":"11"},{"key":"$out:selectors:0:fields:138:name","value":"CF3.B_Current"},{"key":"$out:selectors:0:fields:138:type","value":"11"},{"key":"$out:selectors:0:fields:139:name","value":"CF3.B_N_Voltage"},{"key":"$out:selectors:0:fields:139:type","value":"11"},{"key":"$out:selectors:0:fields:13:name","value":"BG11.A_Current"},{"key":"$out:selectors:0:fields:13:type","value":"11"},{"key":"$out:selectors:0:fields:140:name","value":"CF3.C_Current"},{"key":"$out:selectors:0:fields:140:type","value":"11"},{"key":"$out:selectors:0:fields:141:name","value":"CF3.C_N_Voltage"},{"key":"$out:selectors:0:fields:141:type","value":"11"},{"key":"$out:selectors:0:fields:142:name","value":"CF3.EnergyMultiplier"},{"key":"$out:selectors:0:fields:142:type","value":"11"},{"key":"$out:selectors:0:fields:143:name","value":"CF3.Frequency"},{"key":"$out:selectors:0:fields:143:type","value":"11"},{"key":"$out:selectors:0:fields:144:name","value":"CF3.PowerFactor"},{"key":"$out:selectors:0:fields:144:type","value":"11"},{"key":"$out:selectors:0:fields:145:name","value":"CF3.ReactivePower"},{"key":"$out:selectors:0:fields:145:type","value":"11"},{"key":"$out:selectors:0:fields:146:name","value":"BG8.A_N_Voltage"},{"key":"$out:selectors:0:fields:146:type","value":"11"},{"key":"$out:selectors:0:fields:147:name","value":"CF3.RealPower"},{"key":"$out:selectors:0:fields:147:type","value":"11"},{"key":"$out:selectors:0:fields:148:name","value":"CSP.A_Current"},{"key":"$out:selectors:0:fields:148:type","value":"11"},{"key":"$out:selectors:0:fields:149:name","value":"CSP.A_N_Voltage"},{"key":"$out:selectors:0:fields:149:type","value":"11"},{"key":"$out:selectors:0:fields:14:name","value":"DG6.A_Current"},{"key":"$out:selectors:0:fields:14:type","value":"11"},{"key":"$out:selectors:0:fields:150:name","value":"CSP.B_Current"},{"key":"$out:selectors:0:fields:150:type","value":"11"},{"key":"$out:selectors:0:fields:151:name","value":"CSP.B_N_Voltage"},{"key":"$out:selectors:0:fields:151:type","value":"11"},{"key":"$out:selectors:0:fields:152:name","value":"CSP.C_Current"},{"key":"$out:selectors:0:fields:152:type","value":"11"},{"key":"$out:selectors:0:fields:153:name","value":"CSP.C_N_Voltage"},{"key":"$out:selectors:0:fields:153:type","value":"11"},{"key":"$out:selectors:0:fields:154:name","value":"CSP.EnergyMultiplier"},{"key":"$out:selectors:0:fields:154:type","value":"11"},{"key":"$out:selectors:0:fields:155:name","value":"CSP.Frequency"},{"key":"$out:selectors:0:fields:155:type","value":"11"},{"key":"$out:selectors:0:fields:156:name","value":"CSP.PowerFactor"},{"key":"$out:selectors:0:fields:156:type","value":"11"},{"key":"$out:selectors:0:fields:157:name","value":"BG8.B_Current"},{"key":"$out:selectors:0:fields:157:type","value":"11"},{"key":"$out:selectors:0:fields:158:name","value":"CSP.ReactivePower"},{"key":"$out:selectors:0:fields:158:type","value":"11"},{"key":"$out:selectors:0:fields:159:name","value":"CSP.RealPower"},{"key":"$out:selectors:0:fields:159:type","value":"11"},{"key":"$out:selectors:0:fields:15:name","value":"DG6.A_N_Voltage"},{"key":"$out:selectors:0:fields:15:type","value":"11"},{"key":"$out:selectors:0:fields:160:name","value":"DCT.A_Current"},{"key":"$out:selectors:0:fields:160:type","value":"11"},{"key":"$out:selectors:0:fields:161:name","value":"DCT.A_N_Voltage"},{"key":"$out:selectors:0:fields:161:type","value":"11"},{"key":"$out:selectors:0:fields:162:name","value":"DCT.B_Current"},{"key":"$out:selectors:0:fields:162:type","value":"11"},{"key":"$out:selectors:0:fields:163:name","value":"DCT.B_N_Voltage"},{"key":"$out:selectors:0:fields:163:type","value":"11"},{"key":"$out:selectors:0:fields:164:name","value":"DCT.C_Current"},{"key":"$out:selectors:0:fields:164:type","value":"11"},{"key":"$out:selectors:0:fields:165:name","value":"DCT.C_N_Voltage"},{"key":"$out:selectors:0:fields:165:type","value":"11"},{"key":"$out:selectors:0:fields:166:name","value":"DCT.EnergyMultiplier"},{"key":"$out:selectors:0:fields:166:type","value":"11"},{"key":"$out:selectors:0:fields:167:name","value":"DCT.Frequency"},{"key":"$out:selectors:0:fields:167:type","value":"11"},{"key":"$out:selectors:0:fields:168:name","value":"BG8.B_N_Voltage"},{"key":"$out:selectors:0:fields:168:type","value":"11"},{"key":"$out:selectors:0:fields:169:name","value":"DCT.PowerFactor"},{"key":"$out:selectors:0:fields:169:type","value":"11"},{"key":"$out:selectors:0:fields:16:name","value":"DG6.B_Current"},{"key":"$out:selectors:0:fields:16:type","value":"11"},{"key":"$out:selectors:0:fields:170:name","value":"DCT.ReactivePower"},{"key":"$out:selectors:0:fields:170:type","value":"11"},{"key":"$out:selectors:0:fields:171:name","value":"DCT.RealPower"},{"key":"$out:selectors:0:fields:171:type","value":"11"},{"key":"$out:selectors:0:fields:172:name","value":"DF1.A_Current"},{"key":"$out:selectors:0:fields:172:type","value":"11"},{"key":"$out:selectors:0:fields:173:name","value":"DF1.A_N_Voltage"},{"key":"$out:selectors:0:fields:173:type","value":"11"},{"key":"$out:selectors:0:fields:174:name","value":"DF1.B_Current"},{"key":"$out:selectors:0:fields:174:type","value":"11"},{"key":"$out:selectors:0:fields:175:name","value":"DF1.B_N_Voltage"},{"key":"$out:selectors:0:fields:175:type","value":"11"},{"key":"$out:selectors:0:fields:176:name","value":"DF1.C_Current"},{"key":"$out:selectors:0:fields:176:type","value":"11"},{"key":"$out:selectors:0:fields:177:name","value":"DF1.C_N_Voltage"},{"key":"$out:selectors:0:fields:177:type","value":"11"},{"key":"$out:selectors:0:fields:178:name","value":"DF1.EnergyMultiplier"},{"key":"$out:selectors:0:fields:178:type","value":"11"},{"key":"$out:selectors:0:fields:179:name","value":"BG8.C_Current"},{"key":"$out:selectors:0:fields:179:type","value":"11"},{"key":"$out:selectors:0:fields:17:name","value":"DG6.B_N_Voltage"},{"key":"$out:selectors:0:fields:17:type","value":"11"},{"key":"$out:selectors:0:fields:180:name","value":"DF1.Frequency"},{"key":"$out:selectors:0:fields:180:type","value":"11"},{"key":"$out:selectors:0:fields:181:name","value":"DF1.PowerFactor"},{"key":"$out:selectors:0:fields:181:type","value":"11"},{"key":"$out:selectors:0:fields:182:name","value":"DF1.ReactivePower"},{"key":"$out:selectors:0:fields:182:type","value":"11"},{"key":"$out:selectors:0:fields:183:name","value":"DF1.RealPower"},{"key":"$out:selectors:0:fields:183:type","value":"11"},{"key":"$out:selectors:0:fields:184:name","value":"DF2.A_Current"},{"key":"$out:selectors:0:fields:184:type","value":"11"},{"key":"$out:selectors:0:fields:185:name","value":"DF2.A_N_Voltage"},{"key":"$out:selectors:0:fields:185:type","value":"11"},{"key":"$out:selectors:0:fields:186:name","value":"DF2.B_Current"},{"key":"$out:selectors:0:fields:186:type","value":"11"},{"key":"$out:selectors:0:fields:187:name","value":"DF2.B_N_Voltage"},{"key":"$out:selectors:0:fields:187:type","value":"11"},{"key":"$out:selectors:0:fields:188:name","value":"DF2.C_Current"},{"key":"$out:selectors:0:fields:188:type","value":"11"},{"key":"$out:selectors:0:fields:189:name","value":"DF2.C_N_Voltage"},{"key":"$out:selectors:0:fields:189:type","value":"11"},{"key":"$out:selectors:0:fields:18:name","value":"DG6.C_Current"},{"key":"$out:selectors:0:fields:18:type","value":"11"},{"key":"$out:selectors:0:fields:190:name","value":"BG8.C_N_Voltage"},{"key":"$out:selectors:0:fields:190:type","value":"11"},{"key":"$out:selectors:0:fields:191:name","value":"DF2.EnergyMultiplier"},{"key":"$out:selectors:0:fields:191:type","value":"11"},{"key":"$out:selectors:0:fields:192:name","value":"DF2.Frequency"},{"key":"$out:selectors:0:fields:192:type","value":"11"},{"key":"$out:selectors:0:fields:193:name","value":"DF2.PowerFactor"},{"key":"$out:selectors:0:fields:193:type","value":"11"},{"key":"$out:selectors:0:fields:194:name","value":"DF2.ReactivePower"},{"key":"$out:selectors:0:fields:194:type","value":"11"},{"key":"$out:selectors:0:fields:195:name","value":"DF2.RealPower"},{"key":"$out:selectors:0:fields:195:type","value":"11"},{"key":"$out:selectors:0:fields:196:name","value":"DF3.A_Current"},{"key":"$out:selectors:0:fields:196:type","value":"11"},{"key":"$out:selectors:0:fields:197:name","value":"DF3.A_N_Voltage"},{"key":"$out:selectors:0:fields:197:type","value":"11"},{"key":"$out:selectors:0:fields:198:name","value":"DF3.B_Current"},{"key":"$out:selectors:0:fields:198:type","value":"11"},{"key":"$out:selectors:0:fields:199:name","value":"DF3.B_N_Voltage"},{"key":"$out:selectors:0:fields:199:type","value":"11"},{"key":"$out:selectors:0:fields:19:name","value":"DG6.C_N_Voltage"},{"key":"$out:selectors:0:fields:19:type","value":"11"},{"key":"$out:selectors:0:fields:1:name","value":"BG10.A_N_Voltage"},{"key":"$out:selectors:0:fields:1:type","value":"11"},{"key":"$out:selectors:0:fields:200:name","value":"DF3.C_Current"},{"key":"$out:selectors:0:fields:200:type","value":"11"},{"key":"$out:selectors:0:fields:201:name","value":"BG8.EnergyMultiplier"},{"key":"$out:selectors:0:fields:201:type","value":"11"},{"key":"$out:selectors:0:fields:202:name","value":"DF3.C_N_Voltage"},{"key":"$out:selectors:0:fields:202:type","value":"11"},{"key":"$out:selectors:0:fields:203:name","value":"DF3.EnergyMultiplier"},{"key":"$out:selectors:0:fields:203:type","value":"11"},{"key":"$out:selectors:0:fields:204:name","value":"DF3.Frequency"},{"key":"$out:selectors:0:fields:204:type","value":"11"},{"key":"$out:selectors:0:fields:205:name","value":"DF3.PowerFactor"},{"key":"$out:selectors:0:fields:205:type","value":"11"},{"key":"$out:selectors:0:fields:206:name","value":"DF3.ReactivePower"},{"key":"$out:selectors:0:fields:206:type","value":"11"},{"key":"$out:selectors:0:fields:207:name","value":"DF3.RealPower"},{"key":"$out:selectors:0:fields:207:type","value":"11"},{"key":"$out:selectors:0:fields:208:name","value":"DF4.A_Current"},{"key":"$out:selectors:0:fields:208:type","value":"11"},{"key":"$out:selectors:0:fields:209:name","value":"DF4.A_N_Voltage"},{"key":"$out:selectors:0:fields:209:type","value":"11"},{"key":"$out:selectors:0:fields:20:name","value":"DG6.EnergyMultiplier"},{"key":"$out:selectors:0:fields:20:type","value":"11"},{"key":"$out:selectors:0:fields:210:name","value":"DF4.B_Current"},{"key":"$out:selectors:0:fields:210:type","value":"11"},{"key":"$out:selectors:0:fields:211:name","value":"DF4.B_N_Voltage"},{"key":"$out:selectors:0:fields:211:type","value":"11"},{"key":"$out:selectors:0:fields:212:name","value":"BG8.Frequency"},{"key":"$out:selectors:0:fields:212:type","value":"11"},{"key":"$out:selectors:0:fields:213:name","value":"DF4.C_Current"},{"key":"$out:selectors:0:fields:213:type","value":"11"},{"key":"$out:selectors:0:fields:214:name","value":"DF4.C_N_Voltage"},{"key":"$out:selectors:0:fields:214:type","value":"11"},{"key":"$out:selectors:0:fields:215:name","value":"DF4.EnergyMultiplier"},{"key":"$out:selectors:0:fields:215:type","value":"11"},{"key":"$out:selectors:0:fields:216:name","value":"DF4.Frequency"},{"key":"$out:selectors:0:fields:216:type","value":"11"},{"key":"$out:selectors:0:fields:217:name","value":"DF4.PowerFactor"},{"key":"$out:selectors:0:fields:217:type","value":"11"},{"key":"$out:selectors:0:fields:218:name","value":"DF4.ReactivePower"},{"key":"$out:selectors:0:fields:218:type","value":"11"},{"key":"$out:selectors:0:fields:219:name","value":"DF4.RealPower"},{"key":"$out:selectors:0:fields:219:type","value":"11"},{"key":"$out:selectors:0:fields:21:name","value":"DG6.Frequency"},{"key":"$out:selectors:0:fields:21:type","value":"11"},{"key":"$out:selectors:0:fields:220:name","value":"DSP.A_Current"},{"key":"$out:selectors:0:fields:220:type","value":"11"},{"key":"$out:selectors:0:fields:221:name","value":"DSP.A_N_Voltage"},{"key":"$out:selectors:0:fields:221:type","value":"11"},{"key":"$out:selectors:0:fields:222:name","value":"DSP.B_Current"},{"key":"$out:selectors:0:fields:222:type","value":"11"},{"key":"$out:selectors:0:fields:223:name","value":"BG10.B_N_Voltage"},{"key":"$out:selectors:0:fields:223:type","value":"11"},{"key":"$out:selectors:0:fields:224:name","value":"BG8.PowerFactor"},{"key":"$out:selectors:0:fields:224:type","value":"11"},{"key":"$out:selectors:0:fields:225:name","value":"DSP.B_N_Voltage"},{"key":"$out:selectors:0:fields:225:type","value":"11"},{"key":"$out:selectors:0:fields:226:name","value":"DSP.C_Current"},{"key":"$out:selectors:0:fields:226:type","value":"11"},{"key":"$out:selectors:0:fields:227:name","value":"DSP.C_N_Voltage"},{"key":"$out:selectors:0:fields:227:type","value":"11"},{"key":"$out:selectors:0:fields:228:name","value":"DSP.EnergyMultiplier"},{"key":"$out:selectors:0:fields:228:type","value":"11"},{"key":"$out:selectors:0:fields:229:name","value":"DSP.Frequency"},{"key":"$out:selectors:0:fields:229:type","value":"11"},{"key":"$out:selectors:0:fields:22:name","value":"DG6.PowerFactor"},{"key":"$out:selectors:0:fields:22:type","value":"11"},{"key":"$out:selectors:0:fields:230:name","value":"DSP.PowerFactor"},{"key":"$out:selectors:0:fields:230:type","value":"11"},{"key":"$out:selectors:0:fields:231:name","value":"DSP.ReactivePower"},{"key":"$out:selectors:0:fields:231:type","value":"11"},{"key":"$out:selectors:0:fields:232:name","value":"DSP.RealPower"},{"key":"$out:selectors:0:fields:232:type","value":"11"},{"key":"$out:selectors:0:fields:233:name","value":"KPL.A_Current"},{"key":"$out:selectors:0:fields:233:type","value":"11"},{"key":"$out:selectors:0:fields:234:name","value":"KPL.A_N_Voltage"},{"key":"$out:selectors:0:fields:234:type","value":"11"},{"key":"$out:selectors:0:fields:235:name","value":"BG8.ReactivePower"},{"key":"$out:selectors:0:fields:235:type","value":"11"},{"key":"$out:selectors:0:fields:236:name","value":"KPL.B_Current"},{"key":"$out:selectors:0:fields:236:type","value":"11"},{"key":"$out:selectors:0:fields:237:name","value":"KPL.B_N_Voltage"},{"key":"$out:selectors:0:fields:237:type","value":"11"},{"key":"$out:selectors:0:fields:238:name","value":"KPL.C_Current"},{"key":"$out:selectors:0:fields:238:type","value":"11"},{"key":"$out:selectors:0:fields:239:name","value":"KPL.C_N_Voltage"},{"key":"$out:selectors:0:fields:239:type","value":"11"},{"key":"$out:selectors:0:fields:23:name","value":"DG6.ReactivePower"},{"key":"$out:selectors:0:fields:23:type","value":"11"},{"key":"$out:selectors:0:fields:240:name","value":"KPL.EnergyMultiplier"},{"key":"$out:selectors:0:fields:240:type","value":"11"},{"key":"$out:selectors:0:fields:241:name","value":"KPL.Frequency"},{"key":"$out:selectors:0:fields:241:type","value":"11"},{"key":"$out:selectors:0:fields:242:name","value":"KPL.PowerFactor"},{"key":"$out:selectors:0:fields:242:type","value":"11"},{"key":"$out:selectors:0:fields:243:name","value":"KPL.ReactivePower"},{"key":"$out:selectors:0:fields:243:type","value":"11"},{"key":"$out:selectors:0:fields:244:name","value":"KPL.RealPower"},{"key":"$out:selectors:0:fields:244:type","value":"11"},{"key":"$out:selectors:0:fields:245:name","value":"BG8.RealPower"},{"key":"$out:selectors:0:fields:245:type","value":"11"},{"key":"$out:selectors:0:fields:246:name","value":"BG9.A_Current"},{"key":"$out:selectors:0:fields:246:type","value":"11"},{"key":"$out:selectors:0:fields:247:name","value":"BG9.A_N_Voltage"},{"key":"$out:selectors:0:fields:247:type","value":"11"},{"key":"$out:selectors:0:fields:248:name","value":"BG9.B_Current"},{"key":"$out:selectors:0:fields:248:type","value":"11"},{"key":"$out:selectors:0:fields:249:name","value":"BG9.B_N_Voltage"},{"key":"$out:selectors:0:fields:249:type","value":"11"},{"key":"$out:selectors:0:fields:24:name","value":"BG11.A_N_Voltage"},{"key":"$out:selectors:0:fields:24:type","value":"11"},{"key":"$out:selectors:0:fields:250:name","value":"BG9.C_Current"},{"key":"$out:selectors:0:fields:250:type","value":"11"},{"key":"$out:selectors:0:fields:251:name","value":"BG9.C_N_Voltage"},{"key":"$out:selectors:0:fields:251:type","value":"11"},{"key":"$out:selectors:0:fields:252:name","value":"BG9.EnergyMultiplier"},{"key":"$out:selectors:0:fields:252:type","value":"11"},{"key":"$out:selectors:0:fields:253:name","value":"BG10.C_Current"},{"key":"$out:selectors:0:fields:253:type","value":"11"},{"key":"$out:selectors:0:fields:254:name","value":"BG9.Frequency"},{"key":"$out:selectors:0:fields:254:type","value":"11"},{"key":"$out:selectors:0:fields:255:name","value":"BG9.PowerFactor"},{"key":"$out:selectors:0:fields:255:type","value":"11"},{"key":"$out:selectors:0:fields:256:name","value":"BG9.ReactivePower"},{"key":"$out:selectors:0:fields:256:type","value":"11"},{"key":"$out:selectors:0:fields:257:name","value":"BG9.RealPower"},{"key":"$out:selectors:0:fields:257:type","value":"11"},{"key":"$out:selectors:0:fields:258:name","value":"CG12.A_Current"},{"key":"$out:selectors:0:fields:258:type","value":"11"},{"key":"$out:selectors:0:fields:259:name","value":"CG12.A_N_Voltage"},{"key":"$out:selectors:0:fields:259:type","value":"11"},{"key":"$out:selectors:0:fields:25:name","value":"DG6.RealPower"},{"key":"$out:selectors:0:fields:25:type","value":"11"},{"key":"$out:selectors:0:fields:260:name","value":"CG12.B_Current"},{"key":"$out:selectors:0:fields:260:type","value":"11"},{"key":"$out:selectors:0:fields:261:name","value":"CG12.B_N_Voltage"},{"key":"$out:selectors:0:fields:261:type","value":"11"},{"key":"$out:selectors:0:fields:262:name","value":"CG12.C_Current"},{"key":"$out:selectors:0:fields:262:type","value":"11"},{"key":"$out:selectors:0:fields:263:name","value":"CG12.C_N_Voltage"},{"key":"$out:selectors:0:fields:263:type","value":"11"},{"key":"$out:selectors:0:fields:264:name","value":"BG10.C_N_Voltage"},{"key":"$out:selectors:0:fields:264:type","value":"11"},{"key":"$out:selectors:0:fields:265:name","value":"CG12.EnergyMultiplier"},{"key":"$out:selectors:0:fields:265:type","value":"11"},{"key":"$out:selectors:0:fields:266:name","value":"CG12.Frequency"},{"key":"$out:selectors:0:fields:266:type","value":"11"},{"key":"$out:selectors:0:fields:267:name","value":"CG12.PowerFactor"},{"key":"$out:selectors:0:fields:267:type","value":"11"},{"key":"$out:selectors:0:fields:268:name","value":"CG12.ReactivePower"},{"key":"$out:selectors:0:fields:268:type","value":"11"},{"key":"$out:selectors:0:fields:269:name","value":"CG12.RealPower"},{"key":"$out:selectors:0:fields:269:type","value":"11"},{"key":"$out:selectors:0:fields:26:name","value":"BCT.A_Current"},{"key":"$out:selectors:0:fields:26:type","value":"11"},{"key":"$out:selectors:0:fields:270:name","value":"CG7.A_Current"},{"key":"$out:selectors:0:fields:270:type","value":"11"},{"key":"$out:selectors:0:fields:271:name","value":"CG7.A_N_Voltage"},{"key":"$out:selectors:0:fields:271:type","value":"11"},{"key":"$out:selectors:0:fields:272:name","value":"CG7.B_Current"},{"key":"$out:selectors:0:fields:272:type","value":"11"},{"key":"$out:selectors:0:fields:273:name","value":"CG7.B_N_Voltage"},{"key":"$out:selectors:0:fields:273:type","value":"11"},{"key":"$out:selectors:0:fields:274:name","value":"CG7.C_Current"},{"key":"$out:selectors:0:fields:274:type","value":"11"},{"key":"$out:selectors:0:fields:275:name","value":"BG10.EnergyMultiplier"},{"key":"$out:selectors:0:fields:275:type","value":"11"},{"key":"$out:selectors:0:fields:276:name","value":"CG7.C_N_Voltage"},{"key":"$out:selectors:0:fields:276:type","value":"11"},{"key":"$out:selectors:0:fields:277:name","value":"CG7.EnergyMultiplier"},{"key":"$out:selectors:0:fields:277:type","value":"11"},{"key":"$out:selectors:0:fields:278:name","value":"CG7.Frequency"},{"key":"$out:selectors:0:fields:278:type","value":"11"},{"key":"$out:selectors:0:fields:279:name","value":"CG7.PowerFactor"},{"key":"$out:selectors:0:fields:279:type","value":"11"},{"key":"$out:selectors:0:fields:27:name","value":"BCT.A_N_Voltage"},{"key":"$out:selectors:0:fields:27:type","value":"11"},{"key":"$out:selectors:0:fields:280:name","value":"CG7.ReactivePower"},{"key":"$out:selectors:0:fields:280:type","value":"11"},{"key":"$out:selectors:0:fields:281:name","value":"CG7.RealPower"},{"key":"$out:selectors:0:fields:281:type","value":"11"},{"key":"$out:selectors:0:fields:282:name","value":"DG2.A_Current"},{"key":"$out:selectors:0:fields:282:type","value":"11"},{"key":"$out:selectors:0:fields:283:name","value":"DG2.A_N_Voltage"},{"key":"$out:selectors:0:fields:283:type","value":"11"},{"key":"$out:selectors:0:fields:284:name","value":"DG2.B_Current"},{"key":"$out:selectors:0:fields:284:type","value":"11"},{"key":"$out:selectors:0:fields:285:name","value":"DG2.B_N_Voltage"},{"key":"$out:selectors:0:fields:285:type","value":"11"},{"key":"$out:selectors:0:fields:286:name","value":"BG10.Frequency"},{"key":"$out:selectors:0:fields:286:type","value":"11"},{"key":"$out:selectors:0:fields:287:name","value":"DG2.C_Current"},{"key":"$out:selectors:0:fields:287:type","value":"11"},{"key":"$out:selectors:0:fields:288:name","value":"DG2.C_N_Voltage"},{"key":"$out:selectors:0:fields:288:type","value":"11"},{"key":"$out:selectors:0:fields:289:name","value":"DG2.EnergyMultiplier"},{"key":"$out:selectors:0:fields:289:type","value":"11"},{"key":"$out:selectors:0:fields:28:name","value":"BCT.B_Current"},{"key":"$out:selectors:0:fields:28:type","value":"11"},{"key":"$out:selectors:0:fields:290:name","value":"DG2.Frequency"},{"key":"$out:selectors:0:fields:290:type","value":"11"},{"key":"$out:selectors:0:fields:291:name","value":"DG2.PowerFactor"},{"key":"$out:selectors:0:fields:291:type","value":"11"},{"key":"$out:selectors:0:fields:292:name","value":"DG2.ReactivePower"},{"key":"$out:selectors:0:fields:292:type","value":"11"},{"key":"$out:selectors:0:fields:293:name","value":"DG2.RealPower"},{"key":"$out:selectors:0:fields:293:type","value":"11"},{"key":"$out:selectors:0:fields:294:name","value":"DG3.A_Current"},{"key":"$out:selectors:0:fields:294:type","value":"11"},{"key":"$out:selectors:0:fields:295:name","value":"DG3.A_N_Voltage"},{"key":"$out:selectors:0:fields:295:type","value":"11"},{"key":"$out:selectors:0:fields:296:name","value":"DG3.B_Current"},{"key":"$out:selectors:0:fields:296:type","value":"11"},{"key":"$out:selectors:0:fields:297:name","value":"BG10.PowerFactor"},{"key":"$out:selectors:0:fields:297:type","value":"11"},{"key":"$out:selectors:0:fields:298:name","value":"DG3.B_N_Voltage"},{"key":"$out:selectors:0:fields:298:type","value":"11"},{"key":"$out:selectors:0:fields:299:name","value":"DG3.C_Current"},{"key":"$out:selectors:0:fields:299:type","value":"11"},{"key":"$out:selectors:0:fields:29:name","value":"BCT.B_N_Voltage"},{"key":"$out:selectors:0:fields:29:type","value":"11"},{"key":"$out:selectors:0:fields:2:name","value":"BG10.RealPower"},{"key":"$out:selectors:0:fields:2:type","value":"11"},{"key":"$out:selectors:0:fields:300:name","value":"DG3.C_N_Voltage"},{"key":"$out:selectors:0:fields:300:type","value":"11"},{"key":"$out:selectors:0:fields:301:name","value":"DG3.EnergyMultiplier"},{"key":"$out:selectors:0:fields:301:type","value":"11"},{"key":"$out:selectors:0:fields:302:name","value":"DG3.Frequency"},{"key":"$out:selectors:0:fields:302:type","value":"11"},{"key":"$out:selectors:0:fields:303:name","value":"DG3.PowerFactor"},{"key":"$out:selectors:0:fields:303:type","value":"11"},{"key":"$out:selectors:0:fields:304:name","value":"DG3.ReactivePower"},{"key":"$out:selectors:0:fields:304:type","value":"11"},{"key":"$out:selectors:0:fields:305:name","value":"DG3.RealPower"},{"key":"$out:selectors:0:fields:305:type","value":"11"},{"key":"$out:selectors:0:fields:306:name","value":"DG4.A_Current"},{"key":"$out:selectors:0:fields:306:type","value":"11"},{"key":"$out:selectors:0:fields:307:name","value":"DG4.A_N_Voltage"},{"key":"$out:selectors:0:fields:307:type","value":"11"},{"key":"$out:selectors:0:fields:308:name","value":"BG10.ReactivePower"},{"key":"$out:selectors:0:fields:308:type","value":"11"},{"key":"$out:selectors:0:fields:309:name","value":"DG4.B_Current"},{"key":"$out:selectors:0:fields:309:type","value":"11"},{"key":"$out:selectors:0:fields:30:name","value":"BCT.C_Current"},{"key":"$out:selectors:0:fields:30:type","value":"11"},{"key":"$out:selectors:0:fields:310:name","value":"DG4.B_N_Voltage"},{"key":"$out:selectors:0:fields:310:type","value":"11"},{"key":"$out:selectors:0:fields:311:name","value":"DG4.C_Current"},{"key":"$out:selectors:0:fields:311:type","value":"11"},{"key":"$out:selectors:0:fields:312:name","value":"DG4.C_N_Voltage"},{"key":"$out:selectors:0:fields:312:type","value":"11"},{"key":"$out:selectors:0:fields:313:name","value":"DG4.EnergyMultiplier"},{"key":"$out:selectors:0:fields:313:type","value":"11"},{"key":"$out:selectors:0:fields:314:name","value":"DG4.Frequency"},{"key":"$out:selectors:0:fields:314:type","value":"11"},{"key":"$out:selectors:0:fields:315:name","value":"DG4.PowerFactor"},{"key":"$out:selectors:0:fields:315:type","value":"11"},{"key":"$out:selectors:0:fields:316:name","value":"DG4.ReactivePower"},{"key":"$out:selectors:0:fields:316:type","value":"11"},{"key":"$out:selectors:0:fields:317:name","value":"DG4.RealPower"},{"key":"$out:selectors:0:fields:317:type","value":"11"},{"key":"$out:selectors:0:fields:318:name","value":"DG5.A_Current"},{"key":"$out:selectors:0:fields:318:type","value":"11"},{"key":"$out:selectors:0:fields:31:name","value":"BCT.C_N_Voltage"},{"key":"$out:selectors:0:fields:31:type","value":"11"},{"key":"$out:selectors:0:fields:32:name","value":"BCT.EnergyMultiplier"},{"key":"$out:selectors:0:fields:32:type","value":"11"},{"key":"$out:selectors:0:fields:33:name","value":"BCT.Frequency"},{"key":"$out:selectors:0:fields:33:type","value":"11"},{"key":"$out:selectors:0:fields:34:name","value":"BCT.PowerFactor"},{"key":"$out:selectors:0:fields:34:type","value":"11"},{"key":"$out:selectors:0:fields:35:name","value":"BG11.B_Current"},{"key":"$out:selectors:0:fields:35:type","value":"11"},{"key":"$out:selectors:0:fields:36:name","value":"BCT.ReactivePower"},{"key":"$out:selectors:0:fields:36:type","value":"11"},{"key":"$out:selectors:0:fields:37:name","value":"BCT.RealPower"},{"key":"$out:selectors:0:fields:37:type","value":"11"},{"key":"$out:selectors:0:fields:38:name","value":"BF1.A_Current"},{"key":"$out:selectors:0:fields:38:type","value":"11"},{"key":"$out:selectors:0:fields:39:name","value":"BF1.A_N_Voltage"},{"key":"$out:selectors:0:fields:39:type","value":"11"},{"key":"$out:selectors:0:fields:3:name","value":"DG5.A_N_Voltage"},{"key":"$out:selectors:0:fields:3:type","value":"11"},{"key":"$out:selectors:0:fields:40:name","value":"BF1.B_Current"},{"key":"$out:selectors:0:fields:40:type","value":"11"},{"key":"$out:selectors:0:fields:41:name","value":"BF1.B_N_Voltage"},{"key":"$out:selectors:0:fields:41:type","value":"11"},{"key":"$out:selectors:0:fields:42:name","value":"BF1.C_Current"},{"key":"$out:selectors:0:fields:42:type","value":"11"},{"key":"$out:selectors:0:fields:43:name","value":"BF1.C_N_Voltage"},{"key":"$out:selectors:0:fields:43:type","value":"11"},{"key":"$out:selectors:0:fields:44:name","value":"BF1.EnergyMultiplier"},{"key":"$out:selectors:0:fields:44:type","value":"11"},{"key":"$out:selectors:0:fields:45:name","value":"BF1.Frequency"},{"key":"$out:selectors:0:fields:45:type","value":"11"},{"key":"$out:selectors:0:fields:46:name","value":"BG11.B_N_Voltage"},{"key":"$out:selectors:0:fields:46:type","value":"11"},{"key":"$out:selectors:0:fields:47:name","value":"BF1.PowerFactor"},{"key":"$out:selectors:0:fields:47:type","value":"11"},{"key":"$out:selectors:0:fields:48:name","value":"BF1.ReactivePower"},{"key":"$out:selectors:0:fields:48:type","value":"11"},{"key":"$out:selectors:0:fields:49:name","value":"BF1.RealPower"},{"key":"$out:selectors:0:fields:49:type","value":"11"},{"key":"$out:selectors:0:fields:4:name","value":"DG5.B_Current"},{"key":"$out:selectors:0:fields:4:type","value":"11"},{"key":"$out:selectors:0:fields:50:name","value":"BF2.A_Current"},{"key":"$out:selectors:0:fields:50:type","value":"11"},{"key":"$out:selectors:0:fields:51:name","value":"BF2.A_N_Voltage"},{"key":"$out:selectors:0:fields:51:type","value":"11"},{"key":"$out:selectors:0:fields:52:name","value":"BF2.B_Current"},{"key":"$out:selectors:0:fields:52:type","value":"11"},{"key":"$out:selectors:0:fields:53:name","value":"BF2.B_N_Voltage"},{"key":"$out:selectors:0:fields:53:type","value":"11"},{"key":"$out:selectors:0:fields:54:name","value":"BF2.C_Current"},{"key":"$out:selectors:0:fields:54:type","value":"11"},{"key":"$out:selectors:0:fields:55:name","value":"BF2.C_N_Voltage"},{"key":"$out:selectors:0:fields:55:type","value":"11"},{"key":"$out:selectors:0:fields:56:name","value":"BF2.EnergyMultiplier"},{"key":"$out:selectors:0:fields:56:type","value":"11"},{"key":"$out:selectors:0:fields:57:name","value":"BG11.C_Current"},{"key":"$out:selectors:0:fields:57:type","value":"11"},{"key":"$out:selectors:0:fields:58:name","value":"BF2.Frequency"},{"key":"$out:selectors:0:fields:58:type","value":"11"},{"key":"$out:selectors:0:fields:59:name","value":"BF2.PowerFactor"},{"key":"$out:selectors:0:fields:59:type","value":"11"},{"key":"$out:selectors:0:fields:5:name","value":"DG5.B_N_Voltage"},{"key":"$out:selectors:0:fields:5:type","value":"11"},{"key":"$out:selectors:0:fields:60:name","value":"BF2.ReactivePower"},{"key":"$out:selectors:0:fields:60:type","value":"11"},{"key":"$out:selectors:0:fields:61:name","value":"BF2.RealPower"},{"key":"$out:selectors:0:fields:61:type","value":"11"},{"key":"$out:selectors:0:fields:62:name","value":"BF3.A_Current"},{"key":"$out:selectors:0:fields:62:type","value":"11"},{"key":"$out:selectors:0:fields:63:name","value":"BF3.A_N_Voltage"},{"key":"$out:selectors:0:fields:63:type","value":"11"},{"key":"$out:selectors:0:fields:64:name","value":"BF3.B_Current"},{"key":"$out:selectors:0:fields:64:type","value":"11"},{"key":"$out:selectors:0:fields:65:name","value":"BF3.B_N_Voltage"},{"key":"$out:selectors:0:fields:65:type","value":"11"},{"key":"$out:selectors:0:fields:66:name","value":"BF3.C_Current"},{"key":"$out:selectors:0:fields:66:type","value":"11"},{"key":"$out:selectors:0:fields:67:name","value":"BF3.C_N_Voltage"},{"key":"$out:selectors:0:fields:67:type","value":"11"},{"key":"$out:selectors:0:fields:68:name","value":"BG11.C_N_Voltage"},{"key":"$out:selectors:0:fields:68:type","value":"11"},{"key":"$out:selectors:0:fields:69:name","value":"BF3.EnergyMultiplier"},{"key":"$out:selectors:0:fields:69:type","value":"11"},{"key":"$out:selectors:0:fields:6:name","value":"DG5.C_Current"},{"key":"$out:selectors:0:fields:6:type","value":"11"},{"key":"$out:selectors:0:fields:70:name","value":"BF3.Frequency"},{"key":"$out:selectors:0:fields:70:type","value":"11"},{"key":"$out:selectors:0:fields:71:name","value":"BF3.PowerFactor"},{"key":"$out:selectors:0:fields:71:type","value":"11"},{"key":"$out:selectors:0:fields:72:name","value":"BF3.ReactivePower"},{"key":"$out:selectors:0:fields:72:type","value":"11"},{"key":"$out:selectors:0:fields:73:name","value":"BF3.RealPower"},{"key":"$out:selectors:0:fields:73:type","value":"11"},{"key":"$out:selectors:0:fields:74:name","value":"BF4.A_Current"},{"key":"$out:selectors:0:fields:74:type","value":"11"},{"key":"$out:selectors:0:fields:75:name","value":"BF4.A_N_Voltage"},{"key":"$out:selectors:0:fields:75:type","value":"11"},{"key":"$out:selectors:0:fields:76:name","value":"BF4.B_Current"},{"key":"$out:selectors:0:fields:76:type","value":"11"},{"key":"$out:selectors:0:fields:77:name","value":"BF4.B_N_Voltage"},{"key":"$out:selectors:0:fields:77:type","value":"11"},{"key":"$out:selectors:0:fields:78:name","value":"BF4.C_Current"},{"key":"$out:selectors:0:fields:78:type","value":"11"},{"key":"$out:selectors:0:fields:79:name","value":"BG11.EnergyMultiplier"},{"key":"$out:selectors:0:fields:79:type","value":"11"},{"key":"$out:selectors:0:fields:7:name","value":"DG5.C_N_Voltage"},{"key":"$out:selectors:0:fields:7:type","value":"11"},{"key":"$out:selectors:0:fields:80:name","value":"BF4.C_N_Voltage"},{"key":"$out:selectors:0:fields:80:type","value":"11"},{"key":"$out:selectors:0:fields:81:name","value":"BF4.EnergyMultiplier"},{"key":"$out:selectors:0:fields:81:type","value":"11"},{"key":"$out:selectors:0:fields:82:name","value":"BF4.Frequency"},{"key":"$out:selectors:0:fields:82:type","value":"11"},{"key":"$out:selectors:0:fields:83:name","value":"BF4.PowerFactor"},{"key":"$out:selectors:0:fields:83:type","value":"11"},{"key":"$out:selectors:0:fields:84:name","value":"BF4.ReactivePower"},{"key":"$out:selectors:0:fields:84:type","value":"11"},{"key":"$out:selectors:0:fields:85:name","value":"BF4.RealPower"},{"key":"$out:selectors:0:fields:85:type","value":"11"},{"key":"$out:selectors:0:fields:86:name","value":"CBT.A_Current"},{"key":"$out:selectors:0:fields:86:type","value":"11"},{"key":"$out:selectors:0:fields:87:name","value":"CBT.A_N_Voltage"},{"key":"$out:selectors:0:fields:87:type","value":"11"},{"key":"$out:selectors:0:fields:88:name","value":"CBT.B_Current"},{"key":"$out:selectors:0:fields:88:type","value":"11"},{"key":"$out:selectors:0:fields:89:name","value":"CBT.B_N_Voltage"},{"key":"$out:selectors:0:fields:89:type","value":"11"},{"key":"$out:selectors:0:fields:8:name","value":"DG5.EnergyMultiplier"},{"key":"$out:selectors:0:fields:8:type","value":"11"},{"key":"$out:selectors:0:fields:90:name","value":"BG11.Frequency"},{"key":"$out:selectors:0:fields:90:type","value":"11"},{"key":"$out:selectors:0:fields:91:name","value":"CBT.C_Current"},{"key":"$out:selectors:0:fields:91:type","value":"11"},{"key":"$out:selectors:0:fields:92:name","value":"CBT.C_N_Voltage"},{"key":"$out:selectors:0:fields:92:type","value":"11"},{"key":"$out:selectors:0:fields:93:name","value":"CBT.EnergyMultiplier"},{"key":"$out:selectors:0:fields:93:type","value":"11"},{"key":"$out:selectors:0:fields:94:name","value":"CBT.Frequency"},{"key":"$out:selectors:0:fields:94:type","value":"11"},{"key":"$out:selectors:0:fields:95:name","value":"CBT.PowerFactor"},{"key":"$out:selectors:0:fields:95:type","value":"11"},{"key":"$out:selectors:0:fields:96:name","value":"CBT.ReactivePower"},{"key":"$out:selectors:0:fields:96:type","value":"11"},{"key":"$out:selectors:0:fields:97:name","value":"CBT.RealPower"},{"key":"$out:selectors:0:fields:97:type","value":"11"},{"key":"$out:selectors:0:fields:98:name","value":"CDT.A_Current"},{"key":"$out:selectors:0:fields:98:type","value":"11"},{"key":"$out:selectors:0:fields:99:name","value":"CDT.A_N_Voltage"},{"key":"$out:selectors:0:fields:99:type","value":"11"},{"key":"$out:selectors:0:fields:9:name","value":"DG5.Frequency"},{"key":"$out:selectors:0:fields:9:type","value":"11"},{"key":"$out:selectors:0:schemaType","value":"0"},{"key":"$out:selectors:0:selector","value":"0"},{"key":"name","value":"PLC Read"},{"key":"x","value":"125"},{"key":"y","value":"-100"}]},{"id":"2b708711-fd4a-4426-9a9e-a1893631cd9d","pipelineTopologyId":"8fa0e412-a918-4477-bc4c-f5a65366f3cd","kind":"std/log","configuration":[{"key":"level","value":"error"},{"key":"template","value":"MQTT Log Error"}],"metadata":[{"key":"$in:schemaType","value":"2"},{"key":"name","value":"Log"},{"key":"x","value":"575"},{"key":"y","value":"250"}]},{"id":"4272f0d2-dc24-4f05-ae9b-19589f782784","pipelineTopologyId":"8fa0e412-a918-4477-bc4c-f5a65366f3cd","kind":"std/literal","configuration":[{"key":"columns:0:arrowTypeId","value":"7"},{"key":"columns:0:name","value":"id"},{"key":"columns:0:value","value":"802"}],"metadata":[{"key":"$in:schemaType","value":"2"},{"key":"$out:selectors:0:fields:0:name","value":"ChemicalScale1AI.PV"},{"key":"$out:selectors:0:fields:0:type","value":"11"},{"key":"$out:selectors:0:fields:10:name","value":"pHAI.PV"},{"key":"$out:selectors:0:fields:10:type","value":"11"},{"key":"$out:selectors:0:fields:11:name","value":"CombinedChlorinatorAI.PV"},{"key":"$out:selectors:0:fields:11:type","value":"11"},{"key":"$out:selectors:0:fields:12:name","value":"FreeChlorinatorAI.PV"},{"key":"$out:selectors:0:fields:12:type","value":"11"},{"key":"$out:selectors:0:fields:13:name","value":"RawWaterMeterAI.PV"},{"key":"$out:selectors:0:fields:13:type","value":"11"},{"key":"$out:selectors:0:fields:14:name","value":"WaterTowerLevelAI.PV"},{"key":"$out:selectors:0:fields:14:type","value":"11"},{"key":"$out:selectors:0:fields:15:name","value":"CombinedTurbidityAI.PV"},{"key":"$out:selectors:0:fields:15:type","value":"11"},{"key":"$out:selectors:0:fields:16:name","value":"id"},{"key":"$out:selectors:0:fields:16:type","value":"7"},{"key":"$out:selectors:0:fields:1:name","value":"Filter1TurbidityAI.PV"},{"key":"$out:selectors:0:fields:1:type","value":"11"},{"key":"$out:selectors:0:fields:2:name","value":"Filter2TurbidityAI.PV"},{"key":"$out:selectors:0:fields:2:type","value":"11"},{"key":"$out:selectors:0:fields:3:name","value":"Filter3TurbidityAI.PV"},{"key":"$out:selectors:0:fields:3:type","value":"11"},{"key":"$out:selectors:0:fields:4:name","value":"RawWaterMeterTotalizer.CurDay"},{"key":"$out:selectors:0:fields:4:type","value":"11"},{"key":"$out:selectors:0:fields:5:name","value":"RawWaterMeterTotalizer.YesDay"},{"key":"$out:selectors:0:fields:5:type","value":"11"},{"key":"$out:selectors:0:fields:6:name","value":"CarbonFeeder.SpeedAI.PV"},{"key":"$out:selectors:0:fields:6:type","value":"11"},{"key":"$out:selectors:0:fields:7:name","value":"ChemicalScale2AI.PV"},{"key":"$out:selectors:0:fields:7:type","value":"11"},{"key":"$out:selectors:0:fields:8:name","value":"ChemicalScale3AI.PV"},{"key":"$out:selectors:0:fields:8:type","value":"11"},{"key":"$out:selectors:0:fields:9:name","value":"ChemicalScale4AI.PV"},{"key":"$out:selectors:0:fields:9:type","value":"11"},{"key":"$out:selectors:0:schemaType","value":"0"},{"key":"$out:selectors:0:selector","value":"0"},{"key":"$out:selectors:1:schemaType","value":"1"},{"key":"$out:selectors:1:selector","value":"1"},{"key":"name","value":"Literal"},{"key":"x","value":"100"},{"key":"y","value":"25"}]},{"id":"5040edfd-e633-4b46-94e8-2d75716883ba","pipelineTopologyId":"8fa0e412-a918-4477-bc4c-f5a65366f3cd","kind":"std/timer","configuration":[{"key":"count","value":"0"},{"key":"interval","value":"10000"}],"metadata":[{"key":"$in:schemaType","value":"2"},{"key":"name","value":"Timer"},{"key":"x","value":"125"},{"key":"y","value":"-200"}]},{"id":"5347ac64-52d5-48ac-8398-cc739e608a84","pipelineTopologyId":"8fa0e412-a918-4477-bc4c-f5a65366f3cd","kind":"std/timestamp","configuration":[{"key":"columnName","value":"Timestamp"}],"metadata":[{"key":"$in:schemaType","value":"2"},{"key":"$out:selectors:0:fields:0:name","value":"ChemicalScale1AI.PV"},{"key":"$out:selectors:0:fields:0:type","value":"11"},{"key":"$out:selectors:0:fields:10:name","value":"pHAI.PV"},{"key":"$out:selectors:0:fields:10:type","value":"11"},{"key":"$out:selectors:0:fields:11:name","value":"CombinedChlorinatorAI.PV"},{"key":"$out:selectors:0:fields:11:type","value":"11"},{"key":"$out:selectors:0:fields:12:name","value":"FreeChlorinatorAI.PV"},{"key":"$out:selectors:0:fields:12:type","value":"11"},{"key":"$out:selectors:0:fields:13:name","value":"RawWaterMeterAI.PV"},{"key":"$out:selectors:0:fields:13:type","value":"11"},{"key":"$out:selectors:0:fields:14:name","value":"WaterTowerLevelAI.PV"},{"key":"$out:selectors:0:fields:14:type","value":"11"},{"key":"$out:selectors:0:fields:15:name","value":"CombinedTurbidityAI.PV"},{"key":"$out:selectors:0:fields:15:type","value":"11"},{"key":"$out:selectors:0:fields:16:name","value":"id"},{"key":"$out:selectors:0:fields:16:type","value":"7"},{"key":"$out:selectors:0:fields:17:name","value":"Timestamp"},{"key":"$out:selectors:0:fields:17:type","value":"18"},{"key":"$out:selectors:0:fields:1:name","value":"Filter1TurbidityAI.PV"},{"key":"$out:selectors:0:fields:1:type","value":"11"},{"key":"$out:selectors:0:fields:2:name","value":"Filter2TurbidityAI.PV"},{"key":"$out:selectors:0:fields:2:type","value":"11"},{"key":"$out:selectors:0:fields:3:name","value":"Filter3TurbidityAI.PV"},{"key":"$out:selectors:0:fields:3:type","value":"11"},{"key":"$out:selectors:0:fields:4:name","value":"RawWaterMeterTotalizer.CurDay"},{"key":"$out:selectors:0:fields:4:type","value":"11"},{"key":"$out:selectors:0:fields:5:name","value":"RawWaterMeterTotalizer.YesDay"},{"key":"$out:selectors:0:fields:5:type","value":"11"},{"key":"$out:selectors:0:fields:6:name","value":"CarbonFeeder.SpeedAI.PV"},{"key":"$out:selectors:0:fields:6:type","value":"11"},{"key":"$out:selectors:0:fields:7:name","value":"ChemicalScale2AI.PV"},{"key":"$out:selectors:0:fields:7:type","value":"11"},{"key":"$out:selectors:0:fields:8:name","value":"ChemicalScale3AI.PV"},{"key":"$out:selectors:0:fields:8:type","value":"11"},{"key":"$out:selectors:0:fields:9:name","value":"ChemicalScale4AI.PV"},{"key":"$out:selectors:0:fields:9:type","value":"11"},{"key":"$out:selectors:0:schemaType","value":"0"},{"key":"$out:selectors:0:selector","value":"0"},{"key":"$out:selectors:1:schemaType","value":"1"},{"key":"$out:selectors:1:selector","value":"1"},{"key":"name","value":"Timestamp"},{"key":"x","value":"325"},{"key":"y","value":"25"}]},{"id":"7fc30900-4e06-44ae-b040-16c2f032aea4","pipelineTopologyId":"8fa0e412-a918-4477-bc4c-f5a65366f3cd","kind":"std/log","configuration":[{"key":"level","value":"info"},{"key":"template","value":"Read Tags Success - Slow"}],"metadata":[{"key":"$in:schemaType","value":"2"},{"key":"name","value":"PLC Read Success Slow"},{"key":"x","value":"725"},{"key":"y","value":"-200"}]},{"id":"b9e50eb3-aac4-4f9f-a577-833c99e58664","pipelineTopologyId":"8fa0e412-a918-4477-bc4c-f5a65366f3cd","kind":"script/execute","configuration":[{"key":"definition:engine","value":"csharp"},{"key":"definition:filesystem:allow","value":"false"},{"key":"definition:id","value":"f33a6380-332d-4fb7-b55a-e3c52ddb4e93"},{"key":"definition:location","value":"inline"},{"key":"definition:network:allow","value":"false"},{"key":"definition:runtime:background","value":"false"},{"key":"definition:runtime:debug","value":"false"},{"key":"definition:runtime:maxExecutionTime","value":"0"},{"key":"definition:source","value":"using Dynics.Arrow; \n\npublic class Script\n{\n    public static readonly string valueColumn = \"Timestamp\";\n\n    public static async Task ExecuteAsync(IScriptContext context, RecordBatch recordBatch, CancellationToken cancellationToken)\n    {\n        var tsColumn = recordBatch.Column(valueColumn) as TimestampArray;\n        var timestamp = DateTimeOffset.FromUnixTimeMilliseconds(tsColumn.GetValue(0).Value).UtcDateTime.ToString(\"O\");\n\n        var builder = new RecordBatch.Builder();\n\n        for (var i = 0; i < recordBatch.Schema.Fields.Count; i++)\n        {\n            var field = recordBatch.Schema.GetFieldByIndex(i);\n            if(field.Name == valueColumn)\n                continue;\n            var array = recordBatch.Column(i);\n            builder.Append(field, array);\n        }\n        builder.Append<StringArray>(valueColumn,false,x=> x.String(s=>s.Append(timestamp)));\n        await context.EmitAsync(builder.Build());\n    }\n}"}],"metadata":[{"key":"$in:schemaType","value":"1"},{"key":"name","value":"Format Timestamp"},{"key":"x","value":"100"},{"key":"y","value":"150"}]},{"id":"c71f815d-c559-4b4b-bfee-e9e4e20a79fc","pipelineTopologyId":"8fa0e412-a918-4477-bc4c-f5a65366f3cd","kind":"std/forward","configuration":[],"metadata":[{"key":"name","value":"Entry Point"},{"key":"x","value":"-100"},{"key":"y","value":"-200"}]},{"id":"cfa710f6-a70e-4058-8201-ea9065fc1b84","pipelineTopologyId":"8fa0e412-a918-4477-bc4c-f5a65366f3cd","kind":"std/mqtt/publish","configuration":[{"key":"contentType","value":"application/json"},{"key":"payload","value":"{\r\n    \"TimeStamp\":\"{{data[\"Timestamp\"][0]}}\",\r\n    \"ID\":{{data[\"id\"][0]}},\r\n \t\r\n\t\"BG10.A_Current\":{\"Val\":{{data[\"BG10.A_Current\"][0]}}},\r\n\t\"BG10.A_N_Voltage\":{\"Val\":{{data[\"BG10.A_N_Voltage\"][0]}}},\r\n\t\"BG10.B_Current\":{\"Val\":{{data[\"BG10.B_Current\"][0]}}},\r\n\t\"BG10.B_N_Voltage\":{\"Val\":{{data[\"BG10.B_N_Voltage\"][0]}}},\r\n\t\"BG10.C_Current\":{\"Val\":{{data[\"BG10.C_Current\"][0]}}},\r\n\t\"BG10.C_N_Voltage\":{\"Val\":{{data[\"BG10.C_N_Voltage\"][0]}}},\r\n\t\"BG10.EnergyMultiplier\":{\"Val\":{{data[\"BG10.EnergyMultiplier\"][0]}}},\r\n\t\"BG10.Frequency\":{\"Val\":{{data[\"BG10.Frequency\"][0]}}},\r\n\t\"BG10.PowerFactor\":{\"Val\":{{data[\"BG10.PowerFactor\"][0]}}},\r\n\t\"BG10.ReactivePower\":{\"Val\":{{data[\"BG10.ReactivePower\"][0]}}},\r\n\t\"BG10.RealPower\":{\"Val\":{{data[\"BG10.RealPower\"][0]}}},\r\n\r\n\t\"BG11.A_Current\":{\"Val\":{{data[\"BG11.A_Current\"][0]}}},\r\n\t\"BG11.A_N_Voltage\":{\"Val\":{{data[\"BG11.A_N_Voltage\"][0]}}},\r\n\t\"BG11.B_Current\":{\"Val\":{{data[\"BG11.B_Current\"][0]}}},\r\n\t\"BG11.B_N_Voltage\":{\"Val\":{{data[\"BG11.B_N_Voltage\"][0]}}},\r\n\t\"BG11.C_Current\":{\"Val\":{{data[\"BG11.C_Current\"][0]}}},\r\n\t\"BG11.C_N_Voltage\":{\"Val\":{{data[\"BG11.C_N_Voltage\"][0]}}},\r\n\t\"BG11.EnergyMultiplier\":{\"Val\":{{data[\"BG11.EnergyMultiplier\"][0]}}},\r\n\t\"BG11.Frequency\":{\"Val\":{{data[\"BG11.Frequency\"][0]}}},\r\n\t\"BG11.PowerFactor\":{\"Val\":{{data[\"BG11.PowerFactor\"][0]}}},\r\n\t\"BG11.ReactivePower\":{\"Val\":{{data[\"BG11.ReactivePower\"][0]}}},\r\n\t\"BG11.RealPower\":{\"Val\":{{data[\"BG11.RealPower\"][0]}}},\r\n\t\r\n\t\"BG8.A_Current\":{\"Val\":{{data[\"BG8.A_Current\"][0]}}},\r\n\t\"BG8.A_N_Voltage\":{\"Val\":{{data[\"BG8.A_N_Voltage\"][0]}}},\r\n\t\"BG8.B_Current\":{\"Val\":{{data[\"BG8.B_Current\"][0]}}},\r\n\t\"BG8.B_N_Voltage\":{\"Val\":{{data[\"BG8.B_N_Voltage\"][0]}}},\r\n\t\"BG8.C_Current\":{\"Val\":{{data[\"BG8.C_Current\"][0]}}},\r\n\t\"BG8.C_N_Voltage\":{\"Val\":{{data[\"BG8.C_N_Voltage\"][0]}}},\r\n\t\"BG8.EnergyMultiplier\":{\"Val\":{{data[\"BG8.EnergyMultiplier\"][0]}}},\r\n\t\"BG8.Frequency\":{\"Val\":{{data[\"BG8.Frequency\"][0]}}},\r\n\t\"BG8.PowerFactor\":{\"Val\":{{data[\"BG8.PowerFactor\"][0]}}},\r\n\t\"BG8.ReactivePower\":{\"Val\":{{data[\"BG8.ReactivePower\"][0]}}},\r\n\t\"BG8.RealPower\":{\"Val\":{{data[\"BG8.RealPower\"][0]}}},\r\n\t\r\n\t\"BG9.A_Current\":{\"Val\":{{data[\"BG9.A_Current\"][0]}}},\r\n\t\"BG9.A_N_Voltage\":{\"Val\":{{data[\"BG9.A_N_Voltage\"][0]}}},\r\n\t\"BG9.B_Current\":{\"Val\":{{data[\"BG9.B_Current\"][0]}}},\r\n\t\"BG9.B_N_Voltage\":{\"Val\":{{data[\"BG9.B_N_Voltage\"][0]}}},\r\n\t\"BG9.C_Current\":{\"Val\":{{data[\"BG9.C_Current\"][0]}}},\r\n\t\"BG9.C_N_Voltage\":{\"Val\":{{data[\"BG9.C_N_Voltage\"][0]}}},\r\n\t\"BG9.EnergyMultiplier\":{\"Val\":{{data[\"BG9.EnergyMultiplier\"][0]}}},\r\n\t\"BG9.Frequency\":{\"Val\":{{data[\"BG9.Frequency\"][0]}}},\r\n\t\"BG9.PowerFactor\":{\"Val\":{{data[\"BG9.PowerFactor\"][0]}}},\r\n\t\"BG9.ReactivePower\":{\"Val\":{{data[\"BG9.ReactivePower\"][0]}}},\r\n\t\"BG9.RealPower\":{\"Val\":{{data[\"BG9.RealPower\"][0]}}},\r\n\t\r\n\t\"CG12.A_Current\":{\"Val\":{{data[\"CG12.A_Current\"][0]}}},\r\n\t\"CG12.A_N_Voltage\":{\"Val\":{{data[\"CG12.A_N_Voltage\"][0]}}},\r\n\t\"CG12.B_Current\":{\"Val\":{{data[\"CG12.B_Current\"][0]}}},\r\n\t\"CG12.B_N_Voltage\":{\"Val\":{{data[\"CG12.B_N_Voltage\"][0]}}},\r\n\t\"CG12.C_Current\":{\"Val\":{{data[\"CG12.C_Current\"][0]}}},\r\n\t\"CG12.C_N_Voltage\":{\"Val\":{{data[\"CG12.C_N_Voltage\"][0]}}},\r\n\t\"CG12.EnergyMultiplier\":{\"Val\":{{data[\"CG12.EnergyMultiplier\"][0]}}},\r\n\t\"CG12.Frequency\":{\"Val\":{{data[\"CG12.Frequency\"][0]}}},\r\n\t\"CG12.PowerFactor\":{\"Val\":{{data[\"CG12.PowerFactor\"][0]}}},\r\n\t\"CG12.ReactivePower\":{\"Val\":{{data[\"CG12.ReactivePower\"][0]}}},\r\n\t\"CG12.RealPower\":{\"Val\":{{data[\"CG12.RealPower\"][0]}}},\r\n\t\r\n\t\"CG7.A_Current\":{\"Val\":{{data[\"CG7.A_Current\"][0]}}},\r\n\t\"CG7.A_N_Voltage\":{\"Val\":{{data[\"CG7.A_N_Voltage\"][0]}}},\r\n\t\"CG7.B_Current\":{\"Val\":{{data[\"CG7.B_Current\"][0]}}},\r\n\t\"CG7.B_N_Voltage\":{\"Val\":{{data[\"CG7.B_N_Voltage\"][0]}}},\r\n\t\"CG7.C_Current\":{\"Val\":{{data[\"CG7.C_Current\"][0]}}},\r\n\t\"CG7.C_N_Voltage\":{\"Val\":{{data[\"CG7.C_N_Voltage\"][0]}}},\r\n\t\"CG7.EnergyMultiplier\":{\"Val\":{{data[\"CG7.EnergyMultiplier\"][0]}}},\r\n\t\"CG7.Frequency\":{\"Val\":{{data[\"CG7.Frequency\"][0]}}},\r\n\t\"CG7.PowerFactor\":{\"Val\":{{data[\"CG7.PowerFactor\"][0]}}},\r\n\t\"CG7.ReactivePower\":{\"Val\":{{data[\"CG7.ReactivePower\"][0]}}},\r\n\t\"CG7.RealPower\":{\"Val\":{{data[\"CG7.RealPower\"][0]}}},\r\n\t\r\n\t\"DG2.A_Current\":{\"Val\":{{data[\"DG2.A_Current\"][0]}}},\r\n\t\"DG2.A_N_Voltage\":{\"Val\":{{data[\"DG2.A_N_Voltage\"][0]}}},\r\n\t\"DG2.B_Current\":{\"Val\":{{data[\"DG2.B_Current\"][0]}}},\r\n\t\"DG2.B_N_Voltage\":{\"Val\":{{data[\"DG2.B_N_Voltage\"][0]}}},\r\n\t\"DG2.C_Current\":{\"Val\":{{data[\"DG2.C_Current\"][0]}}},\r\n\t\"DG2.C_N_Voltage\":{\"Val\":{{data[\"DG2.C_N_Voltage\"][0]}}},\r\n\t\"DG2.EnergyMultiplier\":{\"Val\":{{data[\"DG2.EnergyMultiplier\"][0]}}},\r\n\t\"DG2.Frequency\":{\"Val\":{{data[\"DG2.Frequency\"][0]}}},\r\n\t\"DG2.PowerFactor\":{\"Val\":{{data[\"DG2.PowerFactor\"][0]}}},\r\n\t\"DG2.ReactivePower\":{\"Val\":{{data[\"DG2.ReactivePower\"][0]}}},\r\n\t\"DG2.RealPower\":{\"Val\":{{data[\"DG2.RealPower\"][0]}}},\r\n\t\r\n\t\"DG3.A_Current\":{\"Val\":{{data[\"DG3.A_Current\"][0]}}},\r\n\t\"DG3.A_N_Voltage\":{\"Val\":{{data[\"DG3.A_N_Voltage\"][0]}}},\r\n\t\"DG3.B_Current\":{\"Val\":{{data[\"DG3.B_Current\"][0]}}},\r\n\t\"DG3.B_N_Voltage\":{\"Val\":{{data[\"DG3.B_N_Voltage\"][0]}}},\r\n\t\"DG3.C_Current\":{\"Val\":{{data[\"DG3.C_Current\"][0]}}},\r\n\t\"DG3.C_N_Voltage\":{\"Val\":{{data[\"DG3.C_N_Voltage\"][0]}}},\r\n\t\"DG3.EnergyMultiplier\":{\"Val\":{{data[\"DG3.EnergyMultiplier\"][0]}}},\r\n\t\"DG3.Frequency\":{\"Val\":{{data[\"DG3.Frequency\"][0]}}},\r\n\t\"DG3.PowerFactor\":{\"Val\":{{data[\"DG3.PowerFactor\"][0]}}},\r\n\t\"DG3.ReactivePower\":{\"Val\":{{data[\"DG3.ReactivePower\"][0]}}},\r\n\t\"DG3.RealPower\":{\"Val\":{{data[\"DG3.RealPower\"][0]}}},\r\n\t\r\n\t\"DG4.A_Current\":{\"Val\":{{data[\"DG4.A_Current\"][0]}}},\r\n\t\"DG4.A_N_Voltage\":{\"Val\":{{data[\"DG4.A_N_Voltage\"][0]}}},\r\n\t\"DG4.B_Current\":{\"Val\":{{data[\"DG4.B_Current\"][0]}}},\r\n\t\"DG4.B_N_Voltage\":{\"Val\":{{data[\"DG4.B_N_Voltage\"][0]}}},\r\n\t\"DG4.C_Current\":{\"Val\":{{data[\"DG4.C_Current\"][0]}}},\r\n\t\"DG4.C_N_Voltage\":{\"Val\":{{data[\"DG4.C_N_Voltage\"][0]}}},\r\n\t\"DG4.EnergyMultiplier\":{\"Val\":{{data[\"DG4.EnergyMultiplier\"][0]}}},\r\n\t\"DG4.Frequency\":{\"Val\":{{data[\"DG4.Frequency\"][0]}}},\r\n\t\"DG4.PowerFactor\":{\"Val\":{{data[\"DG4.PowerFactor\"][0]}}},\r\n\t\"DG4.ReactivePower\":{\"Val\":{{data[\"DG4.ReactivePower\"][0]}}},\r\n\t\"DG4.RealPower\":{\"Val\":{{data[\"DG4.RealPower\"][0]}}},\r\n\t\r\n\t\"DG5.A_Current\":{\"Val\":{{data[\"DG5.A_Current\"][0]}}},\r\n\t\"DG5.A_N_Voltage\":{\"Val\":{{data[\"DG5.A_N_Voltage\"][0]}}},\r\n\t\"DG5.B_Current\":{\"Val\":{{data[\"DG5.B_Current\"][0]}}},\r\n\t\"DG5.B_N_Voltage\":{\"Val\":{{data[\"DG5.B_N_Voltage\"][0]}}},\r\n\t\"DG5.C_Current\":{\"Val\":{{data[\"DG5.C_Current\"][0]}}},\r\n\t\"DG5.C_N_Voltage\":{\"Val\":{{data[\"DG5.C_N_Voltage\"][0]}}},\r\n\t\"DG5.EnergyMultiplier\":{\"Val\":{{data[\"DG5.EnergyMultiplier\"][0]}}},\r\n\t\"DG5.Frequency\":{\"Val\":{{data[\"DG5.Frequency\"][0]}}},\r\n\t\"DG5.PowerFactor\":{\"Val\":{{data[\"DG5.PowerFactor\"][0]}}},\r\n\t\"DG5.ReactivePower\":{\"Val\":{{data[\"DG5.ReactivePower\"][0]}}},\r\n\t\"DG5.RealPower\":{\"Val\":{{data[\"DG5.RealPower\"][0]}}},\r\n\t\r\n\t\"DG6.A_Current\":{\"Val\":{{data[\"DG6.A_Current\"][0]}}},\r\n\t\"DG6.A_N_Voltage\":{\"Val\":{{data[\"DG6.A_N_Voltage\"][0]}}},\r\n\t\"DG6.B_Current\":{\"Val\":{{data[\"DG6.B_Current\"][0]}}},\r\n\t\"DG6.B_N_Voltage\":{\"Val\":{{data[\"DG6.B_N_Voltage\"][0]}}},\r\n\t\"DG6.C_Current\":{\"Val\":{{data[\"DG6.C_Current\"][0]}}},\r\n\t\"DG6.C_N_Voltage\":{\"Val\":{{data[\"DG6.C_N_Voltage\"][0]}}},\r\n\t\"DG6.EnergyMultiplier\":{\"Val\":{{data[\"DG6.EnergyMultiplier\"][0]}}},\r\n\t\"DG6.Frequency\":{\"Val\":{{data[\"DG6.Frequency\"][0]}}},\r\n\t\"DG6.PowerFactor\":{\"Val\":{{data[\"DG6.PowerFactor\"][0]}}},\r\n\t\"DG6.ReactivePower\":{\"Val\":{{data[\"DG6.ReactivePower\"][0]}}},\r\n\t\"DG6.RealPower\":{\"Val\":{{data[\"DG6.RealPower\"][0]}}},\r\n\t\r\n\t\"BCT.A_Current\":{\"Val\":{{data[\"BCT.A_Current\"][0]}}},\r\n\t\"BCT.A_N_Voltage\":{\"Val\":{{data[\"BCT.A_N_Voltage\"][0]}}},\r\n\t\"BCT.B_Current\":{\"Val\":{{data[\"BCT.B_Current\"][0]}}},\r\n\t\"BCT.B_N_Voltage\":{\"Val\":{{data[\"BCT.B_N_Voltage\"][0]}}},\r\n\t\"BCT.C_Current\":{\"Val\":{{data[\"BCT.C_Current\"][0]}}},\r\n\t\"BCT.C_N_Voltage\":{\"Val\":{{data[\"BCT.C_N_Voltage\"][0]}}},\r\n\t\"BCT.EnergyMultiplier\":{\"Val\":{{data[\"BCT.EnergyMultiplier\"][0]}}},\r\n\t\"BCT.Frequency\":{\"Val\":{{data[\"BCT.Frequency\"][0]}}},\r\n\t\"BCT.PowerFactor\":{\"Val\":{{data[\"BCT.PowerFactor\"][0]}}},\r\n\t\"BCT.ReactivePower\":{\"Val\":{{data[\"BCT.ReactivePower\"][0]}}},\r\n\t\"BCT.RealPower\":{\"Val\":{{data[\"BCT.RealPower\"][0]}}},\r\n\t\r\n\t\"BF1.A_Current\":{\"Val\":{{data[\"BF1.A_Current\"][0]}}},\r\n\t\"BF1.A_N_Voltage\":{\"Val\":{{data[\"BF1.A_N_Voltage\"][0]}}},\r\n\t\"BF1.B_Current\":{\"Val\":{{data[\"BF1.B_Current\"][0]}}},\r\n\t\"BF1.B_N_Voltage\":{\"Val\":{{data[\"BF1.B_N_Voltage\"][0]}}},\r\n\t\"BF1.C_Current\":{\"Val\":{{data[\"BF1.C_Current\"][0]}}},\r\n\t\"BF1.C_N_Voltage\":{\"Val\":{{data[\"BF1.C_N_Voltage\"][0]}}},\r\n\t\"BF1.EnergyMultiplier\":{\"Val\":{{data[\"BF1.EnergyMultiplier\"][0]}}},\r\n\t\"BF1.Frequency\":{\"Val\":{{data[\"BF1.Frequency\"][0]}}},\r\n\t\"BF1.PowerFactor\":{\"Val\":{{data[\"BF1.PowerFactor\"][0]}}},\r\n\t\"BF1.ReactivePower\":{\"Val\":{{data[\"BF1.ReactivePower\"][0]}}},\r\n\t\"BF1.RealPower\":{\"Val\":{{data[\"BF1.RealPower\"][0]}}},\r\n\t\r\n\t\"BF2.A_Current\":{\"Val\":{{data[\"BF2.A_Current\"][0]}}},\r\n\t\"BF2.A_N_Voltage\":{\"Val\":{{data[\"BF2.A_N_Voltage\"][0]}}},\r\n\t\"BF2.B_Current\":{\"Val\":{{data[\"BF2.B_Current\"][0]}}},\r\n\t\"BF2.B_N_Voltage\":{\"Val\":{{data[\"BF2.B_N_Voltage\"][0]}}},\r\n\t\"BF2.C_Current\":{\"Val\":{{data[\"BF2.C_Current\"][0]}}},\r\n\t\"BF2.C_N_Voltage\":{\"Val\":{{data[\"BF2.C_N_Voltage\"][0]}}},\r\n\t\"BF2.EnergyMultiplier\":{\"Val\":{{data[\"BF2.EnergyMultiplier\"][0]}}},\r\n\t\"BF2.Frequency\":{\"Val\":{{data[\"BF2.Frequency\"][0]}}},\r\n\t\"BF2.PowerFactor\":{\"Val\":{{data[\"BF2.PowerFactor\"][0]}}},\r\n\t\"BF2.ReactivePower\":{\"Val\":{{data[\"BF2.ReactivePower\"][0]}}},\r\n\t\"BF2.RealPower\":{\"Val\":{{data[\"BF2.RealPower\"][0]}}},\r\n\t\r\n\t\"BF3.A_Current\":{\"Val\":{{data[\"BF3.A_Current\"][0]}}},\r\n\t\"BF3.A_N_Voltage\":{\"Val\":{{data[\"BF3.A_N_Voltage\"][0]}}},\r\n\t\"BF3.B_Current\":{\"Val\":{{data[\"BF3.B_Current\"][0]}}},\r\n\t\"BF3.B_N_Voltage\":{\"Val\":{{data[\"BF3.B_N_Voltage\"][0]}}},\r\n\t\"BF3.C_Current\":{\"Val\":{{data[\"BF3.C_Current\"][0]}}},\r\n\t\"BF3.C_N_Voltage\":{\"Val\":{{data[\"BF3.C_N_Voltage\"][0]}}},\r\n\t\"BF3.EnergyMultiplier\":{\"Val\":{{data[\"BF3.EnergyMultiplier\"][0]}}},\r\n\t\"BF3.Frequency\":{\"Val\":{{data[\"BF3.Frequency\"][0]}}},\r\n\t\"BF3.PowerFactor\":{\"Val\":{{data[\"BF3.PowerFactor\"][0]}}},\r\n\t\"BF3.ReactivePower\":{\"Val\":{{data[\"BF3.ReactivePower\"][0]}}},\r\n\t\"BF3.RealPower\":{\"Val\":{{data[\"BF3.RealPower\"][0]}}},\r\n\t\r\n\t\"BF4.A_Current\":{\"Val\":{{data[\"BF4.A_Current\"][0]}}},\r\n\t\"BF4.A_N_Voltage\":{\"Val\":{{data[\"BF4.A_N_Voltage\"][0]}}},\r\n\t\"BF4.B_Current\":{\"Val\":{{data[\"BF4.B_Current\"][0]}}},\r\n\t\"BF4.B_N_Voltage\":{\"Val\":{{data[\"BF4.B_N_Voltage\"][0]}}},\r\n\t\"BF4.C_Current\":{\"Val\":{{data[\"BF4.C_Current\"][0]}}},\r\n\t\"BF4.C_N_Voltage\":{\"Val\":{{data[\"BF4.C_N_Voltage\"][0]}}},\r\n\t\"BF4.EnergyMultiplier\":{\"Val\":{{data[\"BF4.EnergyMultiplier\"][0]}}},\r\n\t\"BF4.Frequency\":{\"Val\":{{data[\"BF4.Frequency\"][0]}}},\r\n\t\"BF4.PowerFactor\":{\"Val\":{{data[\"BF4.PowerFactor\"][0]}}},\r\n\t\"BF4.ReactivePower\":{\"Val\":{{data[\"BF4.ReactivePower\"][0]}}},\r\n\t\"BF4.RealPower\":{\"Val\":{{data[\"BF4.RealPower\"][0]}}},\r\n\t\r\n\t\"CBT.A_Current\":{\"Val\":{{data[\"CBT.A_Current\"][0]}}},\r\n\t\"CBT.A_N_Voltage\":{\"Val\":{{data[\"CBT.A_N_Voltage\"][0]}}},\r\n\t\"CBT.B_Current\":{\"Val\":{{data[\"CBT.B_Current\"][0]}}},\r\n\t\"CBT.B_N_Voltage\":{\"Val\":{{data[\"CBT.B_N_Voltage\"][0]}}},\r\n\t\"CBT.C_Current\":{\"Val\":{{data[\"CBT.C_Current\"][0]}}},\r\n\t\"CBT.C_N_Voltage\":{\"Val\":{{data[\"CBT.C_N_Voltage\"][0]}}},\r\n\t\"CBT.EnergyMultiplier\":{\"Val\":{{data[\"CBT.EnergyMultiplier\"][0]}}},\r\n\t\"CBT.Frequency\":{\"Val\":{{data[\"CBT.Frequency\"][0]}}},\r\n\t\"CBT.PowerFactor\":{\"Val\":{{data[\"CBT.PowerFactor\"][0]}}},\r\n\t\"CBT.ReactivePower\":{\"Val\":{{data[\"CBT.ReactivePower\"][0]}}},\r\n\t\"CBT.RealPower\":{\"Val\":{{data[\"CBT.RealPower\"][0]}}},\r\n\t\r\n\t\"CDT.A_Current\":{\"Val\":{{data[\"CDT.A_Current\"][0]}}},\r\n\t\"CDT.A_N_Voltage\":{\"Val\":{{data[\"CDT.A_N_Voltage\"][0]}}},\r\n\t\"CDT.B_Current\":{\"Val\":{{data[\"CDT.B_Current\"][0]}}},\r\n\t\"CDT.B_N_Voltage\":{\"Val\":{{data[\"CDT.B_N_Voltage\"][0]}}},\r\n\t\"CDT.C_Current\":{\"Val\":{{data[\"CDT.C_Current\"][0]}}},\r\n\t\"CDT.C_N_Voltage\":{\"Val\":{{data[\"CDT.C_N_Voltage\"][0]}}},\r\n\t\"CDT.EnergyMultiplier\":{\"Val\":{{data[\"CDT.EnergyMultiplier\"][0]}}},\r\n\t\"CDT.Frequency\":{\"Val\":{{data[\"CDT.Frequency\"][0]}}},\r\n\t\"CDT.PowerFactor\":{\"Val\":{{data[\"CDT.PowerFactor\"][0]}}},\r\n\t\"CDT.ReactivePower\":{\"Val\":{{data[\"CDT.ReactivePower\"][0]}}},\r\n\t\"CDT.RealPower\":{\"Val\":{{data[\"CDT.RealPower\"][0]}}},\r\n\t\r\n\t\"CF1.A_Current\":{\"Val\":{{data[\"CF1.A_Current\"][0]}}},\r\n\t\"CF1.A_N_Voltage\":{\"Val\":{{data[\"CF1.A_N_Voltage\"][0]}}},\r\n\t\"CF1.B_Current\":{\"Val\":{{data[\"CF1.B_Current\"][0]}}},\r\n\t\"CF1.B_N_Voltage\":{\"Val\":{{data[\"CF1.B_N_Voltage\"][0]}}},\r\n\t\"CF1.C_Current\":{\"Val\":{{data[\"CF1.C_Current\"][0]}}},\r\n\t\"CF1.C_N_Voltage\":{\"Val\":{{data[\"CF1.C_N_Voltage\"][0]}}},\r\n\t\"CF1.EnergyMultiplier\":{\"Val\":{{data[\"CF1.EnergyMultiplier\"][0]}}},\r\n\t\"CF1.Frequency\":{\"Val\":{{data[\"CF1.Frequency\"][0]}}},\r\n\t\"CF1.PowerFactor\":{\"Val\":{{data[\"CF1.PowerFactor\"][0]}}},\r\n\t\"CF1.ReactivePower\":{\"Val\":{{data[\"CF1.ReactivePower\"][0]}}},\r\n\t\"CF1.RealPower\":{\"Val\":{{data[\"CF1.RealPower\"][0]}}},\r\n\t\r\n\t\"CF2.A_Current\":{\"Val\":{{data[\"CF2.A_Current\"][0]}}},\r\n\t\"CF2.A_N_Voltage\":{\"Val\":{{data[\"CF2.A_N_Voltage\"][0]}}},\r\n\t\"CF2.B_Current\":{\"Val\":{{data[\"CF2.B_Current\"][0]}}},\r\n\t\"CF2.B_N_Voltage\":{\"Val\":{{data[\"CF2.B_N_Voltage\"][0]}}},\r\n\t\"CF2.C_Current\":{\"Val\":{{data[\"CF2.C_Current\"][0]}}},\r\n\t\"CF2.C_N_Voltage\":{\"Val\":{{data[\"CF2.C_N_Voltage\"][0]}}},\r\n\t\"CF2.EnergyMultiplier\":{\"Val\":{{data[\"CF2.EnergyMultiplier\"][0]}}},\r\n\t\"CF2.Frequency\":{\"Val\":{{data[\"CF2.Frequency\"][0]}}},\r\n\t\"CF2.PowerFactor\":{\"Val\":{{data[\"CF2.PowerFactor\"][0]}}},\r\n\t\"CF2.ReactivePower\":{\"Val\":{{data[\"CF2.ReactivePower\"][0]}}},\r\n\t\"CF2.RealPower\":{\"Val\":{{data[\"CF2.RealPower\"][0]}}},\r\n\t\r\n\t\"CF3.A_Current\":{\"Val\":{{data[\"CF3.A_Current\"][0]}}},\r\n\t\"CF3.A_N_Voltage\":{\"Val\":{{data[\"CF3.A_N_Voltage\"][0]}}},\r\n\t\"CF3.B_Current\":{\"Val\":{{data[\"CF3.B_Current\"][0]}}},\r\n\t\"CF3.B_N_Voltage\":{\"Val\":{{data[\"CF3.B_N_Voltage\"][0]}}},\r\n\t\"CF3.C_Current\":{\"Val\":{{data[\"CF3.C_Current\"][0]}}},\r\n\t\"CF3.C_N_Voltage\":{\"Val\":{{data[\"CF3.C_N_Voltage\"][0]}}},\r\n\t\"CF3.EnergyMultiplier\":{\"Val\":{{data[\"CF3.EnergyMultiplier\"][0]}}},\r\n\t\"CF3.Frequency\":{\"Val\":{{data[\"CF3.Frequency\"][0]}}},\r\n\t\"CF3.PowerFactor\":{\"Val\":{{data[\"CF3.PowerFactor\"][0]}}},\r\n\t\"CF3.ReactivePower\":{\"Val\":{{data[\"CF3.ReactivePower\"][0]}}},\r\n\t\"CF3.RealPower\":{\"Val\":{{data[\"CF3.RealPower\"][0]}}},\r\n\t\r\n\t\"CSP.A_Current\":{\"Val\":{{data[\"CSP.A_Current\"][0]}}},\r\n\t\"CSP.A_N_Voltage\":{\"Val\":{{data[\"CSP.A_N_Voltage\"][0]}}},\r\n\t\"CSP.B_Current\":{\"Val\":{{data[\"CSP.B_Current\"][0]}}},\r\n\t\"CSP.B_N_Voltage\":{\"Val\":{{data[\"CSP.B_N_Voltage\"][0]}}},\r\n\t\"CSP.C_Current\":{\"Val\":{{data[\"CSP.C_Current\"][0]}}},\r\n\t\"CSP.C_N_Voltage\":{\"Val\":{{data[\"CSP.C_N_Voltage\"][0]}}},\r\n\t\"CSP.EnergyMultiplier\":{\"Val\":{{data[\"CSP.EnergyMultiplier\"][0]}}},\r\n\t\"CSP.Frequency\":{\"Val\":{{data[\"CSP.Frequency\"][0]}}},\r\n\t\"CSP.PowerFactor\":{\"Val\":{{data[\"CSP.PowerFactor\"][0]}}},\r\n\t\"CSP.ReactivePower\":{\"Val\":{{data[\"CSP.ReactivePower\"][0]}}},\r\n\t\"CSP.RealPower\":{\"Val\":{{data[\"CSP.RealPower\"][0]}}},\r\n\t\r\n\t\"DCT.A_Current\":{\"Val\":{{data[\"DCT.A_Current\"][0]}}},\r\n\t\"DCT.A_N_Voltage\":{\"Val\":{{data[\"DCT.A_N_Voltage\"][0]}}},\r\n\t\"DCT.B_Current\":{\"Val\":{{data[\"DCT.B_Current\"][0]}}},\r\n\t\"DCT.B_N_Voltage\":{\"Val\":{{data[\"DCT.B_N_Voltage\"][0]}}},\r\n\t\"DCT.C_Current\":{\"Val\":{{data[\"DCT.C_Current\"][0]}}},\r\n\t\"DCT.C_N_Voltage\":{\"Val\":{{data[\"DCT.C_N_Voltage\"][0]}}},\r\n\t\"DCT.EnergyMultiplier\":{\"Val\":{{data[\"DCT.EnergyMultiplier\"][0]}}},\r\n\t\"DCT.Frequency\":{\"Val\":{{data[\"DCT.Frequency\"][0]}}},\r\n\t\"DCT.PowerFactor\":{\"Val\":{{data[\"DCT.PowerFactor\"][0]}}},\r\n\t\"DCT.ReactivePower\":{\"Val\":{{data[\"DCT.ReactivePower\"][0]}}},\r\n\t\"DCT.RealPower\":{\"Val\":{{data[\"DCT.RealPower\"][0]}}},\r\n\t\r\n\t\"DF1.A_Current\":{\"Val\":{{data[\"DF1.A_Current\"][0]}}},\r\n\t\"DF1.A_N_Voltage\":{\"Val\":{{data[\"DF1.A_N_Voltage\"][0]}}},\r\n\t\"DF1.B_Current\":{\"Val\":{{data[\"DF1.B_Current\"][0]}}},\r\n\t\"DF1.B_N_Voltage\":{\"Val\":{{data[\"DF1.B_N_Voltage\"][0]}}},\r\n\t\"DF1.C_Current\":{\"Val\":{{data[\"DF1.C_Current\"][0]}}},\r\n\t\"DF1.C_N_Voltage\":{\"Val\":{{data[\"DF1.C_N_Voltage\"][0]}}},\r\n\t\"DF1.EnergyMultiplier\":{\"Val\":{{data[\"DF1.EnergyMultiplier\"][0]}}},\r\n\t\"DF1.Frequency\":{\"Val\":{{data[\"DF1.Frequency\"][0]}}},\r\n\t\"DF1.PowerFactor\":{\"Val\":{{data[\"DF1.PowerFactor\"][0]}}},\r\n\t\"DF1.ReactivePower\":{\"Val\":{{data[\"DF1.ReactivePower\"][0]}}},\r\n\t\"DF1.RealPower\":{\"Val\":{{data[\"DF1.RealPower\"][0]}}},\r\n\t\r\n\t\"DF2.A_Current\":{\"Val\":{{data[\"DF2.A_Current\"][0]}}},\r\n\t\"DF2.A_N_Voltage\":{\"Val\":{{data[\"DF2.A_N_Voltage\"][0]}}},\r\n\t\"DF2.B_Current\":{\"Val\":{{data[\"DF2.B_Current\"][0]}}},\r\n\t\"DF2.B_N_Voltage\":{\"Val\":{{data[\"DF2.B_N_Voltage\"][0]}}},\r\n\t\"DF2.C_Current\":{\"Val\":{{data[\"DF2.C_Current\"][0]}}},\r\n\t\"DF2.C_N_Voltage\":{\"Val\":{{data[\"DF2.C_N_Voltage\"][0]}}},\r\n\t\"DF2.EnergyMultiplier\":{\"Val\":{{data[\"DF2.EnergyMultiplier\"][0]}}},\r\n\t\"DF2.Frequency\":{\"Val\":{{data[\"DF2.Frequency\"][0]}}},\r\n\t\"DF2.PowerFactor\":{\"Val\":{{data[\"DF2.PowerFactor\"][0]}}},\r\n\t\"DF2.ReactivePower\":{\"Val\":{{data[\"DF2.ReactivePower\"][0]}}},\r\n\t\"DF2.RealPower\":{\"Val\":{{data[\"DF2.RealPower\"][0]}}},\r\n\t\r\n\t\"DF3.A_Current\":{\"Val\":{{data[\"DF3.A_Current\"][0]}}},\r\n\t\"DF3.A_N_Voltage\":{\"Val\":{{data[\"DF3.A_N_Voltage\"][0]}}},\r\n\t\"DF3.B_Current\":{\"Val\":{{data[\"DF3.B_Current\"][0]}}},\r\n\t\"DF3.B_N_Voltage\":{\"Val\":{{data[\"DF3.B_N_Voltage\"][0]}}},\r\n\t\"DF3.C_Current\":{\"Val\":{{data[\"DF3.C_Current\"][0]}}},\r\n\t\"DF3.C_N_Voltage\":{\"Val\":{{data[\"DF3.C_N_Voltage\"][0]}}},\r\n\t\"DF3.EnergyMultiplier\":{\"Val\":{{data[\"DF3.EnergyMultiplier\"][0]}}},\r\n\t\"DF3.Frequency\":{\"Val\":{{data[\"DF3.Frequency\"][0]}}},\r\n\t\"DF3.PowerFactor\":{\"Val\":{{data[\"DF3.PowerFactor\"][0]}}},\r\n\t\"DF3.ReactivePower\":{\"Val\":{{data[\"DF3.ReactivePower\"][0]}}},\r\n\t\"DF3.RealPower\":{\"Val\":{{data[\"DF3.RealPower\"][0]}}},\r\n\t\r\n\t\"DF4.A_Current\":{\"Val\":{{data[\"DF4.A_Current\"][0]}}},\r\n\t\"DF4.A_N_Voltage\":{\"Val\":{{data[\"DF4.A_N_Voltage\"][0]}}},\r\n\t\"DF4.B_Current\":{\"Val\":{{data[\"DF4.B_Current\"][0]}}},\r\n\t\"DF4.B_N_Voltage\":{\"Val\":{{data[\"DF4.B_N_Voltage\"][0]}}},\r\n\t\"DF4.C_Current\":{\"Val\":{{data[\"DF4.C_Current\"][0]}}},\r\n\t\"DF4.C_N_Voltage\":{\"Val\":{{data[\"DF4.C_N_Voltage\"][0]}}},\r\n\t\"DF4.EnergyMultiplier\":{\"Val\":{{data[\"DF4.EnergyMultiplier\"][0]}}},\r\n\t\"DF4.Frequency\":{\"Val\":{{data[\"DF4.Frequency\"][0]}}},\r\n\t\"DF4.PowerFactor\":{\"Val\":{{data[\"DF4.PowerFactor\"][0]}}},\r\n\t\"DF4.ReactivePower\":{\"Val\":{{data[\"DF4.ReactivePower\"][0]}}},\r\n\t\"DF4.RealPower\":{\"Val\":{{data[\"DF4.RealPower\"][0]}}},\r\n\t\r\n\t\"DSP.A_Current\":{\"Val\":{{data[\"DSP.A_Current\"][0]}}},\r\n\t\"DSP.A_N_Voltage\":{\"Val\":{{data[\"DSP.A_N_Voltage\"][0]}}},\r\n\t\"DSP.B_Current\":{\"Val\":{{data[\"DSP.B_Current\"][0]}}},\r\n\t\"DSP.B_N_Voltage\":{\"Val\":{{data[\"DSP.B_N_Voltage\"][0]}}},\r\n\t\"DSP.C_Current\":{\"Val\":{{data[\"DSP.C_Current\"][0]}}},\r\n\t\"DSP.C_N_Voltage\":{\"Val\":{{data[\"DSP.C_N_Voltage\"][0]}}},\r\n\t\"DSP.EnergyMultiplier\":{\"Val\":{{data[\"DSP.EnergyMultiplier\"][0]}}},\r\n\t\"DSP.Frequency\":{\"Val\":{{data[\"DSP.Frequency\"][0]}}},\r\n\t\"DSP.PowerFactor\":{\"Val\":{{data[\"DSP.PowerFactor\"][0]}}},\r\n\t\"DSP.ReactivePower\":{\"Val\":{{data[\"DSP.ReactivePower\"][0]}}},\r\n\t\"DSP.RealPower\":{\"Val\":{{data[\"DSP.RealPower\"][0]}}},\r\n\t\r\n\t\"KPL.A_Current\":{\"Val\":{{data[\"KPL.A_Current\"][0]}}},\r\n\t\"KPL.A_N_Voltage\":{\"Val\":{{data[\"KPL.A_N_Voltage\"][0]}}},\r\n\t\"KPL.B_Current\":{\"Val\":{{data[\"KPL.B_Current\"][0]}}},\r\n\t\"KPL.B_N_Voltage\":{\"Val\":{{data[\"KPL.B_N_Voltage\"][0]}}},\r\n\t\"KPL.C_Current\":{\"Val\":{{data[\"KPL.C_Current\"][0]}}},\r\n\t\"KPL.C_N_Voltage\":{\"Val\":{{data[\"KPL.C_N_Voltage\"][0]}}},\r\n\t\"KPL.EnergyMultiplier\":{\"Val\":{{data[\"KPL.EnergyMultiplier\"][0]}}},\r\n\t\"KPL.Frequency\":{\"Val\":{{data[\"KPL.Frequency\"][0]}}},\r\n\t\"KPL.PowerFactor\":{\"Val\":{{data[\"KPL.PowerFactor\"][0]}}},\r\n\t\"KPL.ReactivePower\":{\"Val\":{{data[\"KPL.ReactivePower\"][0]}}},\r\n\t\"KPL.RealPower\":{\"Val\":{{data[\"KPL.RealPower\"][0]}}}\r\n\t\r\n}"},{"key":"qualityOfService","value":"at-least-once"},{"key":"resource","value":"0936ea23-0ed3-43ec-a60e-c6119bd11d69"},{"key":"retain","value":"false"},{"key":"subscriptionIdentifier","value":"0"},{"key":"topic","value":"devices/802/messages/events/"}],"metadata":[{"key":"$in:schemaType","value":"2"},{"key":"$out:selectors:0:schemaType","value":"1"},{"key":"$out:selectors:0:selector","value":"0"},{"key":"$out:selectors:1:fields:0:name","value":"ReasonCode"},{"key":"$out:selectors:1:fields:0:type","value":"7"},{"key":"$out:selectors:1:fields:1:name","value":"ReasonString"},{"key":"$out:selectors:1:fields:1:type","value":"13"},{"key":"$out:selectors:1:fields:2:name","value":"PacketIdentifier"},{"key":"$out:selectors:1:fields:2:type","value":"4"},{"key":"$out:selectors:1:schemaType","value":"0"},{"key":"$out:selectors:1:selector","value":"1"},{"key":"name","value":"MQTT Publish Topic"},{"key":"x","value":"325"},{"key":"y","value":"150"}]}],"pipes":[{"id":"04dee61e-273b-4fb7-84a9-80a2b46da4b7","sourceId":"5040edfd-e633-4b46-94e8-2d75716883ba","sinkId":"2a0b9709-d117-489f-a7aa-87fa2eb41162","selector":-1},{"id":"17796140-0778-494d-ad4a-83becd0894e3","sourceId":"cfa710f6-a70e-4058-8201-ea9065fc1b84","sinkId":"2b708711-fd4a-4426-9a9e-a1893631cd9d","selector":1},{"id":"18c80769-3e65-421a-ba54-dae32bc4ed4f","sourceId":"cfa710f6-a70e-4058-8201-ea9065fc1b84","sinkId":"204a3674-d540-4d42-98df-885a0232bf65","selector":0},{"id":"226a59f8-afda-4178-81c4-662a1fc8576b","sourceId":"b9e50eb3-aac4-4f9f-a577-833c99e58664","sinkId":"cfa710f6-a70e-4058-8201-ea9065fc1b84","selector":0},{"id":"28918715-e295-4577-843b-b8e6660be83d","sourceId":"4272f0d2-dc24-4f05-ae9b-19589f782784","sinkId":"5347ac64-52d5-48ac-8398-cc739e608a84","selector":0},{"id":"56262668-8154-4aa3-bc8c-5ff8c8f03bdc","sourceId":"5347ac64-52d5-48ac-8398-cc739e608a84","sinkId":"b9e50eb3-aac4-4f9f-a577-833c99e58664","selector":0},{"id":"ad30cbee-7dd9-41d0-8367-8f419ef392fd","sourceId":"c71f815d-c559-4b4b-bfee-e9e4e20a79fc","sinkId":"5040edfd-e633-4b46-94e8-2d75716883ba","selector":-1},{"id":"b4c5a7b1-1686-457a-9f27-6b9fe08ed7da","sourceId":"2a0b9709-d117-489f-a7aa-87fa2eb41162","sinkId":"4272f0d2-dc24-4f05-ae9b-19589f782784","selector":0}],"id":"8fa0e412-a918-4477-bc4c-f5a65366f3cd","dateCreated":"2024-03-04T19:07:05.013168","dateLastModified":"2024-03-18T20:13:55.6384773"}],"pipelineJobs":[]}