{"version":1,"request":{"fileName":"flow-slowupdatesPowerdistCnm-20240502-155920.json","pipelineIds":["9f06418f-0b7a-450f-b3b9-4fea664e5721"]},"dashboards":[],"resources":[],"pipelines":[{"entryPointId":"30cc9482-9c92-4ccc-b120-e86a11500973","dateLastExecuted":"2024-04-02T15:54:24.2174307","metadata":[{"key":"description","value":"Values with slow update time"},{"key":"name","value":"SlowUpdates-PowerDist (CNM)"}],"operators":[{"id":"30cc9482-9c92-4ccc-b120-e86a11500973","pipelineTopologyId":"9f06418f-0b7a-450f-b3b9-4fea664e5721","kind":"std/forward","configuration":[],"metadata":[{"key":"name","value":"Entry Point"},{"key":"x","value":"-125"},{"key":"y","value":"-250"}]},{"id":"550616db-549d-40a5-84ee-dcd01be76dc5","pipelineTopologyId":"9f06418f-0b7a-450f-b3b9-4fea664e5721","kind":"std/log","configuration":[{"key":"level","value":"error"},{"key":"template","value":"InfluxDB write error. Response code: HTTP {{data[\"StatusCode\"][0]}}"}],"metadata":[{"key":"$in:schemaType","value":"2"},{"key":"name","value":"Error - InfluxDB API"},{"key":"x","value":"1625"},{"key":"y","value":"-250"}]},{"id":"63eeda9f-c507-4a04-9889-b2881b9d7dcf","pipelineTopologyId":"9f06418f-0b7a-450f-b3b9-4fea664e5721","kind":"std/log","configuration":[{"key":"level","value":"error"},{"key":"template","value":"HTTP Error"}],"metadata":[{"key":"$in:schemaType","value":"2"},{"key":"name","value":"Error - HTTP"},{"key":"x","value":"1375"},{"key":"y","value":"-375"}]},{"id":"a4095870-a90a-4106-939c-227827994a27","pipelineTopologyId":"9f06418f-0b7a-450f-b3b9-4fea664e5721","kind":"script/execute","configuration":[{"key":"definition:engine","value":"csharp"},{"key":"definition:filesystem:allow","value":"false"},{"key":"definition:id","value":"2b5328db-b4fe-47dd-8949-7ecb52476ab7"},{"key":"definition:location","value":"inline"},{"key":"definition:network:allow","value":"false"},{"key":"definition:runtime:background","value":"false"},{"key":"definition:runtime:debug","value":"false"},{"key":"definition:runtime:maxExecutionTime","value":"0"},{"key":"definition:source","value":"using Dynics.Arrow;\n\npublic class Script\n{\n    private static readonly string nameColumn = \"Name\";\n    private static readonly string timestampColumn = \"Timestamp\";\n    private static readonly List<string> powerMonitors = new List<string>(){\n        \"KPL\",\n        \"DSP\",\n        \"DG2\",\n        \"DG3\",\n        \"DG4\",\n        \"DG5\",\n        \"DG6\",\n        \"DF1\",\n        \"DF2\",\n        \"DF3\",\n        \"DF4\",\n        \"DCT\",\n        \"CSP\",\n        \"CG7\",\n        \"CG12\",\n        \"CF1\",\n        \"CF2\",\n        \"CF3\",\n        \"CDT\",\n        \"CBT\",\n        \"BG8\",\n        \"BG9\",\n        \"BG10\",\n        \"BG11\",\n        \"BF1\",\n        \"BF2\",\n        \"BF3\",\n        \"BF4\",\n        \"BCT\"\n        };\n\n    public static async Task ExecuteAsync(IScriptContext context, RecordBatch recordBatch, CancellationToken cancellationToken)\n    {\n        // Get timestamp\n        var tsColumn = recordBatch.Column(timestampColumn) as TimestampArray;\n        long? timestamp = tsColumn.GetValue(0); // In Unix Milliseconds\n        \n        // New record builder\n        var builder = new RecordBatch.Builder();\n\n        // For each listed power monitor\n        foreach (string monitor in powerMonitors)\n        {\n            // Clear the record builder\n            builder.Clear();\n\n            // Add record name\n            builder.Append<StringArray>(nameColumn,false,x=> x.String(s=>s.Append(monitor)));\n\n            // Search all recordBatch fields\n            foreach (KeyValuePair<string, Field> fieldKvPair in recordBatch.Schema.Fields)\n            {\n                var field = fieldKvPair.Value;\n                var columnName = field.Name;\n\n                // Check if field name matched monitor\n                if (columnName.StartsWith(monitor + \".\"))\n                {\n                    // Add field to new record\n                    var newField = new Field(columnName.Substring((monitor + \".\").Length), \n                        field.DataType, field.IsNullable, field.Metadata);\n                    var array = recordBatch.Column(columnName);\n                    builder.Append(newField, array);\n                }\n            }\n            // Add the timestamp\n            builder.Append<StringArray>(timestampColumn,false,x=> x.String(s=>s.Append(timestamp.ToString())));\n\n            // Emit the result\n            await context.EmitAsync(builder.Build());\n        }\n    }\n}"}],"metadata":[{"key":"$in:schemaType","value":"1"},{"key":"name","value":"Separate Datasets"},{"key":"x","value":"875"},{"key":"y","value":"-250"}]},{"id":"a75fcd7d-9116-44e0-a098-3d605bb1e00b","pipelineTopologyId":"9f06418f-0b7a-450f-b3b9-4fea664e5721","kind":"std/log","configuration":[{"key":"level","value":"error"},{"key":"template","value":"PLC Read Error"}],"metadata":[{"key":"$in:schemaType","value":"2"},{"key":"name","value":"Error - PLC Read"},{"key":"x","value":"625"},{"key":"y","value":"-375"}]},{"id":"b66d9c8d-04ca-4373-8bea-824436d8604b","pipelineTopologyId":"9f06418f-0b7a-450f-b3b9-4fea664e5721","kind":"plc/read","configuration":[{"key":"$version","value":"1"},{"key":"ids:0","value":"45e3a4f5-f5b7-4a66-9e5e-d1d6aee91b3d"},{"key":"ids:1","value":"468aaafb-98a6-470b-8645-1f3dddfa9a77"},{"key":"ids:10","value":"362583dd-c912-4b1a-90fb-fd51ab8ef08e"},{"key":"ids:100","value":"729964b5-d4d0-4505-8a79-8d35a3b5fdaf"},{"key":"ids:101","value":"ff07f8be-eabb-4183-b44f-6ed117aa43a8"},{"key":"ids:102","value":"2f22c64b-fd74-4668-8986-4b4b88359166"},{"key":"ids:103","value":"047885b5-35c8-4c76-a460-d1e376b52d38"},{"key":"ids:104","value":"4716aee3-3da2-4698-b4b5-d8f4f0082a0d"},{"key":"ids:105","value":"390b3583-cd6c-48db-8f0d-b409af07cd40"},{"key":"ids:106","value":"65f99f05-fda7-48ee-aa92-890390d426f7"},{"key":"ids:107","value":"8eabfa59-c7d2-4a69-bef8-faaa9e44d992"},{"key":"ids:108","value":"119853d4-14f9-45b1-85ae-1f3b5277efa5"},{"key":"ids:109","value":"96188caa-8306-4c8a-989d-66cbe1a0040a"},{"key":"ids:11","value":"e233ff1a-d2bc-4d60-b4e3-7f05e3756802"},{"key":"ids:110","value":"99fbd86f-090a-45b6-8656-99df10922260"},{"key":"ids:111","value":"8b2b7d50-7076-40d2-8e9d-3eacc1c0965f"},{"key":"ids:112","value":"4c36d85d-89dd-43cc-9142-bbb5af3dcbdf"},{"key":"ids:113","value":"cc9c5cf4-6bd2-458b-938d-9d3924a932b4"},{"key":"ids:114","value":"8977e18d-274c-44bb-89bd-22066ed6b15b"},{"key":"ids:115","value":"bd120eb9-c9c7-49f4-a616-915896eaf16c"},{"key":"ids:116","value":"6e477b12-b556-45e2-9e84-a68cde63fcc9"},{"key":"ids:117","value":"a179cc24-3adc-4a41-bf64-965fe83d987a"},{"key":"ids:118","value":"77f4660e-1723-47af-a042-1e7fbc61f6bc"},{"key":"ids:119","value":"8048a046-951d-42bf-acc1-210b0b350d52"},{"key":"ids:12","value":"f950864c-8dd2-4ae2-9d12-a24dac92584b"},{"key":"ids:120","value":"16666f99-5499-4cc7-9376-ac6a8e545715"},{"key":"ids:121","value":"c11d4d5f-8a3f-4ddd-9132-f2a42166019b"},{"key":"ids:122","value":"bc4ecf03-bc62-41a7-bbe2-7f5ddfe13b4c"},{"key":"ids:123","value":"9b44b718-984d-48d8-a3e2-9e9b5cd5c11c"},{"key":"ids:124","value":"844a9c97-4d92-46e7-96d5-cc79b4521c33"},{"key":"ids:125","value":"bf69ae90-1928-49ed-8f54-2df19354c8f5"},{"key":"ids:126","value":"1dd6ff65-451c-4d03-9747-3c331918b44b"},{"key":"ids:127","value":"cea897fa-12d5-4d60-8b56-d6d49278d4d5"},{"key":"ids:128","value":"1b586f65-dc67-4fe8-ba97-b4dbbe6acc91"},{"key":"ids:129","value":"e4b4804b-bc0a-4bec-8d72-e4dd1ae4112e"},{"key":"ids:13","value":"0e085355-1403-4898-b6f1-5a6ee2a7a070"},{"key":"ids:130","value":"d934357c-044f-4a8b-858b-dd2876b6c936"},{"key":"ids:131","value":"6b995a67-c263-4909-ada5-811ac60e2b4a"},{"key":"ids:132","value":"73ba5945-c16e-44a4-8a34-82108d4d9fd5"},{"key":"ids:133","value":"6e439c56-5a50-464a-b35b-704498cdafe9"},{"key":"ids:134","value":"379e9fe7-a332-46b6-a30f-4890aa826556"},{"key":"ids:135","value":"ede37a53-1896-474c-aa5d-8acfb75af8dd"},{"key":"ids:136","value":"d46d6df7-7156-4886-800d-48017552211a"},{"key":"ids:137","value":"827dcc7b-070b-4711-bd48-67360e81d872"},{"key":"ids:138","value":"184c2d15-0605-400f-bf17-a05962428a70"},{"key":"ids:139","value":"d248ea0b-dfc6-4977-a18c-2a4dc34e8b01"},{"key":"ids:14","value":"7172cefb-6ce9-48d5-92bb-89b473d22b3a"},{"key":"ids:140","value":"78c90539-3507-49c2-aa49-76ede5f2679c"},{"key":"ids:141","value":"f989f6d4-33bb-4851-bfb4-0cbee84a2439"},{"key":"ids:142","value":"81e6f110-b238-49e6-8e10-1ff4e6b60d69"},{"key":"ids:143","value":"bdbbdd92-ee4d-431e-86c8-32799391ac6e"},{"key":"ids:144","value":"c5ed3476-8303-4ae7-ab80-80e07ba689bf"},{"key":"ids:145","value":"bf1378ae-cc02-4e0f-a8f0-afcf58426b0d"},{"key":"ids:146","value":"f92d0e2b-ebb3-4269-9f92-8c69831accde"},{"key":"ids:147","value":"1b2377ce-4259-4284-ab13-5c6226ac88bd"},{"key":"ids:148","value":"fe01ad0b-eb60-4351-8359-94febb05c9fd"},{"key":"ids:149","value":"6289c753-af9a-4636-8737-45ba9d717a60"},{"key":"ids:15","value":"40d00a02-ae62-48f6-adb2-c06a527625e6"},{"key":"ids:150","value":"26c851fc-35b7-4f0d-8644-cb0fdbcbf9ce"},{"key":"ids:151","value":"c3af3724-176f-42bc-806a-ef5f2e70edbb"},{"key":"ids:152","value":"d6f82774-2979-4d12-80b3-bb4bdd21e86f"},{"key":"ids:153","value":"dd8f26e4-f3f9-4685-855f-36cff305a822"},{"key":"ids:154","value":"ab135344-fad1-4872-9a45-e4e10633e1a9"},{"key":"ids:155","value":"009c78f0-089d-4ff8-ab0f-9c322d5d8c61"},{"key":"ids:156","value":"5c71b5cd-a49c-4e85-a901-9e3bd70c1ef9"},{"key":"ids:157","value":"65f20de7-e975-4421-8794-b5495b5763a9"},{"key":"ids:158","value":"824eba5e-f40a-4151-986a-3865e2627979"},{"key":"ids:159","value":"9b531e9f-2317-401c-b325-82a7597e98be"},{"key":"ids:16","value":"1d0caf83-9f91-4e22-822b-489443005deb"},{"key":"ids:160","value":"8941765f-61d1-4265-9916-66d0dc4da017"},{"key":"ids:161","value":"929b74d4-a56d-42ba-866a-e1d57b9bd1e9"},{"key":"ids:162","value":"9a9525b6-1a95-4c0f-9b79-8d426c02cfc7"},{"key":"ids:163","value":"345bbe60-149e-457e-b170-b5963aaa6a6b"},{"key":"ids:164","value":"f463e5a9-4952-4d1a-bcbf-8b1dd59a6205"},{"key":"ids:165","value":"ea9a618d-d91f-4cf6-a06e-75ea4d2554a0"},{"key":"ids:166","value":"d5f31773-f795-4747-8ea1-dc7772b6ab0b"},{"key":"ids:167","value":"0f2eb845-f8f0-436c-9223-2fec9c2a4f24"},{"key":"ids:168","value":"04b6edf5-0074-4db2-992d-fc4f4c9c64fb"},{"key":"ids:169","value":"e5a65180-4b45-4ff1-90cf-e28d4d72a4db"},{"key":"ids:17","value":"f56ebbbb-ae38-419e-aa29-0168e0a0cf51"},{"key":"ids:170","value":"d3c8d8be-e87a-464e-ae17-2a7c8a7afe4b"},{"key":"ids:171","value":"21340d14-c1ef-49f2-a842-107b98e29e8f"},{"key":"ids:172","value":"59220079-ee02-401a-b91b-4a15dbeb6c2e"},{"key":"ids:173","value":"7f80c329-22ce-4313-b5c0-0262206454f5"},{"key":"ids:174","value":"85f1210f-af67-4c67-b42a-4fdecdaaa5dc"},{"key":"ids:175","value":"bf9bc1de-bd41-463f-90ab-60d60a8bfb2a"},{"key":"ids:176","value":"22dcacd8-8af5-4743-84d2-66ad7283a14e"},{"key":"ids:177","value":"bcb9d90f-13a7-4feb-9457-e3bb13b0b236"},{"key":"ids:178","value":"4d096f93-1147-4d30-a962-fe103464e244"},{"key":"ids:179","value":"9333cd9a-f8bd-4621-ad10-3a6540ab0807"},{"key":"ids:18","value":"bc8604eb-8f0c-495d-9d26-e6c697ffd9de"},{"key":"ids:180","value":"ea73407c-4b97-4516-9451-325937fe38c3"},{"key":"ids:181","value":"5fdee580-b3ab-4a4f-a3b4-6867af3fc9bb"},{"key":"ids:182","value":"db7ff2e0-66d6-4e1a-9eb9-878456cf9dee"},{"key":"ids:183","value":"c5d0c0c1-892b-4dcd-a4fd-1af9ba11ee85"},{"key":"ids:184","value":"98be7638-f43f-4a9b-b8be-41f3f55b5e07"},{"key":"ids:185","value":"af411b47-5128-46c4-bbd4-98deba3428f1"},{"key":"ids:186","value":"2f179eae-b477-4a21-b671-f518d2ee99dc"},{"key":"ids:187","value":"7bb9144e-9ca7-4bff-a0cb-42640a4c76a6"},{"key":"ids:188","value":"e066e08d-5f41-425a-8d95-fa601b56adc5"},{"key":"ids:189","value":"e09cb92c-fed8-4d0e-bd3b-13ff08ef2b22"},{"key":"ids:19","value":"839c4d4a-7702-4119-b1b7-5f1603032fbb"},{"key":"ids:190","value":"eb37b10f-135f-48b3-82bd-2a7a6ca1afd2"},{"key":"ids:191","value":"9f80bdc9-dea5-4241-b1f3-a441d0658465"},{"key":"ids:192","value":"96390157-58ce-4a25-864d-b384466c77dc"},{"key":"ids:193","value":"2c90d4cc-a61c-4faf-b18d-565b7b830398"},{"key":"ids:194","value":"03434cd5-6691-4fda-bc2f-d3655fe12ee8"},{"key":"ids:195","value":"fce62919-cf32-4d38-88db-a33b30886498"},{"key":"ids:196","value":"e828c47d-1dc7-4c2b-b6c8-6025ce315699"},{"key":"ids:197","value":"581c049c-3919-4c33-bb5e-44259cddb631"},{"key":"ids:198","value":"b26b4293-e1fa-4e85-9c15-bc2f97ff8b72"},{"key":"ids:199","value":"45ac6c54-cf51-4173-8cd9-e4338fe0ebc6"},{"key":"ids:2","value":"c2fc9530-bd8b-431a-91fb-4a9dfbd5e121"},{"key":"ids:20","value":"c578c1e8-662a-41fc-aa92-5de9b74f36e0"},{"key":"ids:200","value":"ad4ed354-6049-4a9d-852d-78b25b4aa031"},{"key":"ids:201","value":"42f4109d-5796-4e6c-9dcd-ab33ed22bcd8"},{"key":"ids:202","value":"7a2cdd15-2967-46ff-98fe-d20ecbe9a00a"},{"key":"ids:203","value":"75696aec-12dd-4051-9b96-7bd4316ba693"},{"key":"ids:204","value":"3612d457-aee2-49ed-bfac-a9a1d2710d08"},{"key":"ids:205","value":"c169b527-4acc-47c9-be11-e2daf01beb47"},{"key":"ids:206","value":"cecb9b36-ba6a-48dd-ba45-54a73cae0e3d"},{"key":"ids:207","value":"ee7b48e2-c6f1-4ee8-a22b-c4099ec161c3"},{"key":"ids:208","value":"71c4b49d-3a31-4211-9609-71ff552a9f17"},{"key":"ids:209","value":"e3bce2f4-16cd-4111-96fe-53c84c298eaf"},{"key":"ids:21","value":"f52a09b6-8a90-4cf4-a2db-e63cb36fc8d0"},{"key":"ids:210","value":"1e9e5833-466f-427c-96a3-51a54923b433"},{"key":"ids:211","value":"cf309463-17d6-4354-b53a-61e7cfc8e6c6"},{"key":"ids:212","value":"b8be76c3-170e-4ee9-8527-b56a1363c689"},{"key":"ids:213","value":"b8526ae2-3edd-426f-a05c-a781a87d8b58"},{"key":"ids:214","value":"219fc4e7-1f8d-4179-a55a-74dfe5badb93"},{"key":"ids:215","value":"faa6662e-bfbe-4d76-b713-79c0e7ea55f2"},{"key":"ids:216","value":"5cd365cb-9ee2-4edb-8f0c-fe5dfb393af8"},{"key":"ids:217","value":"1a2a7524-32f5-4907-9775-a03c7d0e3fd5"},{"key":"ids:218","value":"6ddffe18-f503-4507-8cb5-b44e6a860fe7"},{"key":"ids:219","value":"3f58121f-22d7-4316-bfb3-af730a4c521f"},{"key":"ids:22","value":"7d42e6c8-2faa-4575-9f1e-6aa1e21cb62b"},{"key":"ids:220","value":"9576e62f-a5ba-4c02-b982-42ba358b5e1c"},{"key":"ids:221","value":"74057db7-cc09-4702-93fe-38744a5db80a"},{"key":"ids:222","value":"760f7e68-38b2-4f50-a3b1-731d5a4f912d"},{"key":"ids:223","value":"8a42fc72-8ec3-4466-93b6-53ba45382336"},{"key":"ids:224","value":"6fb3d06b-d307-40f1-a2bf-a9635c1e69a2"},{"key":"ids:225","value":"81963cc5-5d33-4d82-bbc0-b93dccad5c08"},{"key":"ids:226","value":"94eac59c-4478-4cf6-a8b5-9908d9babe4d"},{"key":"ids:227","value":"4b17b43b-55c7-4da0-87d9-7e7d7e627d06"},{"key":"ids:228","value":"fbc92479-a644-4532-8a4b-383cb2f5c43a"},{"key":"ids:229","value":"781b64aa-fd21-410c-801e-97cd87487bdc"},{"key":"ids:23","value":"3477ba91-868d-440c-b94b-5633b48de662"},{"key":"ids:230","value":"5de8660d-2029-4319-a5c5-58478cbd9125"},{"key":"ids:231","value":"0a952ae4-50d7-4f2b-9cfd-8af9ec9e841a"},{"key":"ids:232","value":"34fb25fa-7d0c-4fc0-a50c-2d68b8ad640c"},{"key":"ids:233","value":"7ec5d7d3-0960-4806-a616-79d068d4c25c"},{"key":"ids:234","value":"3d317b08-4ae9-4ced-ae9b-c120840db604"},{"key":"ids:235","value":"66dc0a88-8827-4029-bc5b-5e8985b0bce4"},{"key":"ids:236","value":"f332bb43-22b0-4edc-9909-c4d4d46ea595"},{"key":"ids:237","value":"c20ada92-e30e-4d75-908e-ba21c86f20bb"},{"key":"ids:238","value":"a15419a7-3a36-4f9a-a070-8cf45c1b94eb"},{"key":"ids:239","value":"c77aed93-a93f-4c9f-a7a2-d03e15bc26f3"},{"key":"ids:24","value":"45bacdf9-9ced-4cab-8727-b83f12459923"},{"key":"ids:240","value":"b8faaf01-4ea9-4aa6-b7af-0fcdfb04d0cc"},{"key":"ids:241","value":"25dc20b8-ce99-4328-ab8b-677a167717c0"},{"key":"ids:242","value":"0fb2dfb2-f4fd-44f8-9a9f-a183716b36bf"},{"key":"ids:243","value":"e91c12c4-5f2b-45c5-939c-18f980c303da"},{"key":"ids:244","value":"837e6152-50d2-4981-9778-8a4a23594c1e"},{"key":"ids:245","value":"5df40c93-d59b-4bb3-bd5a-cd672948d59c"},{"key":"ids:246","value":"a71289af-f13a-4bf0-90a1-d84542cedbbf"},{"key":"ids:247","value":"119162c6-4e67-43a9-84ba-18a47533283e"},{"key":"ids:248","value":"451df6d1-18f7-4f3f-a15b-18e1c37b5f1e"},{"key":"ids:249","value":"497313dc-d3b3-48d1-8022-63ba19e6e169"},{"key":"ids:25","value":"9c2131ff-944c-48aa-938d-0ae0a8927672"},{"key":"ids:250","value":"4a05c3d7-d98b-45eb-ad67-4770423409f1"},{"key":"ids:251","value":"9b145db0-e034-46f6-b9dd-64ccc579dfcc"},{"key":"ids:252","value":"1c1e2b79-cf10-4530-b525-320b0effb6a4"},{"key":"ids:253","value":"e883547c-a79d-4d32-94b4-a18b01d835ce"},{"key":"ids:254","value":"cb594b64-80ca-4e05-b5da-5e456629c6ad"},{"key":"ids:255","value":"5a9ab561-fe8a-49d3-9f9c-3f73e23dcfac"},{"key":"ids:256","value":"85be1b50-a106-4cb0-8f2f-3a2d6233bdbb"},{"key":"ids:257","value":"d6ca0c7b-507a-427d-b6dc-94cad5534317"},{"key":"ids:258","value":"74e8c233-ed86-4cda-8071-4befe459282d"},{"key":"ids:259","value":"84d63283-7220-4412-a940-c4d021adeafc"},{"key":"ids:26","value":"a8006f4f-6b06-4139-9050-207b6b23946a"},{"key":"ids:260","value":"b771891b-bc6f-4e2d-ad2c-de54f070115b"},{"key":"ids:261","value":"0fba011c-5ea2-4374-8190-0d0549212053"},{"key":"ids:262","value":"640267ff-4853-439d-a9c3-d88b21d96001"},{"key":"ids:263","value":"a073dbdb-7a1b-4aa1-a27d-0f4c7162ec71"},{"key":"ids:264","value":"5388eb2c-756e-4a98-9d1f-5a359a049bfd"},{"key":"ids:265","value":"fcc7436b-4f7c-4cf1-a455-14f3c52a5d49"},{"key":"ids:266","value":"9ca0ac86-bbb6-4fff-8269-cb9ac934b3dd"},{"key":"ids:267","value":"1223b4fb-b133-4172-ba71-03ccf9517360"},{"key":"ids:268","value":"e139f00d-2c2d-4e61-a6e0-1e2105b8991d"},{"key":"ids:269","value":"ea81cb47-e077-4c2d-bee2-362039bca7cf"},{"key":"ids:27","value":"e05fc770-73c1-463b-aded-27ec1e0beec1"},{"key":"ids:270","value":"eda74af4-cc80-4852-915d-45efa31c1e06"},{"key":"ids:271","value":"ae5ef6b0-80c0-40af-9183-b68886ebded7"},{"key":"ids:272","value":"f538e391-f3e2-4b0e-83b5-e433a433c712"},{"key":"ids:273","value":"44dde1ae-d5ee-4399-90ce-c39241811f4d"},{"key":"ids:274","value":"76c7f8f2-e581-4a3e-9016-91d9cc12a43a"},{"key":"ids:275","value":"1f7c2e30-05cb-4396-82b0-9ff83636e176"},{"key":"ids:276","value":"5201234f-091f-4fbb-b842-016286b22dca"},{"key":"ids:277","value":"a420f969-2806-4638-99d2-403100bc40c1"},{"key":"ids:278","value":"46497285-7aee-4ea6-8133-f7d9171d9e6b"},{"key":"ids:279","value":"080d0915-5764-4a46-9035-f6c0123e2a1b"},{"key":"ids:28","value":"248da8f1-55ea-4ace-bc98-bcf8f25b9d1e"},{"key":"ids:280","value":"84d38cfb-367b-471a-a13d-29d72d368fd6"},{"key":"ids:281","value":"b8d7db1f-c568-41d1-8305-1b76ba03b193"},{"key":"ids:282","value":"63004953-9535-422f-bdfa-f1912b7f58a4"},{"key":"ids:283","value":"5198c789-59a9-4d69-aaf8-5d175631d4a4"},{"key":"ids:284","value":"4f1988a8-8ae7-48b9-bdf5-75e245a16bc0"},{"key":"ids:285","value":"ec17f675-54fe-4451-a86f-8b468c7bce4d"},{"key":"ids:286","value":"826a0d5e-3aeb-4cff-9585-ca6152c6a43a"},{"key":"ids:287","value":"53efe92c-c597-4a2b-997f-086e387bd2b5"},{"key":"ids:288","value":"1168ab4c-0ddd-4954-bee9-f6313f4185a2"},{"key":"ids:289","value":"27925d8a-c4f1-4233-b720-1ca1c2253933"},{"key":"ids:29","value":"4dc62ee9-1c2b-448e-8ed0-fbfd0328f024"},{"key":"ids:290","value":"16feabe0-a918-4e83-90f5-13a5e31e9801"},{"key":"ids:291","value":"c05f46fd-8622-4817-bd4c-59c5f42ff978"},{"key":"ids:292","value":"c854130d-7be2-4fb6-9c19-ae612075c494"},{"key":"ids:293","value":"0bfdebae-9141-4359-aa08-86a280fa24ef"},{"key":"ids:294","value":"3007e41b-d146-498d-abd6-a3e7910b8022"},{"key":"ids:295","value":"d6cb0971-8ea2-45b9-9616-5f4d76eada3f"},{"key":"ids:296","value":"29905945-be38-43cd-a819-ec497f7b4c08"},{"key":"ids:297","value":"554fe471-d1e2-434d-9f40-c6c2f1b2918f"},{"key":"ids:298","value":"ab6ddd26-168c-48d1-96af-30bfc12d6671"},{"key":"ids:299","value":"b208e20f-8387-4056-970a-91be811525c8"},{"key":"ids:3","value":"554996d7-bb08-4706-9a15-d17c106a218e"},{"key":"ids:30","value":"07243218-aa48-4e34-bfa9-28b3185a2b5b"},{"key":"ids:300","value":"ec53aed4-2b94-4e39-a630-7da795d3fab1"},{"key":"ids:301","value":"94445eb2-9300-4f45-a159-ad82e95936bc"},{"key":"ids:302","value":"3a56067d-a9bd-4434-9700-711ea5779868"},{"key":"ids:303","value":"e03eee81-b443-4d9f-aa9d-523c84b40cdf"},{"key":"ids:304","value":"5779e0ce-fc75-4eb0-8ce9-0e279383aea0"},{"key":"ids:305","value":"ed11ee3d-31e0-4f34-831a-0a1fcb1b2f74"},{"key":"ids:306","value":"fc218304-d20b-47de-88a2-045797ccf42b"},{"key":"ids:307","value":"499b2358-34ff-41a1-93a4-3735c8ae4e02"},{"key":"ids:308","value":"3a5cd9ff-1b30-4dbd-9200-53962a0e2e1b"},{"key":"ids:309","value":"dab83049-7c49-4458-9ff1-03de74afe931"},{"key":"ids:31","value":"f65b4f58-9393-460c-93ea-2cd55d570289"},{"key":"ids:310","value":"8d03d84b-1ec3-496e-a4fe-6dbabaf04704"},{"key":"ids:311","value":"c349b7e4-ac28-4a1d-8337-80b3e9c94c9c"},{"key":"ids:312","value":"b5062d8c-ee7c-4114-bc45-77450c6fca5c"},{"key":"ids:313","value":"3a45e75f-e3e5-4445-a1a8-d22772c9101a"},{"key":"ids:314","value":"a76a14e8-cb3a-4db1-b493-1b0798fad078"},{"key":"ids:315","value":"18b9de2e-ea2d-49b4-a627-9dfc5cfac79c"},{"key":"ids:316","value":"9e822e83-7b22-4f95-977a-2ca39f55a123"},{"key":"ids:317","value":"6d477a7c-e7b6-4080-ab38-c38c3808070f"},{"key":"ids:318","value":"d4fa1f6e-bd1c-419e-8d5f-df03cabb862b"},{"key":"ids:319","value":"3716efe6-86a3-4c1e-a0a1-588bb0e2e528"},{"key":"ids:32","value":"3b8b6adc-ebac-45c9-8dfa-c52951e6cad5"},{"key":"ids:320","value":"f2c728ec-8785-49a4-8c53-6f7fc942c032"},{"key":"ids:321","value":"ce06dee8-c2bc-451c-b9ab-90ead7e741da"},{"key":"ids:322","value":"b4ee30a8-dd87-41f6-b057-f5e41769a91f"},{"key":"ids:323","value":"1e89bbf9-4efb-4722-aa8e-0a0987f9731d"},{"key":"ids:324","value":"a0ebd85e-9f55-464d-8bc7-c3d1f49eb0d6"},{"key":"ids:325","value":"a389b486-89da-4354-9687-cee09999fc3f"},{"key":"ids:326","value":"b911d3d7-f993-4d14-8764-e35392eecd05"},{"key":"ids:327","value":"879b0bda-f018-4987-8f09-1c9d1f845b17"},{"key":"ids:328","value":"21688f30-7b76-4606-8145-467b108f502c"},{"key":"ids:329","value":"4c9c21f8-926a-42b4-bdb4-76ae99def42d"},{"key":"ids:33","value":"2723f6b2-be43-4ec9-8d89-9b551757c607"},{"key":"ids:330","value":"2b8ec4ee-be5d-4bf7-9217-e20577642121"},{"key":"ids:331","value":"66325164-ad4c-4670-91d6-fdc050b11067"},{"key":"ids:332","value":"859b95cf-db38-4720-861b-a455b149e26c"},{"key":"ids:333","value":"ab7c4b36-846b-4507-a270-eb649bd82d9c"},{"key":"ids:334","value":"f53aa980-6d6f-4452-a35b-65b3bdbe8315"},{"key":"ids:335","value":"90b7170d-2559-411a-94fa-481b58545219"},{"key":"ids:336","value":"cacb9ef0-3de7-467e-937f-32c74a80a0f4"},{"key":"ids:337","value":"dbefff16-eaea-4a8f-bcf5-a198a3f9208c"},{"key":"ids:338","value":"419eba55-70e3-49ee-9906-9eab03f22c70"},{"key":"ids:339","value":"eaeaff19-7328-4f08-aa46-8c7f81b7e334"},{"key":"ids:34","value":"3514a2d3-2921-4d5b-aba6-daba62813406"},{"key":"ids:340","value":"8d69477b-1ee7-4f66-bd84-7510f3687de0"},{"key":"ids:341","value":"02996e13-a28b-4df1-9c8c-dba71f18f687"},{"key":"ids:342","value":"5fb6165d-b36b-4911-8e5f-8e2073d11136"},{"key":"ids:343","value":"95f1a830-1c73-4bec-9de9-bd2492601a35"},{"key":"ids:344","value":"b7778c33-75fc-47c3-8956-b3df0e3077f3"},{"key":"ids:345","value":"191b08d8-654b-48b8-9593-33973ac3d909"},{"key":"ids:346","value":"aa9ad67f-67b6-4e8f-b5cc-93c6270c5875"},{"key":"ids:347","value":"34bc3dec-5a17-41f9-908d-f085a6f14223"},{"key":"ids:35","value":"ed6c71e6-afb8-4133-b025-3096667d4f40"},{"key":"ids:36","value":"cd827d52-7aa0-4afe-b96e-1f2241200db1"},{"key":"ids:37","value":"b650bf78-03ba-41c7-a187-0db5c5842263"},{"key":"ids:38","value":"9bb702cc-aec6-4d5e-af3a-e430b95c42bf"},{"key":"ids:39","value":"d82e012f-e1f2-42f1-ae81-b59365266ac5"},{"key":"ids:4","value":"178a2bc7-3e2f-48f4-9166-cd97cd93813d"},{"key":"ids:40","value":"11ad7f3a-fddc-4c2b-a31a-47d45e93b819"},{"key":"ids:41","value":"04dc8aae-3089-4bcf-81ea-054d7129b91f"},{"key":"ids:42","value":"1a303d80-c400-41e8-9ffe-cd7f8bc6c700"},{"key":"ids:43","value":"49b541b1-8657-4d0b-9029-ede7a6a0a17d"},{"key":"ids:44","value":"35da21a7-dc84-43de-a5c5-3a581d43fd3e"},{"key":"ids:45","value":"2b8af5cb-e178-480d-bebb-62c5b58179c5"},{"key":"ids:46","value":"e7b52f31-e4b4-494e-b2f9-1808d0abf4e8"},{"key":"ids:47","value":"9e655115-5f0c-4028-88fa-9514fe27fcc5"},{"key":"ids:48","value":"c712eae9-ac67-4e70-aab3-8429d8c775db"},{"key":"ids:49","value":"ae95757f-067b-4cd0-a77d-db5054e392de"},{"key":"ids:5","value":"b36b43c1-d833-41e7-8637-b5697a0fc06c"},{"key":"ids:50","value":"016a6ce8-b599-4aaf-849e-191048855e46"},{"key":"ids:51","value":"34cfda6c-5ae7-4f78-8dd0-8e4338963e7d"},{"key":"ids:52","value":"823b3f35-7e30-448b-b9d9-3a290a13cf8b"},{"key":"ids:53","value":"64c6b24c-1bfe-4c96-9757-75444bda227f"},{"key":"ids:54","value":"32823f05-892a-4a2a-b74e-aa025b61c074"},{"key":"ids:55","value":"b459fbc3-a7ef-484a-9b97-735bdebd9653"},{"key":"ids:56","value":"17151a00-246f-408a-ac7d-3bf4e1c870a6"},{"key":"ids:57","value":"04e028bc-2693-4095-8001-36bc0ca056a3"},{"key":"ids:58","value":"3ace4422-3729-4671-bbb5-18d65cf105e9"},{"key":"ids:59","value":"eedb9621-1178-44c7-ac14-f2f374afb210"},{"key":"ids:6","value":"428c27d1-fa55-4ae6-8ccf-218cf743e507"},{"key":"ids:60","value":"78f69eaf-5ab7-430d-b1fd-fcca6413d61f"},{"key":"ids:61","value":"0a6ff2d0-0bee-4021-b0f7-1b0ed0b8b568"},{"key":"ids:62","value":"a6905dfe-4c6b-41a4-9a14-6c63e863820c"},{"key":"ids:63","value":"994f57ea-9521-458c-a75e-f757fa74add8"},{"key":"ids:64","value":"bd006d68-43d3-4a5b-b877-7311e617a389"},{"key":"ids:65","value":"d8c624dd-409b-4890-a22b-7a22b4b5a393"},{"key":"ids:66","value":"ec4e0f73-87ab-4e76-b71e-3bd6605cdcbc"},{"key":"ids:67","value":"f3ba52b8-5e8c-4f42-bb1b-75f88c278ef5"},{"key":"ids:68","value":"d995816f-589c-4116-8162-755b49fedb10"},{"key":"ids:69","value":"e7ed2681-8025-42d2-8a15-66cb867c122b"},{"key":"ids:7","value":"e32c04eb-19dc-4fce-abbe-ee1129e78803"},{"key":"ids:70","value":"c7b5bc35-622c-42b8-97be-4039dec031cf"},{"key":"ids:71","value":"a5e5f1f8-5594-469a-a04a-9e038e9581e9"},{"key":"ids:72","value":"26507005-663b-44c7-8345-d66b3cd280e5"},{"key":"ids:73","value":"bd99afb9-3049-49a0-8c54-beb95ac4975c"},{"key":"ids:74","value":"6cd01bd0-c21a-4288-b1ac-1d975a2d7814"},{"key":"ids:75","value":"f8b4c149-752a-4232-ab2b-c408d67b67c5"},{"key":"ids:76","value":"6a78efdc-92f1-4031-93d1-82f30c4d7c1d"},{"key":"ids:77","value":"f15d0712-486e-415a-9c65-16f77ae41629"},{"key":"ids:78","value":"21ee6ebe-6a4a-492f-8a5a-8c53d1b15e21"},{"key":"ids:79","value":"9e01a2bc-18c5-436f-8b11-6f2caa767602"},{"key":"ids:8","value":"4d4a84cd-a387-4a3d-8b56-d21efc531cc9"},{"key":"ids:80","value":"033a9f37-caed-461b-8099-4f4cfa973178"},{"key":"ids:81","value":"91e8d734-362c-4331-9e8a-68d7b4f32051"},{"key":"ids:82","value":"8ab654ce-0d3f-45a1-9a82-6f825e10a981"},{"key":"ids:83","value":"272e99b7-9a3d-45eb-9208-52028b25e517"},{"key":"ids:84","value":"4c817658-a7fb-429f-94d8-ab777d774635"},{"key":"ids:85","value":"99ce6ee7-9830-4b8d-b05c-6fd97ca14208"},{"key":"ids:86","value":"492c48c0-ca35-4fc4-b9c7-8b83edfbe866"},{"key":"ids:87","value":"f563d839-0765-46f8-9b62-bc7bdfee32d0"},{"key":"ids:88","value":"c52d8d45-aa76-4333-84a8-7b24bbdca293"},{"key":"ids:89","value":"39557918-ae97-4cd2-90f5-99a6c728bcdb"},{"key":"ids:9","value":"912ad0cf-7d7e-493e-8a39-d08a3635b355"},{"key":"ids:90","value":"41283779-6705-4a99-b69f-29298de8ab65"},{"key":"ids:91","value":"5c52c46d-f98a-4032-a481-d97983943ae4"},{"key":"ids:92","value":"54683570-fbdc-4073-a960-3e924748c0df"},{"key":"ids:93","value":"5d10203d-abde-4c20-99d8-9a570e9eb831"},{"key":"ids:94","value":"5a87aa6b-3156-4c65-bc49-84484b13aa42"},{"key":"ids:95","value":"9e8ec716-91ab-4990-bd8f-ba050289dab8"},{"key":"ids:96","value":"a0a6948d-43ac-47df-9431-f81bab8d04c2"},{"key":"ids:97","value":"5624d423-061c-43b7-b19e-25831f756769"},{"key":"ids:98","value":"b55f7d79-9263-41a9-841d-2a0c10386482"},{"key":"ids:99","value":"27d75b83-66d3-4adf-9d29-51c4521e04a1"},{"key":"resource","value":"38f34dbb-6d84-4118-b595-5266b6c3715b"}],"metadata":[{"key":"$in:schemaType","value":"1"},{"key":"$out:selectors:0:fields:0:name","value":"KPL.RealPower"},{"key":"$out:selectors:0:fields:0:type","value":"11"},{"key":"$out:selectors:0:fields:100:name","value":"DF3.EnergyMultiplier"},{"key":"$out:selectors:0:fields:100:type","value":"11"},{"key":"$out:selectors:0:fields:101:name","value":"DF3.CommsStatus"},{"key":"$out:selectors:0:fields:101:type","value":"1"},{"key":"$out:selectors:0:fields:102:name","value":"DF3.C_N_Voltage"},{"key":"$out:selectors:0:fields:102:type","value":"11"},{"key":"$out:selectors:0:fields:103:name","value":"DF3.C_Current"},{"key":"$out:selectors:0:fields:103:type","value":"11"},{"key":"$out:selectors:0:fields:104:name","value":"DF3.B_N_Voltage"},{"key":"$out:selectors:0:fields:104:type","value":"11"},{"key":"$out:selectors:0:fields:105:name","value":"DF3.B_Current"},{"key":"$out:selectors:0:fields:105:type","value":"11"},{"key":"$out:selectors:0:fields:106:name","value":"DF3.A_N_Voltage"},{"key":"$out:selectors:0:fields:106:type","value":"11"},{"key":"$out:selectors:0:fields:107:name","value":"DF3.A_Current"},{"key":"$out:selectors:0:fields:107:type","value":"11"},{"key":"$out:selectors:0:fields:108:name","value":"DF2.RealPower"},{"key":"$out:selectors:0:fields:108:type","value":"11"},{"key":"$out:selectors:0:fields:109:name","value":"DF2.ReactivePower"},{"key":"$out:selectors:0:fields:109:type","value":"11"},{"key":"$out:selectors:0:fields:10:name","value":"KPL.EnergyMultiplier"},{"key":"$out:selectors:0:fields:10:type","value":"11"},{"key":"$out:selectors:0:fields:110:name","value":"DF2.PowerFactor"},{"key":"$out:selectors:0:fields:110:type","value":"11"},{"key":"$out:selectors:0:fields:111:name","value":"DF2.Frequency"},{"key":"$out:selectors:0:fields:111:type","value":"11"},{"key":"$out:selectors:0:fields:112:name","value":"DF2.EnergyMultiplier"},{"key":"$out:selectors:0:fields:112:type","value":"11"},{"key":"$out:selectors:0:fields:113:name","value":"DF2.CommsStatus"},{"key":"$out:selectors:0:fields:113:type","value":"1"},{"key":"$out:selectors:0:fields:114:name","value":"DF2.C_N_Voltage"},{"key":"$out:selectors:0:fields:114:type","value":"11"},{"key":"$out:selectors:0:fields:115:name","value":"DF2.C_Current"},{"key":"$out:selectors:0:fields:115:type","value":"11"},{"key":"$out:selectors:0:fields:116:name","value":"DF2.B_N_Voltage"},{"key":"$out:selectors:0:fields:116:type","value":"11"},{"key":"$out:selectors:0:fields:117:name","value":"DF2.B_Current"},{"key":"$out:selectors:0:fields:117:type","value":"11"},{"key":"$out:selectors:0:fields:118:name","value":"DF2.A_N_Voltage"},{"key":"$out:selectors:0:fields:118:type","value":"11"},{"key":"$out:selectors:0:fields:119:name","value":"DF2.A_Current"},{"key":"$out:selectors:0:fields:119:type","value":"11"},{"key":"$out:selectors:0:fields:11:name","value":"KPL.CommsStatus"},{"key":"$out:selectors:0:fields:11:type","value":"1"},{"key":"$out:selectors:0:fields:120:name","value":"DF1.RealPower"},{"key":"$out:selectors:0:fields:120:type","value":"11"},{"key":"$out:selectors:0:fields:121:name","value":"DF1.ReactivePower"},{"key":"$out:selectors:0:fields:121:type","value":"11"},{"key":"$out:selectors:0:fields:122:name","value":"DF1.PowerFactor"},{"key":"$out:selectors:0:fields:122:type","value":"11"},{"key":"$out:selectors:0:fields:123:name","value":"DF1.Frequency"},{"key":"$out:selectors:0:fields:123:type","value":"11"},{"key":"$out:selectors:0:fields:124:name","value":"DF1.EnergyMultiplier"},{"key":"$out:selectors:0:fields:124:type","value":"11"},{"key":"$out:selectors:0:fields:125:name","value":"DF1.CommsStatus"},{"key":"$out:selectors:0:fields:125:type","value":"1"},{"key":"$out:selectors:0:fields:126:name","value":"DF1.C_N_Voltage"},{"key":"$out:selectors:0:fields:126:type","value":"11"},{"key":"$out:selectors:0:fields:127:name","value":"DF1.C_Current"},{"key":"$out:selectors:0:fields:127:type","value":"11"},{"key":"$out:selectors:0:fields:128:name","value":"DF1.B_N_Voltage"},{"key":"$out:selectors:0:fields:128:type","value":"11"},{"key":"$out:selectors:0:fields:129:name","value":"DF1.B_Current"},{"key":"$out:selectors:0:fields:129:type","value":"11"},{"key":"$out:selectors:0:fields:12:name","value":"DSP.RealPower"},{"key":"$out:selectors:0:fields:12:type","value":"11"},{"key":"$out:selectors:0:fields:130:name","value":"DF1.A_N_Voltage"},{"key":"$out:selectors:0:fields:130:type","value":"11"},{"key":"$out:selectors:0:fields:131:name","value":"DF1.A_Current"},{"key":"$out:selectors:0:fields:131:type","value":"11"},{"key":"$out:selectors:0:fields:132:name","value":"DCT.RealPower"},{"key":"$out:selectors:0:fields:132:type","value":"11"},{"key":"$out:selectors:0:fields:133:name","value":"DCT.ReactivePower"},{"key":"$out:selectors:0:fields:133:type","value":"11"},{"key":"$out:selectors:0:fields:134:name","value":"DCT.PowerFactor"},{"key":"$out:selectors:0:fields:134:type","value":"11"},{"key":"$out:selectors:0:fields:135:name","value":"DCT.Frequency"},{"key":"$out:selectors:0:fields:135:type","value":"11"},{"key":"$out:selectors:0:fields:136:name","value":"DCT.EnergyMultiplier"},{"key":"$out:selectors:0:fields:136:type","value":"11"},{"key":"$out:selectors:0:fields:137:name","value":"DCT.CommsStatus"},{"key":"$out:selectors:0:fields:137:type","value":"1"},{"key":"$out:selectors:0:fields:138:name","value":"DCT.C_N_Voltage"},{"key":"$out:selectors:0:fields:138:type","value":"11"},{"key":"$out:selectors:0:fields:139:name","value":"DCT.C_Current"},{"key":"$out:selectors:0:fields:139:type","value":"11"},{"key":"$out:selectors:0:fields:13:name","value":"DSP.ReactivePower"},{"key":"$out:selectors:0:fields:13:type","value":"11"},{"key":"$out:selectors:0:fields:140:name","value":"DCT.B_N_Voltage"},{"key":"$out:selectors:0:fields:140:type","value":"11"},{"key":"$out:selectors:0:fields:141:name","value":"DCT.B_Current"},{"key":"$out:selectors:0:fields:141:type","value":"11"},{"key":"$out:selectors:0:fields:142:name","value":"DCT.A_N_Voltage"},{"key":"$out:selectors:0:fields:142:type","value":"11"},{"key":"$out:selectors:0:fields:143:name","value":"DCT.A_Current"},{"key":"$out:selectors:0:fields:143:type","value":"11"},{"key":"$out:selectors:0:fields:144:name","value":"CSP.RealPower"},{"key":"$out:selectors:0:fields:144:type","value":"11"},{"key":"$out:selectors:0:fields:145:name","value":"CSP.ReactivePower"},{"key":"$out:selectors:0:fields:145:type","value":"11"},{"key":"$out:selectors:0:fields:146:name","value":"CSP.PowerFactor"},{"key":"$out:selectors:0:fields:146:type","value":"11"},{"key":"$out:selectors:0:fields:147:name","value":"CSP.Frequency"},{"key":"$out:selectors:0:fields:147:type","value":"11"},{"key":"$out:selectors:0:fields:148:name","value":"CSP.EnergyMultiplier"},{"key":"$out:selectors:0:fields:148:type","value":"11"},{"key":"$out:selectors:0:fields:149:name","value":"CSP.CommsStatus"},{"key":"$out:selectors:0:fields:149:type","value":"1"},{"key":"$out:selectors:0:fields:14:name","value":"DSP.PowerFactor"},{"key":"$out:selectors:0:fields:14:type","value":"11"},{"key":"$out:selectors:0:fields:150:name","value":"CSP.C_N_Voltage"},{"key":"$out:selectors:0:fields:150:type","value":"11"},{"key":"$out:selectors:0:fields:151:name","value":"CSP.C_Current"},{"key":"$out:selectors:0:fields:151:type","value":"11"},{"key":"$out:selectors:0:fields:152:name","value":"CSP.B_N_Voltage"},{"key":"$out:selectors:0:fields:152:type","value":"11"},{"key":"$out:selectors:0:fields:153:name","value":"CSP.B_Current"},{"key":"$out:selectors:0:fields:153:type","value":"11"},{"key":"$out:selectors:0:fields:154:name","value":"CSP.A_N_Voltage"},{"key":"$out:selectors:0:fields:154:type","value":"11"},{"key":"$out:selectors:0:fields:155:name","value":"CSP.A_Current"},{"key":"$out:selectors:0:fields:155:type","value":"11"},{"key":"$out:selectors:0:fields:156:name","value":"CG7.RealPower"},{"key":"$out:selectors:0:fields:156:type","value":"11"},{"key":"$out:selectors:0:fields:157:name","value":"CG7.ReactivePower"},{"key":"$out:selectors:0:fields:157:type","value":"11"},{"key":"$out:selectors:0:fields:158:name","value":"CG7.PowerFactor"},{"key":"$out:selectors:0:fields:158:type","value":"11"},{"key":"$out:selectors:0:fields:159:name","value":"CG7.Frequency"},{"key":"$out:selectors:0:fields:159:type","value":"11"},{"key":"$out:selectors:0:fields:15:name","value":"DSP.Frequency"},{"key":"$out:selectors:0:fields:15:type","value":"11"},{"key":"$out:selectors:0:fields:160:name","value":"CG7.EnergyMultiplier"},{"key":"$out:selectors:0:fields:160:type","value":"11"},{"key":"$out:selectors:0:fields:161:name","value":"CG7.CommsStatus"},{"key":"$out:selectors:0:fields:161:type","value":"1"},{"key":"$out:selectors:0:fields:162:name","value":"CG7.C_N_Voltage"},{"key":"$out:selectors:0:fields:162:type","value":"11"},{"key":"$out:selectors:0:fields:163:name","value":"CG7.C_Current"},{"key":"$out:selectors:0:fields:163:type","value":"11"},{"key":"$out:selectors:0:fields:164:name","value":"CG7.B_N_Voltage"},{"key":"$out:selectors:0:fields:164:type","value":"11"},{"key":"$out:selectors:0:fields:165:name","value":"CG7.B_Current"},{"key":"$out:selectors:0:fields:165:type","value":"11"},{"key":"$out:selectors:0:fields:166:name","value":"CG7.A_N_Voltage"},{"key":"$out:selectors:0:fields:166:type","value":"11"},{"key":"$out:selectors:0:fields:167:name","value":"CG7.A_Current"},{"key":"$out:selectors:0:fields:167:type","value":"11"},{"key":"$out:selectors:0:fields:168:name","value":"CG12.RealPower"},{"key":"$out:selectors:0:fields:168:type","value":"11"},{"key":"$out:selectors:0:fields:169:name","value":"CG12.ReactivePower"},{"key":"$out:selectors:0:fields:169:type","value":"11"},{"key":"$out:selectors:0:fields:16:name","value":"DSP.EnergyMultiplier"},{"key":"$out:selectors:0:fields:16:type","value":"11"},{"key":"$out:selectors:0:fields:170:name","value":"CG12.PowerFactor"},{"key":"$out:selectors:0:fields:170:type","value":"11"},{"key":"$out:selectors:0:fields:171:name","value":"CG12.Frequency"},{"key":"$out:selectors:0:fields:171:type","value":"11"},{"key":"$out:selectors:0:fields:172:name","value":"CG12.EnergyMultiplier"},{"key":"$out:selectors:0:fields:172:type","value":"11"},{"key":"$out:selectors:0:fields:173:name","value":"CG12.CommsStatus"},{"key":"$out:selectors:0:fields:173:type","value":"1"},{"key":"$out:selectors:0:fields:174:name","value":"CG12.C_N_Voltage"},{"key":"$out:selectors:0:fields:174:type","value":"11"},{"key":"$out:selectors:0:fields:175:name","value":"CG12.C_Current"},{"key":"$out:selectors:0:fields:175:type","value":"11"},{"key":"$out:selectors:0:fields:176:name","value":"CG12.B_N_Voltage"},{"key":"$out:selectors:0:fields:176:type","value":"11"},{"key":"$out:selectors:0:fields:177:name","value":"CG12.B_Current"},{"key":"$out:selectors:0:fields:177:type","value":"11"},{"key":"$out:selectors:0:fields:178:name","value":"CG12.A_N_Voltage"},{"key":"$out:selectors:0:fields:178:type","value":"11"},{"key":"$out:selectors:0:fields:179:name","value":"CG12.A_Current"},{"key":"$out:selectors:0:fields:179:type","value":"11"},{"key":"$out:selectors:0:fields:17:name","value":"DSP.CommsStatus"},{"key":"$out:selectors:0:fields:17:type","value":"1"},{"key":"$out:selectors:0:fields:180:name","value":"CF3.RealPower"},{"key":"$out:selectors:0:fields:180:type","value":"11"},{"key":"$out:selectors:0:fields:181:name","value":"CF3.ReactivePower"},{"key":"$out:selectors:0:fields:181:type","value":"11"},{"key":"$out:selectors:0:fields:182:name","value":"CF3.PowerFactor"},{"key":"$out:selectors:0:fields:182:type","value":"11"},{"key":"$out:selectors:0:fields:183:name","value":"CF3.Frequency"},{"key":"$out:selectors:0:fields:183:type","value":"11"},{"key":"$out:selectors:0:fields:184:name","value":"CF3.EnergyMultiplier"},{"key":"$out:selectors:0:fields:184:type","value":"11"},{"key":"$out:selectors:0:fields:185:name","value":"CF3.CommsStatus"},{"key":"$out:selectors:0:fields:185:type","value":"1"},{"key":"$out:selectors:0:fields:186:name","value":"CF3.C_N_Voltage"},{"key":"$out:selectors:0:fields:186:type","value":"11"},{"key":"$out:selectors:0:fields:187:name","value":"CF3.C_Current"},{"key":"$out:selectors:0:fields:187:type","value":"11"},{"key":"$out:selectors:0:fields:188:name","value":"CF3.B_N_Voltage"},{"key":"$out:selectors:0:fields:188:type","value":"11"},{"key":"$out:selectors:0:fields:189:name","value":"CF3.B_Current"},{"key":"$out:selectors:0:fields:189:type","value":"11"},{"key":"$out:selectors:0:fields:18:name","value":"DSP.C_N_Voltage"},{"key":"$out:selectors:0:fields:18:type","value":"11"},{"key":"$out:selectors:0:fields:190:name","value":"CF3.A_N_Voltage"},{"key":"$out:selectors:0:fields:190:type","value":"11"},{"key":"$out:selectors:0:fields:191:name","value":"CF3.A_Current"},{"key":"$out:selectors:0:fields:191:type","value":"11"},{"key":"$out:selectors:0:fields:192:name","value":"CF2.RealPower"},{"key":"$out:selectors:0:fields:192:type","value":"11"},{"key":"$out:selectors:0:fields:193:name","value":"CF2.ReactivePower"},{"key":"$out:selectors:0:fields:193:type","value":"11"},{"key":"$out:selectors:0:fields:194:name","value":"CF2.PowerFactor"},{"key":"$out:selectors:0:fields:194:type","value":"11"},{"key":"$out:selectors:0:fields:195:name","value":"CF2.Frequency"},{"key":"$out:selectors:0:fields:195:type","value":"11"},{"key":"$out:selectors:0:fields:196:name","value":"CF2.EnergyMultiplier"},{"key":"$out:selectors:0:fields:196:type","value":"11"},{"key":"$out:selectors:0:fields:197:name","value":"CF2.CommsStatus"},{"key":"$out:selectors:0:fields:197:type","value":"1"},{"key":"$out:selectors:0:fields:198:name","value":"CF2.C_N_Voltage"},{"key":"$out:selectors:0:fields:198:type","value":"11"},{"key":"$out:selectors:0:fields:199:name","value":"CF2.C_Current"},{"key":"$out:selectors:0:fields:199:type","value":"11"},{"key":"$out:selectors:0:fields:19:name","value":"DSP.C_Current"},{"key":"$out:selectors:0:fields:19:type","value":"11"},{"key":"$out:selectors:0:fields:1:name","value":"KPL.ReactivePower"},{"key":"$out:selectors:0:fields:1:type","value":"11"},{"key":"$out:selectors:0:fields:200:name","value":"CF2.B_N_Voltage"},{"key":"$out:selectors:0:fields:200:type","value":"11"},{"key":"$out:selectors:0:fields:201:name","value":"CF2.B_Current"},{"key":"$out:selectors:0:fields:201:type","value":"11"},{"key":"$out:selectors:0:fields:202:name","value":"CF2.A_N_Voltage"},{"key":"$out:selectors:0:fields:202:type","value":"11"},{"key":"$out:selectors:0:fields:203:name","value":"CF2.A_Current"},{"key":"$out:selectors:0:fields:203:type","value":"11"},{"key":"$out:selectors:0:fields:204:name","value":"CF1.RealPower"},{"key":"$out:selectors:0:fields:204:type","value":"11"},{"key":"$out:selectors:0:fields:205:name","value":"CF1.ReactivePower"},{"key":"$out:selectors:0:fields:205:type","value":"11"},{"key":"$out:selectors:0:fields:206:name","value":"CF1.PowerFactor"},{"key":"$out:selectors:0:fields:206:type","value":"11"},{"key":"$out:selectors:0:fields:207:name","value":"CF1.Frequency"},{"key":"$out:selectors:0:fields:207:type","value":"11"},{"key":"$out:selectors:0:fields:208:name","value":"CF1.EnergyMultiplier"},{"key":"$out:selectors:0:fields:208:type","value":"11"},{"key":"$out:selectors:0:fields:209:name","value":"CF1.CommsStatus"},{"key":"$out:selectors:0:fields:209:type","value":"1"},{"key":"$out:selectors:0:fields:20:name","value":"DSP.B_N_Voltage"},{"key":"$out:selectors:0:fields:20:type","value":"11"},{"key":"$out:selectors:0:fields:210:name","value":"CF1.C_N_Voltage"},{"key":"$out:selectors:0:fields:210:type","value":"11"},{"key":"$out:selectors:0:fields:211:name","value":"CF1.C_Current"},{"key":"$out:selectors:0:fields:211:type","value":"11"},{"key":"$out:selectors:0:fields:212:name","value":"CF1.B_N_Voltage"},{"key":"$out:selectors:0:fields:212:type","value":"11"},{"key":"$out:selectors:0:fields:213:name","value":"CF1.B_Current"},{"key":"$out:selectors:0:fields:213:type","value":"11"},{"key":"$out:selectors:0:fields:214:name","value":"CF1.A_N_Voltage"},{"key":"$out:selectors:0:fields:214:type","value":"11"},{"key":"$out:selectors:0:fields:215:name","value":"CF1.A_Current"},{"key":"$out:selectors:0:fields:215:type","value":"11"},{"key":"$out:selectors:0:fields:216:name","value":"CDT.RealPower"},{"key":"$out:selectors:0:fields:216:type","value":"11"},{"key":"$out:selectors:0:fields:217:name","value":"CDT.ReactivePower"},{"key":"$out:selectors:0:fields:217:type","value":"11"},{"key":"$out:selectors:0:fields:218:name","value":"CDT.PowerFactor"},{"key":"$out:selectors:0:fields:218:type","value":"11"},{"key":"$out:selectors:0:fields:219:name","value":"CDT.Frequency"},{"key":"$out:selectors:0:fields:219:type","value":"11"},{"key":"$out:selectors:0:fields:21:name","value":"DSP.B_Current"},{"key":"$out:selectors:0:fields:21:type","value":"11"},{"key":"$out:selectors:0:fields:220:name","value":"CDT.EnergyMultiplier"},{"key":"$out:selectors:0:fields:220:type","value":"11"},{"key":"$out:selectors:0:fields:221:name","value":"CDT.CommsStatus"},{"key":"$out:selectors:0:fields:221:type","value":"1"},{"key":"$out:selectors:0:fields:222:name","value":"CDT.C_N_Voltage"},{"key":"$out:selectors:0:fields:222:type","value":"11"},{"key":"$out:selectors:0:fields:223:name","value":"CDT.C_Current"},{"key":"$out:selectors:0:fields:223:type","value":"11"},{"key":"$out:selectors:0:fields:224:name","value":"CDT.B_N_Voltage"},{"key":"$out:selectors:0:fields:224:type","value":"11"},{"key":"$out:selectors:0:fields:225:name","value":"CDT.B_Current"},{"key":"$out:selectors:0:fields:225:type","value":"11"},{"key":"$out:selectors:0:fields:226:name","value":"CDT.A_N_Voltage"},{"key":"$out:selectors:0:fields:226:type","value":"11"},{"key":"$out:selectors:0:fields:227:name","value":"CDT.A_Current"},{"key":"$out:selectors:0:fields:227:type","value":"11"},{"key":"$out:selectors:0:fields:228:name","value":"CBT.RealPower"},{"key":"$out:selectors:0:fields:228:type","value":"11"},{"key":"$out:selectors:0:fields:229:name","value":"CBT.ReactivePower"},{"key":"$out:selectors:0:fields:229:type","value":"11"},{"key":"$out:selectors:0:fields:22:name","value":"DSP.A_N_Voltage"},{"key":"$out:selectors:0:fields:22:type","value":"11"},{"key":"$out:selectors:0:fields:230:name","value":"CBT.PowerFactor"},{"key":"$out:selectors:0:fields:230:type","value":"11"},{"key":"$out:selectors:0:fields:231:name","value":"CBT.Frequency"},{"key":"$out:selectors:0:fields:231:type","value":"11"},{"key":"$out:selectors:0:fields:232:name","value":"CBT.EnergyMultiplier"},{"key":"$out:selectors:0:fields:232:type","value":"11"},{"key":"$out:selectors:0:fields:233:name","value":"CBT.CommsStatus"},{"key":"$out:selectors:0:fields:233:type","value":"1"},{"key":"$out:selectors:0:fields:234:name","value":"CBT.C_N_Voltage"},{"key":"$out:selectors:0:fields:234:type","value":"11"},{"key":"$out:selectors:0:fields:235:name","value":"CBT.C_Current"},{"key":"$out:selectors:0:fields:235:type","value":"11"},{"key":"$out:selectors:0:fields:236:name","value":"CBT.B_N_Voltage"},{"key":"$out:selectors:0:fields:236:type","value":"11"},{"key":"$out:selectors:0:fields:237:name","value":"CBT.B_Current"},{"key":"$out:selectors:0:fields:237:type","value":"11"},{"key":"$out:selectors:0:fields:238:name","value":"CBT.A_N_Voltage"},{"key":"$out:selectors:0:fields:238:type","value":"11"},{"key":"$out:selectors:0:fields:239:name","value":"CBT.A_Current"},{"key":"$out:selectors:0:fields:239:type","value":"11"},{"key":"$out:selectors:0:fields:23:name","value":"DSP.A_Current"},{"key":"$out:selectors:0:fields:23:type","value":"11"},{"key":"$out:selectors:0:fields:240:name","value":"BG9.RealPower"},{"key":"$out:selectors:0:fields:240:type","value":"11"},{"key":"$out:selectors:0:fields:241:name","value":"BG9.ReactivePower"},{"key":"$out:selectors:0:fields:241:type","value":"11"},{"key":"$out:selectors:0:fields:242:name","value":"BG9.PowerFactor"},{"key":"$out:selectors:0:fields:242:type","value":"11"},{"key":"$out:selectors:0:fields:243:name","value":"BG9.Frequency"},{"key":"$out:selectors:0:fields:243:type","value":"11"},{"key":"$out:selectors:0:fields:244:name","value":"BG9.EnergyMultiplier"},{"key":"$out:selectors:0:fields:244:type","value":"11"},{"key":"$out:selectors:0:fields:245:name","value":"BG9.CommsStatus"},{"key":"$out:selectors:0:fields:245:type","value":"1"},{"key":"$out:selectors:0:fields:246:name","value":"BG9.C_N_Voltage"},{"key":"$out:selectors:0:fields:246:type","value":"11"},{"key":"$out:selectors:0:fields:247:name","value":"BG9.C_Current"},{"key":"$out:selectors:0:fields:247:type","value":"11"},{"key":"$out:selectors:0:fields:248:name","value":"BG9.B_N_Voltage"},{"key":"$out:selectors:0:fields:248:type","value":"11"},{"key":"$out:selectors:0:fields:249:name","value":"BG9.B_Current"},{"key":"$out:selectors:0:fields:249:type","value":"11"},{"key":"$out:selectors:0:fields:24:name","value":"DG2.PowerFactor"},{"key":"$out:selectors:0:fields:24:type","value":"11"},{"key":"$out:selectors:0:fields:250:name","value":"BG9.A_N_Voltage"},{"key":"$out:selectors:0:fields:250:type","value":"11"},{"key":"$out:selectors:0:fields:251:name","value":"BG9.A_Current"},{"key":"$out:selectors:0:fields:251:type","value":"11"},{"key":"$out:selectors:0:fields:252:name","value":"BG8.RealPower"},{"key":"$out:selectors:0:fields:252:type","value":"11"},{"key":"$out:selectors:0:fields:253:name","value":"BG8.ReactivePower"},{"key":"$out:selectors:0:fields:253:type","value":"11"},{"key":"$out:selectors:0:fields:254:name","value":"BG8.PowerFactor"},{"key":"$out:selectors:0:fields:254:type","value":"11"},{"key":"$out:selectors:0:fields:255:name","value":"BG8.Frequency"},{"key":"$out:selectors:0:fields:255:type","value":"11"},{"key":"$out:selectors:0:fields:256:name","value":"BG8.EnergyMultiplier"},{"key":"$out:selectors:0:fields:256:type","value":"11"},{"key":"$out:selectors:0:fields:257:name","value":"BG8.CommsStatus"},{"key":"$out:selectors:0:fields:257:type","value":"1"},{"key":"$out:selectors:0:fields:258:name","value":"BG8.C_N_Voltage"},{"key":"$out:selectors:0:fields:258:type","value":"11"},{"key":"$out:selectors:0:fields:259:name","value":"BG8.C_Current"},{"key":"$out:selectors:0:fields:259:type","value":"11"},{"key":"$out:selectors:0:fields:25:name","value":"DG2.Frequency"},{"key":"$out:selectors:0:fields:25:type","value":"11"},{"key":"$out:selectors:0:fields:260:name","value":"BG8.B_N_Voltage"},{"key":"$out:selectors:0:fields:260:type","value":"11"},{"key":"$out:selectors:0:fields:261:name","value":"BG8.B_Current"},{"key":"$out:selectors:0:fields:261:type","value":"11"},{"key":"$out:selectors:0:fields:262:name","value":"BG8.A_N_Voltage"},{"key":"$out:selectors:0:fields:262:type","value":"11"},{"key":"$out:selectors:0:fields:263:name","value":"BG8.A_Current"},{"key":"$out:selectors:0:fields:263:type","value":"11"},{"key":"$out:selectors:0:fields:264:name","value":"BG11.RealPower"},{"key":"$out:selectors:0:fields:264:type","value":"11"},{"key":"$out:selectors:0:fields:265:name","value":"BG11.ReactivePower"},{"key":"$out:selectors:0:fields:265:type","value":"11"},{"key":"$out:selectors:0:fields:266:name","value":"BG11.PowerFactor"},{"key":"$out:selectors:0:fields:266:type","value":"11"},{"key":"$out:selectors:0:fields:267:name","value":"BG11.Frequency"},{"key":"$out:selectors:0:fields:267:type","value":"11"},{"key":"$out:selectors:0:fields:268:name","value":"BG11.EnergyMultiplier"},{"key":"$out:selectors:0:fields:268:type","value":"11"},{"key":"$out:selectors:0:fields:269:name","value":"BG11.CommsStatus"},{"key":"$out:selectors:0:fields:269:type","value":"1"},{"key":"$out:selectors:0:fields:26:name","value":"DG2.EnergyMultiplier"},{"key":"$out:selectors:0:fields:26:type","value":"11"},{"key":"$out:selectors:0:fields:270:name","value":"BG11.C_N_Voltage"},{"key":"$out:selectors:0:fields:270:type","value":"11"},{"key":"$out:selectors:0:fields:271:name","value":"BG11.C_Current"},{"key":"$out:selectors:0:fields:271:type","value":"11"},{"key":"$out:selectors:0:fields:272:name","value":"BG11.B_N_Voltage"},{"key":"$out:selectors:0:fields:272:type","value":"11"},{"key":"$out:selectors:0:fields:273:name","value":"BG11.B_Current"},{"key":"$out:selectors:0:fields:273:type","value":"11"},{"key":"$out:selectors:0:fields:274:name","value":"BG11.A_N_Voltage"},{"key":"$out:selectors:0:fields:274:type","value":"11"},{"key":"$out:selectors:0:fields:275:name","value":"BG11.A_Current"},{"key":"$out:selectors:0:fields:275:type","value":"11"},{"key":"$out:selectors:0:fields:276:name","value":"BG10.RealPower"},{"key":"$out:selectors:0:fields:276:type","value":"11"},{"key":"$out:selectors:0:fields:277:name","value":"BG10.ReactivePower"},{"key":"$out:selectors:0:fields:277:type","value":"11"},{"key":"$out:selectors:0:fields:278:name","value":"BG10.PowerFactor"},{"key":"$out:selectors:0:fields:278:type","value":"11"},{"key":"$out:selectors:0:fields:279:name","value":"BG10.Frequency"},{"key":"$out:selectors:0:fields:279:type","value":"11"},{"key":"$out:selectors:0:fields:27:name","value":"DG2.CommsStatus"},{"key":"$out:selectors:0:fields:27:type","value":"1"},{"key":"$out:selectors:0:fields:280:name","value":"BG10.EnergyMultiplier"},{"key":"$out:selectors:0:fields:280:type","value":"11"},{"key":"$out:selectors:0:fields:281:name","value":"BG10.CommsStatus"},{"key":"$out:selectors:0:fields:281:type","value":"1"},{"key":"$out:selectors:0:fields:282:name","value":"BG10.C_N_Voltage"},{"key":"$out:selectors:0:fields:282:type","value":"11"},{"key":"$out:selectors:0:fields:283:name","value":"BG10.C_Current"},{"key":"$out:selectors:0:fields:283:type","value":"11"},{"key":"$out:selectors:0:fields:284:name","value":"BG10.B_N_Voltage"},{"key":"$out:selectors:0:fields:284:type","value":"11"},{"key":"$out:selectors:0:fields:285:name","value":"BG10.B_Current"},{"key":"$out:selectors:0:fields:285:type","value":"11"},{"key":"$out:selectors:0:fields:286:name","value":"BG10.A_N_Voltage"},{"key":"$out:selectors:0:fields:286:type","value":"11"},{"key":"$out:selectors:0:fields:287:name","value":"BG10.A_Current"},{"key":"$out:selectors:0:fields:287:type","value":"11"},{"key":"$out:selectors:0:fields:288:name","value":"BF4.RealPower"},{"key":"$out:selectors:0:fields:288:type","value":"11"},{"key":"$out:selectors:0:fields:289:name","value":"BF4.ReactivePower"},{"key":"$out:selectors:0:fields:289:type","value":"11"},{"key":"$out:selectors:0:fields:28:name","value":"DG2.C_N_Voltage"},{"key":"$out:selectors:0:fields:28:type","value":"11"},{"key":"$out:selectors:0:fields:290:name","value":"BF4.PowerFactor"},{"key":"$out:selectors:0:fields:290:type","value":"11"},{"key":"$out:selectors:0:fields:291:name","value":"BF4.Frequency"},{"key":"$out:selectors:0:fields:291:type","value":"11"},{"key":"$out:selectors:0:fields:292:name","value":"BF4.EnergyMultiplier"},{"key":"$out:selectors:0:fields:292:type","value":"11"},{"key":"$out:selectors:0:fields:293:name","value":"BF4.CommsStatus"},{"key":"$out:selectors:0:fields:293:type","value":"1"},{"key":"$out:selectors:0:fields:294:name","value":"BF4.C_N_Voltage"},{"key":"$out:selectors:0:fields:294:type","value":"11"},{"key":"$out:selectors:0:fields:295:name","value":"BF4.C_Current"},{"key":"$out:selectors:0:fields:295:type","value":"11"},{"key":"$out:selectors:0:fields:296:name","value":"BF4.B_N_Voltage"},{"key":"$out:selectors:0:fields:296:type","value":"11"},{"key":"$out:selectors:0:fields:297:name","value":"BF4.B_Current"},{"key":"$out:selectors:0:fields:297:type","value":"11"},{"key":"$out:selectors:0:fields:298:name","value":"BF4.A_N_Voltage"},{"key":"$out:selectors:0:fields:298:type","value":"11"},{"key":"$out:selectors:0:fields:299:name","value":"BF4.A_Current"},{"key":"$out:selectors:0:fields:299:type","value":"11"},{"key":"$out:selectors:0:fields:29:name","value":"DG2.C_Current"},{"key":"$out:selectors:0:fields:29:type","value":"11"},{"key":"$out:selectors:0:fields:2:name","value":"KPL.C_N_Voltage"},{"key":"$out:selectors:0:fields:2:type","value":"11"},{"key":"$out:selectors:0:fields:300:name","value":"BF3.RealPower"},{"key":"$out:selectors:0:fields:300:type","value":"11"},{"key":"$out:selectors:0:fields:301:name","value":"BF3.ReactivePower"},{"key":"$out:selectors:0:fields:301:type","value":"11"},{"key":"$out:selectors:0:fields:302:name","value":"BF3.PowerFactor"},{"key":"$out:selectors:0:fields:302:type","value":"11"},{"key":"$out:selectors:0:fields:303:name","value":"BF3.Frequency"},{"key":"$out:selectors:0:fields:303:type","value":"11"},{"key":"$out:selectors:0:fields:304:name","value":"BF3.EnergyMultiplier"},{"key":"$out:selectors:0:fields:304:type","value":"11"},{"key":"$out:selectors:0:fields:305:name","value":"BF3.CommsStatus"},{"key":"$out:selectors:0:fields:305:type","value":"1"},{"key":"$out:selectors:0:fields:306:name","value":"BF3.C_N_Voltage"},{"key":"$out:selectors:0:fields:306:type","value":"11"},{"key":"$out:selectors:0:fields:307:name","value":"BF3.C_Current"},{"key":"$out:selectors:0:fields:307:type","value":"11"},{"key":"$out:selectors:0:fields:308:name","value":"BF3.B_N_Voltage"},{"key":"$out:selectors:0:fields:308:type","value":"11"},{"key":"$out:selectors:0:fields:309:name","value":"BF3.B_Current"},{"key":"$out:selectors:0:fields:309:type","value":"11"},{"key":"$out:selectors:0:fields:30:name","value":"DG2.B_N_Voltage"},{"key":"$out:selectors:0:fields:30:type","value":"11"},{"key":"$out:selectors:0:fields:310:name","value":"BF3.A_N_Voltage"},{"key":"$out:selectors:0:fields:310:type","value":"11"},{"key":"$out:selectors:0:fields:311:name","value":"BF3.A_Current"},{"key":"$out:selectors:0:fields:311:type","value":"11"},{"key":"$out:selectors:0:fields:312:name","value":"BF2.RealPower"},{"key":"$out:selectors:0:fields:312:type","value":"11"},{"key":"$out:selectors:0:fields:313:name","value":"BF2.ReactivePower"},{"key":"$out:selectors:0:fields:313:type","value":"11"},{"key":"$out:selectors:0:fields:314:name","value":"BF2.PowerFactor"},{"key":"$out:selectors:0:fields:314:type","value":"11"},{"key":"$out:selectors:0:fields:315:name","value":"BF2.Frequency"},{"key":"$out:selectors:0:fields:315:type","value":"11"},{"key":"$out:selectors:0:fields:316:name","value":"BF2.EnergyMultiplier"},{"key":"$out:selectors:0:fields:316:type","value":"11"},{"key":"$out:selectors:0:fields:317:name","value":"BF2.CommsStatus"},{"key":"$out:selectors:0:fields:317:type","value":"1"},{"key":"$out:selectors:0:fields:318:name","value":"BF2.C_N_Voltage"},{"key":"$out:selectors:0:fields:318:type","value":"11"},{"key":"$out:selectors:0:fields:319:name","value":"BF2.C_Current"},{"key":"$out:selectors:0:fields:319:type","value":"11"},{"key":"$out:selectors:0:fields:31:name","value":"DG2.B_Current"},{"key":"$out:selectors:0:fields:31:type","value":"11"},{"key":"$out:selectors:0:fields:320:name","value":"BF2.B_N_Voltage"},{"key":"$out:selectors:0:fields:320:type","value":"11"},{"key":"$out:selectors:0:fields:321:name","value":"BF2.B_Current"},{"key":"$out:selectors:0:fields:321:type","value":"11"},{"key":"$out:selectors:0:fields:322:name","value":"BF2.A_N_Voltage"},{"key":"$out:selectors:0:fields:322:type","value":"11"},{"key":"$out:selectors:0:fields:323:name","value":"BF2.A_Current"},{"key":"$out:selectors:0:fields:323:type","value":"11"},{"key":"$out:selectors:0:fields:324:name","value":"BF1.RealPower"},{"key":"$out:selectors:0:fields:324:type","value":"11"},{"key":"$out:selectors:0:fields:325:name","value":"BF1.ReactivePower"},{"key":"$out:selectors:0:fields:325:type","value":"11"},{"key":"$out:selectors:0:fields:326:name","value":"BF1.PowerFactor"},{"key":"$out:selectors:0:fields:326:type","value":"11"},{"key":"$out:selectors:0:fields:327:name","value":"BF1.Frequency"},{"key":"$out:selectors:0:fields:327:type","value":"11"},{"key":"$out:selectors:0:fields:328:name","value":"BF1.EnergyMultiplier"},{"key":"$out:selectors:0:fields:328:type","value":"11"},{"key":"$out:selectors:0:fields:329:name","value":"BF1.CommsStatus"},{"key":"$out:selectors:0:fields:329:type","value":"1"},{"key":"$out:selectors:0:fields:32:name","value":"DG2.A_N_Voltage"},{"key":"$out:selectors:0:fields:32:type","value":"11"},{"key":"$out:selectors:0:fields:330:name","value":"BF1.C_N_Voltage"},{"key":"$out:selectors:0:fields:330:type","value":"11"},{"key":"$out:selectors:0:fields:331:name","value":"BF1.C_Current"},{"key":"$out:selectors:0:fields:331:type","value":"11"},{"key":"$out:selectors:0:fields:332:name","value":"BF1.B_N_Voltage"},{"key":"$out:selectors:0:fields:332:type","value":"11"},{"key":"$out:selectors:0:fields:333:name","value":"BF1.B_Current"},{"key":"$out:selectors:0:fields:333:type","value":"11"},{"key":"$out:selectors:0:fields:334:name","value":"BF1.A_N_Voltage"},{"key":"$out:selectors:0:fields:334:type","value":"11"},{"key":"$out:selectors:0:fields:335:name","value":"BF1.A_Current"},{"key":"$out:selectors:0:fields:335:type","value":"11"},{"key":"$out:selectors:0:fields:336:name","value":"BCT.RealPower"},{"key":"$out:selectors:0:fields:336:type","value":"11"},{"key":"$out:selectors:0:fields:337:name","value":"BCT.ReactivePower"},{"key":"$out:selectors:0:fields:337:type","value":"11"},{"key":"$out:selectors:0:fields:338:name","value":"BCT.PowerFactor"},{"key":"$out:selectors:0:fields:338:type","value":"11"},{"key":"$out:selectors:0:fields:339:name","value":"BCT.Frequency"},{"key":"$out:selectors:0:fields:339:type","value":"11"},{"key":"$out:selectors:0:fields:33:name","value":"DG2.A_Current"},{"key":"$out:selectors:0:fields:33:type","value":"11"},{"key":"$out:selectors:0:fields:340:name","value":"BCT.EnergyMultiplier"},{"key":"$out:selectors:0:fields:340:type","value":"11"},{"key":"$out:selectors:0:fields:341:name","value":"BCT.CommsStatus"},{"key":"$out:selectors:0:fields:341:type","value":"1"},{"key":"$out:selectors:0:fields:342:name","value":"BCT.C_N_Voltage"},{"key":"$out:selectors:0:fields:342:type","value":"11"},{"key":"$out:selectors:0:fields:343:name","value":"BCT.C_Current"},{"key":"$out:selectors:0:fields:343:type","value":"11"},{"key":"$out:selectors:0:fields:344:name","value":"BCT.B_N_Voltage"},{"key":"$out:selectors:0:fields:344:type","value":"11"},{"key":"$out:selectors:0:fields:345:name","value":"BCT.B_Current"},{"key":"$out:selectors:0:fields:345:type","value":"11"},{"key":"$out:selectors:0:fields:346:name","value":"BCT.A_N_Voltage"},{"key":"$out:selectors:0:fields:346:type","value":"11"},{"key":"$out:selectors:0:fields:347:name","value":"BCT.A_Current"},{"key":"$out:selectors:0:fields:347:type","value":"11"},{"key":"$out:selectors:0:fields:34:name","value":"DG6.A_N_Voltage"},{"key":"$out:selectors:0:fields:34:type","value":"11"},{"key":"$out:selectors:0:fields:35:name","value":"DG6.A_Current"},{"key":"$out:selectors:0:fields:35:type","value":"11"},{"key":"$out:selectors:0:fields:36:name","value":"DG5.RealPower"},{"key":"$out:selectors:0:fields:36:type","value":"11"},{"key":"$out:selectors:0:fields:37:name","value":"DG5.ReactivePower"},{"key":"$out:selectors:0:fields:37:type","value":"11"},{"key":"$out:selectors:0:fields:38:name","value":"DG5.PowerFactor"},{"key":"$out:selectors:0:fields:38:type","value":"11"},{"key":"$out:selectors:0:fields:39:name","value":"DG5.Frequency"},{"key":"$out:selectors:0:fields:39:type","value":"11"},{"key":"$out:selectors:0:fields:3:name","value":"KPL.C_Current"},{"key":"$out:selectors:0:fields:3:type","value":"11"},{"key":"$out:selectors:0:fields:40:name","value":"DG5.EnergyMultiplier"},{"key":"$out:selectors:0:fields:40:type","value":"11"},{"key":"$out:selectors:0:fields:41:name","value":"DG5.CommsStatus"},{"key":"$out:selectors:0:fields:41:type","value":"1"},{"key":"$out:selectors:0:fields:42:name","value":"DG5.C_N_Voltage"},{"key":"$out:selectors:0:fields:42:type","value":"11"},{"key":"$out:selectors:0:fields:43:name","value":"DG5.C_Current"},{"key":"$out:selectors:0:fields:43:type","value":"11"},{"key":"$out:selectors:0:fields:44:name","value":"DG5.B_N_Voltage"},{"key":"$out:selectors:0:fields:44:type","value":"11"},{"key":"$out:selectors:0:fields:45:name","value":"DG5.B_Current"},{"key":"$out:selectors:0:fields:45:type","value":"11"},{"key":"$out:selectors:0:fields:46:name","value":"DG5.A_N_Voltage"},{"key":"$out:selectors:0:fields:46:type","value":"11"},{"key":"$out:selectors:0:fields:47:name","value":"DG5.A_Current"},{"key":"$out:selectors:0:fields:47:type","value":"11"},{"key":"$out:selectors:0:fields:48:name","value":"DG4.RealPower"},{"key":"$out:selectors:0:fields:48:type","value":"11"},{"key":"$out:selectors:0:fields:49:name","value":"DG4.ReactivePower"},{"key":"$out:selectors:0:fields:49:type","value":"11"},{"key":"$out:selectors:0:fields:4:name","value":"KPL.B_N_Voltage"},{"key":"$out:selectors:0:fields:4:type","value":"11"},{"key":"$out:selectors:0:fields:50:name","value":"DG4.PowerFactor"},{"key":"$out:selectors:0:fields:50:type","value":"11"},{"key":"$out:selectors:0:fields:51:name","value":"DG4.Frequency"},{"key":"$out:selectors:0:fields:51:type","value":"11"},{"key":"$out:selectors:0:fields:52:name","value":"DG4.EnergyMultiplier"},{"key":"$out:selectors:0:fields:52:type","value":"11"},{"key":"$out:selectors:0:fields:53:name","value":"DG4.CommsStatus"},{"key":"$out:selectors:0:fields:53:type","value":"1"},{"key":"$out:selectors:0:fields:54:name","value":"DG4.C_N_Voltage"},{"key":"$out:selectors:0:fields:54:type","value":"11"},{"key":"$out:selectors:0:fields:55:name","value":"DG4.C_Current"},{"key":"$out:selectors:0:fields:55:type","value":"11"},{"key":"$out:selectors:0:fields:56:name","value":"DG4.B_N_Voltage"},{"key":"$out:selectors:0:fields:56:type","value":"11"},{"key":"$out:selectors:0:fields:57:name","value":"DG4.B_Current"},{"key":"$out:selectors:0:fields:57:type","value":"11"},{"key":"$out:selectors:0:fields:58:name","value":"DG4.A_N_Voltage"},{"key":"$out:selectors:0:fields:58:type","value":"11"},{"key":"$out:selectors:0:fields:59:name","value":"DG4.A_Current"},{"key":"$out:selectors:0:fields:59:type","value":"11"},{"key":"$out:selectors:0:fields:5:name","value":"KPL.B_Current"},{"key":"$out:selectors:0:fields:5:type","value":"11"},{"key":"$out:selectors:0:fields:60:name","value":"DG3.RealPower"},{"key":"$out:selectors:0:fields:60:type","value":"11"},{"key":"$out:selectors:0:fields:61:name","value":"DG3.ReactivePower"},{"key":"$out:selectors:0:fields:61:type","value":"11"},{"key":"$out:selectors:0:fields:62:name","value":"DG3.PowerFactor"},{"key":"$out:selectors:0:fields:62:type","value":"11"},{"key":"$out:selectors:0:fields:63:name","value":"DG3.Frequency"},{"key":"$out:selectors:0:fields:63:type","value":"11"},{"key":"$out:selectors:0:fields:64:name","value":"DG3.EnergyMultiplier"},{"key":"$out:selectors:0:fields:64:type","value":"11"},{"key":"$out:selectors:0:fields:65:name","value":"DG3.CommsStatus"},{"key":"$out:selectors:0:fields:65:type","value":"1"},{"key":"$out:selectors:0:fields:66:name","value":"DG3.C_N_Voltage"},{"key":"$out:selectors:0:fields:66:type","value":"11"},{"key":"$out:selectors:0:fields:67:name","value":"DG3.C_Current"},{"key":"$out:selectors:0:fields:67:type","value":"11"},{"key":"$out:selectors:0:fields:68:name","value":"DG3.B_N_Voltage"},{"key":"$out:selectors:0:fields:68:type","value":"11"},{"key":"$out:selectors:0:fields:69:name","value":"DG3.B_Current"},{"key":"$out:selectors:0:fields:69:type","value":"11"},{"key":"$out:selectors:0:fields:6:name","value":"KPL.A_N_Voltage"},{"key":"$out:selectors:0:fields:6:type","value":"11"},{"key":"$out:selectors:0:fields:70:name","value":"DG3.A_N_Voltage"},{"key":"$out:selectors:0:fields:70:type","value":"11"},{"key":"$out:selectors:0:fields:71:name","value":"DG3.A_Current"},{"key":"$out:selectors:0:fields:71:type","value":"11"},{"key":"$out:selectors:0:fields:72:name","value":"DG2.RealPower"},{"key":"$out:selectors:0:fields:72:type","value":"11"},{"key":"$out:selectors:0:fields:73:name","value":"DG2.ReactivePower"},{"key":"$out:selectors:0:fields:73:type","value":"11"},{"key":"$out:selectors:0:fields:74:name","value":"DG6.RealPower"},{"key":"$out:selectors:0:fields:74:type","value":"11"},{"key":"$out:selectors:0:fields:75:name","value":"DG6.ReactivePower"},{"key":"$out:selectors:0:fields:75:type","value":"11"},{"key":"$out:selectors:0:fields:76:name","value":"DG6.PowerFactor"},{"key":"$out:selectors:0:fields:76:type","value":"11"},{"key":"$out:selectors:0:fields:77:name","value":"DG6.Frequency"},{"key":"$out:selectors:0:fields:77:type","value":"11"},{"key":"$out:selectors:0:fields:78:name","value":"DG6.EnergyMultiplier"},{"key":"$out:selectors:0:fields:78:type","value":"11"},{"key":"$out:selectors:0:fields:79:name","value":"DG6.CommsStatus"},{"key":"$out:selectors:0:fields:79:type","value":"1"},{"key":"$out:selectors:0:fields:7:name","value":"KPL.A_Current"},{"key":"$out:selectors:0:fields:7:type","value":"11"},{"key":"$out:selectors:0:fields:80:name","value":"DG6.C_N_Voltage"},{"key":"$out:selectors:0:fields:80:type","value":"11"},{"key":"$out:selectors:0:fields:81:name","value":"DG6.C_Current"},{"key":"$out:selectors:0:fields:81:type","value":"11"},{"key":"$out:selectors:0:fields:82:name","value":"DG6.B_N_Voltage"},{"key":"$out:selectors:0:fields:82:type","value":"11"},{"key":"$out:selectors:0:fields:83:name","value":"DG6.B_Current"},{"key":"$out:selectors:0:fields:83:type","value":"11"},{"key":"$out:selectors:0:fields:84:name","value":"DF4.RealPower"},{"key":"$out:selectors:0:fields:84:type","value":"11"},{"key":"$out:selectors:0:fields:85:name","value":"DF4.ReactivePower"},{"key":"$out:selectors:0:fields:85:type","value":"11"},{"key":"$out:selectors:0:fields:86:name","value":"DF4.PowerFactor"},{"key":"$out:selectors:0:fields:86:type","value":"11"},{"key":"$out:selectors:0:fields:87:name","value":"DF4.Frequency"},{"key":"$out:selectors:0:fields:87:type","value":"11"},{"key":"$out:selectors:0:fields:88:name","value":"DF4.EnergyMultiplier"},{"key":"$out:selectors:0:fields:88:type","value":"11"},{"key":"$out:selectors:0:fields:89:name","value":"DF4.CommsStatus"},{"key":"$out:selectors:0:fields:89:type","value":"1"},{"key":"$out:selectors:0:fields:8:name","value":"KPL.PowerFactor"},{"key":"$out:selectors:0:fields:8:type","value":"11"},{"key":"$out:selectors:0:fields:90:name","value":"DF4.C_N_Voltage"},{"key":"$out:selectors:0:fields:90:type","value":"11"},{"key":"$out:selectors:0:fields:91:name","value":"DF4.C_Current"},{"key":"$out:selectors:0:fields:91:type","value":"11"},{"key":"$out:selectors:0:fields:92:name","value":"DF4.B_N_Voltage"},{"key":"$out:selectors:0:fields:92:type","value":"11"},{"key":"$out:selectors:0:fields:93:name","value":"DF4.B_Current"},{"key":"$out:selectors:0:fields:93:type","value":"11"},{"key":"$out:selectors:0:fields:94:name","value":"DF4.A_N_Voltage"},{"key":"$out:selectors:0:fields:94:type","value":"11"},{"key":"$out:selectors:0:fields:95:name","value":"DF4.A_Current"},{"key":"$out:selectors:0:fields:95:type","value":"11"},{"key":"$out:selectors:0:fields:96:name","value":"DF3.RealPower"},{"key":"$out:selectors:0:fields:96:type","value":"11"},{"key":"$out:selectors:0:fields:97:name","value":"DF3.ReactivePower"},{"key":"$out:selectors:0:fields:97:type","value":"11"},{"key":"$out:selectors:0:fields:98:name","value":"DF3.PowerFactor"},{"key":"$out:selectors:0:fields:98:type","value":"11"},{"key":"$out:selectors:0:fields:99:name","value":"DF3.Frequency"},{"key":"$out:selectors:0:fields:99:type","value":"11"},{"key":"$out:selectors:0:fields:9:name","value":"KPL.Frequency"},{"key":"$out:selectors:0:fields:9:type","value":"11"},{"key":"$out:selectors:0:schemaType","value":"0"},{"key":"$out:selectors:0:selector","value":"0"},{"key":"name","value":"PLC Read"},{"key":"x","value":"375"},{"key":"y","value":"-250"}]},{"id":"c40da5a3-130b-4742-b275-c949c2712bed","pipelineTopologyId":"9f06418f-0b7a-450f-b3b9-4fea664e5721","kind":"std/log","configuration":[{"key":"level","value":"info"},{"key":"template","value":"Successful write!"}],"metadata":[{"key":"$in:schemaType","value":"2"},{"key":"name","value":"InfuxDB - Write Successful"},{"key":"x","value":"1625"},{"key":"y","value":"-375"}]},{"id":"cac1674e-5593-46e7-93e8-bf6d12278307","pipelineTopologyId":"9f06418f-0b7a-450f-b3b9-4fea664e5721","kind":"std/timestamp","configuration":[],"metadata":[{"key":"name","value":"Timestamp"},{"key":"x","value":"625"},{"key":"y","value":"-250"}]},{"id":"cd49e275-c5df-4125-add0-382f7273041c","pipelineTopologyId":"9f06418f-0b7a-450f-b3b9-4fea664e5721","kind":"std/http","configuration":[{"key":"$version","value":"1"},{"key":"contentColumn","value":"Content"},{"key":"contentEncoding","value":"0"},{"key":"contentSource","value":"2"},{"key":"contentTemplate","value":"powerMonitors,sensor_id={{data[\"Name\"][0]}} RealPower={{data[\"RealPower\"][0]}},ReactivePower={{data[\"ReactivePower\"][0]}},PowerFactor={{data[\"PowerFactor\"][0]}},Frequency={{data[\"Frequency\"][0]}},EnergyMultiplier={{data[\"EnergyMultiplier\"][0]}},A_NeutralVoltage={{data[\"A_N_Voltage\"][0]}},A_Current={{data[\"A_Current\"][0]}},B_NeutralVoltage={{data[\"B_N_Voltage\"][0]}},B_Current={{data[\"B_Current\"][0]}},C_NeutralVoltage={{data[\"C_N_Voltage\"][0]}},C_Current={{data[\"C_Current\"][0]}},CommsStatus={{data[\"CommsStatus\"][0]}} {{data[\"Timestamp\"][0]}}"},{"key":"contentType","value":"text/plain"},{"key":"method","value":"post"},{"key":"queryParams:bucket","value":"9d2904211cd459a4"},{"key":"queryParams:org","value":"376aed6cc475571d"},{"key":"queryParams:precision","value":"ms"},{"key":"resource","value":"60c190c9-92c3-4dc2-8146-54cf79bba96e"},{"key":"url","value":"api/v2/write"}],"metadata":[{"key":"$in:schemaType","value":"1"},{"key":"$out:selectors:0:fields:0:name","value":"Timestamp"},{"key":"$out:selectors:0:fields:0:type","value":"9"},{"key":"$out:selectors:0:fields:1:name","value":"StatusCode"},{"key":"$out:selectors:0:fields:1:type","value":"9"},{"key":"$out:selectors:0:fields:2:name","value":"ContentType"},{"key":"$out:selectors:0:fields:2:type","value":"13"},{"key":"$out:selectors:0:fields:3:name","value":"Content"},{"key":"$out:selectors:0:fields:3:type","value":"13"},{"key":"$out:selectors:0:schemaType","value":"0"},{"key":"$out:selectors:0:selector","value":"0"},{"key":"$out:selectors:1:schemaType","value":"1"},{"key":"$out:selectors:1:selector","value":"1"},{"key":"name","value":"HTTP Request"},{"key":"x","value":"1125"},{"key":"y","value":"-250"}]},{"id":"d5afb562-8696-4ecf-82a4-633c640cd6c7","pipelineTopologyId":"9f06418f-0b7a-450f-b3b9-4fea664e5721","kind":"std/timer","configuration":[{"key":"count","value":"0"},{"key":"interval","value":"30000"}],"metadata":[{"key":"$in:schemaType","value":"2"},{"key":"name","value":"Timer"},{"key":"x","value":"125"},{"key":"y","value":"-250"}]},{"id":"f23b189b-0f97-4e99-80d1-c03d8138391a","pipelineTopologyId":"9f06418f-0b7a-450f-b3b9-4fea664e5721","kind":"std/condition","configuration":[{"key":"logicalOperator","value":"And"},{"key":"sets:0:column","value":"StatusCode"},{"key":"sets:0:operator","value":"EqualTo"},{"key":"sets:0:value","value":"204"}],"metadata":[{"key":"$in:fields:0:name","value":"204"},{"key":"$in:fields:0:type","value":"-1"},{"key":"$in:schemaType","value":"2"},{"key":"$out:selectors:0:schemaType","value":"1"},{"key":"$out:selectors:0:selector","value":"0"},{"key":"$out:selectors:1:schemaType","value":"1"},{"key":"$out:selectors:1:selector","value":"1"},{"key":"$out:selectors:2:schemaType","value":"1"},{"key":"$out:selectors:2:selector","value":"2"},{"key":"name","value":"Write Success"},{"key":"x","value":"1375"},{"key":"y","value":"-250"}]}],"pipes":[{"id":"9eea98b6-da4f-4ce6-a337-0cb7607af921","sourceId":"d5afb562-8696-4ecf-82a4-633c640cd6c7","sinkId":"b66d9c8d-04ca-4373-8bea-824436d8604b","selector":-1},{"id":"d55438ab-f90d-4001-913a-4f9eee432425","sourceId":"30cc9482-9c92-4ccc-b120-e86a11500973","sinkId":"d5afb562-8696-4ecf-82a4-633c640cd6c7","selector":-1},{"id":"66a741dd-e7cd-40ce-92df-05e0e864d941","sourceId":"cd49e275-c5df-4125-add0-382f7273041c","sinkId":"63eeda9f-c507-4a04-9889-b2881b9d7dcf","selector":1},{"id":"a4861b29-3441-4f4b-aafb-f6cb62f90311","sourceId":"b66d9c8d-04ca-4373-8bea-824436d8604b","sinkId":"a75fcd7d-9116-44e0-a098-3d605bb1e00b","selector":1},{"id":"29f40bac-de16-4ace-8595-7a4708923429","sourceId":"f23b189b-0f97-4e99-80d1-c03d8138391a","sinkId":"c40da5a3-130b-4742-b275-c949c2712bed","selector":0},{"id":"4f345490-06d3-4da5-8ce3-2efc67f08de5","sourceId":"cd49e275-c5df-4125-add0-382f7273041c","sinkId":"f23b189b-0f97-4e99-80d1-c03d8138391a","selector":0},{"id":"9c76ed2a-a3d5-43ce-b8a4-418d35b5f5fe","sourceId":"f23b189b-0f97-4e99-80d1-c03d8138391a","sinkId":"550616db-549d-40a5-84ee-dcd01be76dc5","selector":1},{"id":"11b776bc-429d-4b7e-bcf3-4759d88b2602","sourceId":"a4095870-a90a-4106-939c-227827994a27","sinkId":"cd49e275-c5df-4125-add0-382f7273041c","selector":2},{"id":"96a1138d-4816-439d-a37a-f03f04f9286f","sourceId":"b66d9c8d-04ca-4373-8bea-824436d8604b","sinkId":"cac1674e-5593-46e7-93e8-bf6d12278307","selector":0},{"id":"ff260da0-6161-4d53-a6ab-2c4122961637","sourceId":"cac1674e-5593-46e7-93e8-bf6d12278307","sinkId":"a4095870-a90a-4106-939c-227827994a27","selector":0}],"id":"9f06418f-0b7a-450f-b3b9-4fea664e5721","dateCreated":"2024-03-20T18:47:31.0355561","dateLastModified":"2024-04-24T16:36:14.0475591"}],"pipelineJobs":[]}