{"version":1,"request":{"fileName":"resource-influxdbCheyenne-20240502-155832.json","resourceIds":["60c190c9-92c3-4dc2-8146-54cf79bba96e"]},"dashboards":[],"resources":[{"name":"InfluxDB (Cheyenne)","kind":"webservice/rest","version":0,"configuration":[{"key":"authentication:credential","value":""},{"key":"authentication:kind","value":"token"},{"key":"authentication:token","value":"Token _4w1n1IExGwUn9vgrhzVw_yRRW_xYoqnoIoWOWmhurDsrkSI63UI3UxWb-tLWH0QK-X71y01IE2xG_1GJVfJrw=="},{"key":"baseUri","value":"https://us-central1-1.gcp.cloud2.influxdata.com/api/v2/write?org=376aed6cc475571d&bucket=9d2904211cd459a4&precision=ns"},{"key":"connectTimeout","value":"5000"},{"key":"headers:Accept","value":"application/json"},{"key":"proxy:credential","value":""},{"key":"proxy:enabled","value":"false"},{"key":"proxy:host","value":""},{"key":"proxy:port","value":"443"},{"key":"proxy:token","value":""},{"key":"responseTimeout","value":"30000"},{"key":"security:ignoreCertificateErrors","value":"false"},{"key":"useCookies","value":"true"}],"id":"60c190c9-92c3-4dc2-8146-54cf79bba96e","dateCreated":"2024-03-21T05:00:27.0869054","dateLastModified":"2024-03-30T12:14:13.8853745"}],"pipelines":[],"pipelineJobs":[]}