{"version":1,"request":{"fileName":"resource-anylogCloudOperator-20240821-182541.json","resourceIds":["88c632dd-21ac-43e3-956a-203f6e0581ef"],"dashboardIds":[],"pipelineIds":[],"pipelineJobIds":[],"resolutions":[]},"dashboards":[],"resources":[{"name":"Anylog - Cloud Operator","kind":"webservice/rest","version":0,"configuration":[{"key":"authentication:credential","value":""},{"key":"authentication:kind","value":"none"},{"key":"authentication:token","value":""},{"key":"baseUri","value":"http://172.105.6.90:32149"},{"key":"connectTimeout","value":"5000"},{"key":"proxy:credential","value":""},{"key":"proxy:enabled","value":"false"},{"key":"proxy:host","value":""},{"key":"proxy:port","value":"443"},{"key":"proxy:token","value":""},{"key":"responseTimeout","value":"30000"},{"key":"security:ignoreCertificateErrors","value":"false"},{"key":"useCookies","value":"true"}],"id":"88c632dd-21ac-43e3-956a-203f6e0581ef","dateCreated":"2023-11-11T19:08:08.7170349","dateLastModified":"2024-06-21T22:34:48.2152918"}],"pipelines":[],"pipelineJobs":[]}