{"version":1,"request":{"fileName":"resource-anylogLocalOperator-20240821-182549.json","resourceIds":["f3e767ad-643a-4e6f-8870-d3f02bc6b1ee"],"dashboardIds":[],"pipelineIds":[],"pipelineJobIds":[],"resolutions":[]},"dashboards":[],"resources":[{"name":"Anylog - Local Operator","kind":"webservice/rest","version":0,"configuration":[{"key":"authentication:credential","value":""},{"key":"authentication:kind","value":"none"},{"key":"authentication:token","value":""},{"key":"baseUri","value":"http://10.10.1.17:32169"},{"key":"connectTimeout","value":"5000"},{"key":"proxy:credential","value":""},{"key":"proxy:enabled","value":"false"},{"key":"proxy:host","value":""},{"key":"proxy:port","value":"443"},{"key":"proxy:token","value":""},{"key":"responseTimeout","value":"30000"},{"key":"security:ignoreCertificateErrors","value":"false"},{"key":"useCookies","value":"true"}],"id":"f3e767ad-643a-4e6f-8870-d3f02bc6b1ee","dateCreated":"2024-05-31T21:28:20.3577457","dateLastModified":"2024-05-31T16:50:42.6082699"}],"pipelines":[],"pipelineJobs":[]}