{"version":1,"request":{"fileName":"resource-slc1-20240821-182620.json","resourceIds":["b16ddf37-fd34-4edb-83b7-ccca66d17b15"],"dashboardIds":[],"pipelineIds":[],"pipelineJobIds":[],"resolutions":[]},"dashboards":[],"resources":[{"name":"SLC1","kind":"plc/allenbradley","version":0,"configuration":[{"key":"connection:maxConnections","value":"5"},{"key":"connection:model","value":"ControlLogix"},{"key":"connection:routePath","value":"10.10.1.19,1,2,1,8#10"},{"key":"connection:timeoutConnectMilliseconds","value":"30000"},{"key":"connection:timeoutTransactionMilliseconds","value":"30000"}],"id":"b16ddf37-fd34-4edb-83b7-ccca66d17b15","dateCreated":"2024-03-06T04:25:24.2967389","dateLastModified":"2024-03-05T22:45:03.7927023"}],"pipelines":[],"pipelineJobs":[]}