{"version":1,"request":{"fileName":"flow-fastupdates-20240503-152249.json","pipelineIds":["5240cb8a-440f-4e85-aac3-789c205e4624"]},"dashboards":[],"resources":[],"pipelines":[{"entryPointId":"24ea7022-8eed-493b-876f-f82627624bb7","dateLastExecuted":"2024-03-08T15:16:27.525731","metadata":[{"key":"description","value":"Values with fast update time"},{"key":"name","value":"FastUpdates"}],"operators":[{"id":"00b1a076-9db4-4e3b-8dd2-b54016d5090b","pipelineTopologyId":"5240cb8a-440f-4e85-aac3-789c205e4624","kind":"std/log","configuration":[{"key":"level","value":"info"},{"key":"template","value":"MQTT Log Success"}],"metadata":[{"key":"$in:schemaType","value":"2"},{"key":"name","value":"Log"},{"key":"x","value":"575"},{"key":"y","value":"125"}]},{"id":"24ea7022-8eed-493b-876f-f82627624bb7","pipelineTopologyId":"5240cb8a-440f-4e85-aac3-789c205e4624","kind":"std/forward","configuration":[],"metadata":[{"key":"name","value":"Entry Point"},{"key":"x","value":"-100"},{"key":"y","value":"-200"}]},{"id":"2879b81d-e812-49bc-aaeb-089b4abb51c1","pipelineTopologyId":"5240cb8a-440f-4e85-aac3-789c205e4624","kind":"std/timestamp","configuration":[{"key":"columnName","value":"Timestamp"}],"metadata":[{"key":"$in:schemaType","value":"2"},{"key":"$out:selectors:0:fields:0:name","value":"ChemicalScale1AI.PV"},{"key":"$out:selectors:0:fields:0:type","value":"11"},{"key":"$out:selectors:0:fields:10:name","value":"pHAI.PV"},{"key":"$out:selectors:0:fields:10:type","value":"11"},{"key":"$out:selectors:0:fields:11:name","value":"CombinedChlorinatorAI.PV"},{"key":"$out:selectors:0:fields:11:type","value":"11"},{"key":"$out:selectors:0:fields:12:name","value":"FreeChlorinatorAI.PV"},{"key":"$out:selectors:0:fields:12:type","value":"11"},{"key":"$out:selectors:0:fields:13:name","value":"RawWaterMeterAI.PV"},{"key":"$out:selectors:0:fields:13:type","value":"11"},{"key":"$out:selectors:0:fields:14:name","value":"WaterTowerLevelAI.PV"},{"key":"$out:selectors:0:fields:14:type","value":"11"},{"key":"$out:selectors:0:fields:15:name","value":"CombinedTurbidityAI.PV"},{"key":"$out:selectors:0:fields:15:type","value":"11"},{"key":"$out:selectors:0:fields:16:name","value":"id"},{"key":"$out:selectors:0:fields:16:type","value":"7"},{"key":"$out:selectors:0:fields:17:name","value":"Timestamp"},{"key":"$out:selectors:0:fields:17:type","value":"18"},{"key":"$out:selectors:0:fields:1:name","value":"Filter1TurbidityAI.PV"},{"key":"$out:selectors:0:fields:1:type","value":"11"},{"key":"$out:selectors:0:fields:2:name","value":"Filter2TurbidityAI.PV"},{"key":"$out:selectors:0:fields:2:type","value":"11"},{"key":"$out:selectors:0:fields:3:name","value":"Filter3TurbidityAI.PV"},{"key":"$out:selectors:0:fields:3:type","value":"11"},{"key":"$out:selectors:0:fields:4:name","value":"RawWaterMeterTotalizer.CurDay"},{"key":"$out:selectors:0:fields:4:type","value":"11"},{"key":"$out:selectors:0:fields:5:name","value":"RawWaterMeterTotalizer.YesDay"},{"key":"$out:selectors:0:fields:5:type","value":"11"},{"key":"$out:selectors:0:fields:6:name","value":"CarbonFeeder.SpeedAI.PV"},{"key":"$out:selectors:0:fields:6:type","value":"11"},{"key":"$out:selectors:0:fields:7:name","value":"ChemicalScale2AI.PV"},{"key":"$out:selectors:0:fields:7:type","value":"11"},{"key":"$out:selectors:0:fields:8:name","value":"ChemicalScale3AI.PV"},{"key":"$out:selectors:0:fields:8:type","value":"11"},{"key":"$out:selectors:0:fields:9:name","value":"ChemicalScale4AI.PV"},{"key":"$out:selectors:0:fields:9:type","value":"11"},{"key":"$out:selectors:0:schemaType","value":"0"},{"key":"$out:selectors:0:selector","value":"0"},{"key":"$out:selectors:1:schemaType","value":"1"},{"key":"$out:selectors:1:selector","value":"1"},{"key":"name","value":"Timestamp"},{"key":"x","value":"325"},{"key":"y","value":"25"}]},{"id":"3c233f9e-1024-42ca-bf7c-097210ab7c70","pipelineTopologyId":"5240cb8a-440f-4e85-aac3-789c205e4624","kind":"std/log","configuration":[{"key":"level","value":"info"},{"key":"template","value":"Log Event - Fast"}],"metadata":[{"key":"$in:schemaType","value":"2"},{"key":"name","value":"Log Trigger Fast"},{"key":"x","value":"500"},{"key":"y","value":"-200"}]},{"id":"3f4a9aa8-d71a-4584-a827-1e3225b38547","pipelineTopologyId":"5240cb8a-440f-4e85-aac3-789c205e4624","kind":"std/literal","configuration":[{"key":"columns:0:arrowTypeId","value":"7"},{"key":"columns:0:name","value":"id"},{"key":"columns:0:value","value":"802"}],"metadata":[{"key":"$in:schemaType","value":"2"},{"key":"$out:selectors:0:fields:0:name","value":"ChemicalScale1AI.PV"},{"key":"$out:selectors:0:fields:0:type","value":"11"},{"key":"$out:selectors:0:fields:10:name","value":"pHAI.PV"},{"key":"$out:selectors:0:fields:10:type","value":"11"},{"key":"$out:selectors:0:fields:11:name","value":"CombinedChlorinatorAI.PV"},{"key":"$out:selectors:0:fields:11:type","value":"11"},{"key":"$out:selectors:0:fields:12:name","value":"FreeChlorinatorAI.PV"},{"key":"$out:selectors:0:fields:12:type","value":"11"},{"key":"$out:selectors:0:fields:13:name","value":"RawWaterMeterAI.PV"},{"key":"$out:selectors:0:fields:13:type","value":"11"},{"key":"$out:selectors:0:fields:14:name","value":"WaterTowerLevelAI.PV"},{"key":"$out:selectors:0:fields:14:type","value":"11"},{"key":"$out:selectors:0:fields:15:name","value":"CombinedTurbidityAI.PV"},{"key":"$out:selectors:0:fields:15:type","value":"11"},{"key":"$out:selectors:0:fields:16:name","value":"id"},{"key":"$out:selectors:0:fields:16:type","value":"7"},{"key":"$out:selectors:0:fields:1:name","value":"Filter1TurbidityAI.PV"},{"key":"$out:selectors:0:fields:1:type","value":"11"},{"key":"$out:selectors:0:fields:2:name","value":"Filter2TurbidityAI.PV"},{"key":"$out:selectors:0:fields:2:type","value":"11"},{"key":"$out:selectors:0:fields:3:name","value":"Filter3TurbidityAI.PV"},{"key":"$out:selectors:0:fields:3:type","value":"11"},{"key":"$out:selectors:0:fields:4:name","value":"RawWaterMeterTotalizer.CurDay"},{"key":"$out:selectors:0:fields:4:type","value":"11"},{"key":"$out:selectors:0:fields:5:name","value":"RawWaterMeterTotalizer.YesDay"},{"key":"$out:selectors:0:fields:5:type","value":"11"},{"key":"$out:selectors:0:fields:6:name","value":"CarbonFeeder.SpeedAI.PV"},{"key":"$out:selectors:0:fields:6:type","value":"11"},{"key":"$out:selectors:0:fields:7:name","value":"ChemicalScale2AI.PV"},{"key":"$out:selectors:0:fields:7:type","value":"11"},{"key":"$out:selectors:0:fields:8:name","value":"ChemicalScale3AI.PV"},{"key":"$out:selectors:0:fields:8:type","value":"11"},{"key":"$out:selectors:0:fields:9:name","value":"ChemicalScale4AI.PV"},{"key":"$out:selectors:0:fields:9:type","value":"11"},{"key":"$out:selectors:0:schemaType","value":"0"},{"key":"$out:selectors:0:selector","value":"0"},{"key":"$out:selectors:1:schemaType","value":"1"},{"key":"$out:selectors:1:selector","value":"1"},{"key":"name","value":"Literal"},{"key":"x","value":"100"},{"key":"y","value":"25"}]},{"id":"82da4567-fe4c-4f1e-9e34-0c35d6cf529e","pipelineTopologyId":"5240cb8a-440f-4e85-aac3-789c205e4624","kind":"script/execute","configuration":[{"key":"definition:engine","value":"csharp"},{"key":"definition:filesystem:allow","value":"false"},{"key":"definition:id","value":"f33a6380-332d-4fb7-b55a-e3c52ddb4e93"},{"key":"definition:location","value":"inline"},{"key":"definition:network:allow","value":"false"},{"key":"definition:runtime:background","value":"false"},{"key":"definition:runtime:debug","value":"false"},{"key":"definition:runtime:maxExecutionTime","value":"0"},{"key":"definition:source","value":"using Dynics.Arrow; \n\npublic class Script\n{\n    public static readonly string valueColumn = \"Timestamp\";\n\n    public static async Task ExecuteAsync(IScriptContext context, RecordBatch recordBatch, CancellationToken cancellationToken)\n    {\n        var tsColumn = recordBatch.Column(valueColumn) as TimestampArray;\n        var timestamp = DateTimeOffset.FromUnixTimeMilliseconds(tsColumn.GetValue(0).Value).UtcDateTime.ToString(\"O\");\n\n        var builder = new RecordBatch.Builder();\n\n        for (var i = 0; i < recordBatch.Schema.Fields.Count; i++)\n        {\n            var field = recordBatch.Schema.GetFieldByIndex(i);\n            if(field.Name == valueColumn)\n                continue;\n            var array = recordBatch.Column(i);\n            builder.Append(field, array);\n        }\n        builder.Append<StringArray>(valueColumn,false,x=> x.String(s=>s.Append(timestamp)));\n        await context.EmitAsync(builder.Build());\n    }\n}"}],"metadata":[{"key":"$in:schemaType","value":"1"},{"key":"name","value":"Format Timestamp"},{"key":"x","value":"100"},{"key":"y","value":"150"}]},{"id":"84bceaca-a801-4989-ab91-288e6da91550","pipelineTopologyId":"5240cb8a-440f-4e85-aac3-789c205e4624","kind":"std/log","configuration":[{"key":"level","value":"info"},{"key":"template","value":"Read Tags Success - Fast"}],"metadata":[{"key":"$in:schemaType","value":"2"},{"key":"name","value":"PLC Read Success Fast"},{"key":"x","value":"725"},{"key":"y","value":"-200"}]},{"id":"8cd87da6-4271-451a-94b1-5842c86b75f6","pipelineTopologyId":"5240cb8a-440f-4e85-aac3-789c205e4624","kind":"std/log","configuration":[{"key":"level","value":"error"},{"key":"template","value":"MQTT Log Error"}],"metadata":[{"key":"$in:schemaType","value":"2"},{"key":"name","value":"Log"},{"key":"x","value":"575"},{"key":"y","value":"250"}]},{"id":"d968c304-9514-4824-a43c-7559d50301eb","pipelineTopologyId":"5240cb8a-440f-4e85-aac3-789c205e4624","kind":"std/timer","configuration":[{"key":"count","value":"0"},{"key":"interval","value":"10000"}],"metadata":[{"key":"$in:schemaType","value":"2"},{"key":"name","value":"Timer"},{"key":"x","value":"125"},{"key":"y","value":"-200"}]},{"id":"f0c1cbeb-2167-4741-be03-22dcc78fa0b5","pipelineTopologyId":"5240cb8a-440f-4e85-aac3-789c205e4624","kind":"std/mqtt/publish","configuration":[{"key":"contentType","value":"application/json"},{"key":"payload","value":"{\r\n    \"TimeStamp\":\"{{data[\"Timestamp\"][0]}}\",\r\n    \"ID\":{{data[\"id\"][0]}},\r\n    \"ATSNormalRdyDI\":{\"Val\":{{data[\"ATSNormalRdyDI\"][0]}}},\r\n\t\"ATSOnStandbyDI\":{\"Val\":{{data[\"ATSOnStandbyDI\"][0]}}},\r\n\t\"ATSStandyByRdyDI\":{\"Val\":{{data[\"ATSStandyByRdyDI\"][0]}}},\r\n\t\"ClearWellHighLevelDI\":{\"Val\":{{data[\"ClearWellHighLevelDI\"][0]}}},\r\n\t\"ClearWellLowLevelDI\":{\"Val\":{{data[\"ClearWellLowLevelDI\"][0]}}},\r\n\t\"GeneratorAlarmDI\":{\"Val\":{{data[\"GeneratorAlarmDI\"][0]}}},\r\n\t\"GeneratorStatusDI\":{\"Val\":{{data[\"GeneratorStatusDI\"][0]}}},\r\n\t\"OxygenMonitorDI\":{\"Val\":{{data[\"OxygenMonitorDI\"][0]}}},\r\n\t\"PlantRunningDI\":{\"Val\":{{data[\"PlantRunningDI\"][0]}}},\r\n\t\"PlantStartDI\":{\"Val\":{{data[\"PlantStartDI\"][0]}}},\r\n\t\"ServicePump1Running_DI\":{\"Val\":{{data[\"ServicePump1Running_DI\"][0]}}},\r\n\t\"ServicePump2Running_DI\":{\"Val\":{{data[\"ServicePump2Running_DI\"][0]}}},\r\n\t\"PlantShutdownDO\":{\"Val\":{{data[\"PlantShutdownDO\"][0]}}},\r\n\t\"WaterTowerLevelCommsDI\":{\"Val\":{{data[\"WaterTowerLevelCommsDI\"][0]}}},\r\n\t\"PlantEnableChemicalsDO\":{\"Val\":{{data[\"PlantEnableChemicalsDO\"][0]}}},\r\n\t\"CombinedChlorinatorVacDI\":{\"Val\":{{data[\"CombinedChlorinatorVacDI\"][0]}}},\r\n\t\"FreeChlorinatorVacDI\":{\"Val\":{{data[\"FreeChlorinatorVacDI\"][0]}}},\r\n\t\"CarbonFeeder.RunningFwd\":{\"Val\":{{data[\"CarbonFeeder.RunningFwd\"][0]}}}\r\n}"},{"key":"qualityOfService","value":"at-least-once"},{"key":"resource","value":"0936ea23-0ed3-43ec-a60e-c6119bd11d69"},{"key":"retain","value":"false"},{"key":"subscriptionIdentifier","value":"0"},{"key":"topic","value":"devices/802/messages/events/"}],"metadata":[{"key":"$in:schemaType","value":"2"},{"key":"$out:selectors:0:schemaType","value":"1"},{"key":"$out:selectors:0:selector","value":"0"},{"key":"$out:selectors:1:fields:0:name","value":"ReasonCode"},{"key":"$out:selectors:1:fields:0:type","value":"7"},{"key":"$out:selectors:1:fields:1:name","value":"ReasonString"},{"key":"$out:selectors:1:fields:1:type","value":"13"},{"key":"$out:selectors:1:fields:2:name","value":"PacketIdentifier"},{"key":"$out:selectors:1:fields:2:type","value":"4"},{"key":"$out:selectors:1:schemaType","value":"0"},{"key":"$out:selectors:1:selector","value":"1"},{"key":"name","value":"MQTT Publish Topic"},{"key":"x","value":"325"},{"key":"y","value":"150"}]},{"id":"fe776806-a977-40bf-b246-d9652da77cbf","pipelineTopologyId":"5240cb8a-440f-4e85-aac3-789c205e4624","kind":"plc/read","configuration":[{"key":"$version","value":"1"},{"key":"ids:0","value":"f373c556-bce5-49c9-b33f-69b623d2b0ce"},{"key":"resource","value":"8f7f5141-7b8c-4852-b4df-bd1647696872"}],"metadata":[{"key":"$in:schemaType","value":"1"},{"key":"$out:selectors:0:fields:0:name","value":"ATSNormalRdyDI"},{"key":"$out:selectors:0:fields:0:type","value":"1"},{"key":"$out:selectors:0:fields:10:name","value":"ATSStandyByRdyDI"},{"key":"$out:selectors:0:fields:10:type","value":"1"},{"key":"$out:selectors:0:fields:11:name","value":"ClearWellHighLevelDI"},{"key":"$out:selectors:0:fields:11:type","value":"1"},{"key":"$out:selectors:0:fields:12:name","value":"ClearWellLowLevelDI"},{"key":"$out:selectors:0:fields:12:type","value":"1"},{"key":"$out:selectors:0:fields:13:name","value":"GeneratorAlarmDI"},{"key":"$out:selectors:0:fields:13:type","value":"1"},{"key":"$out:selectors:0:fields:14:name","value":"GeneratorStatusDI"},{"key":"$out:selectors:0:fields:14:type","value":"1"},{"key":"$out:selectors:0:fields:15:name","value":"OxygenMonitorDI"},{"key":"$out:selectors:0:fields:15:type","value":"1"},{"key":"$out:selectors:0:fields:16:name","value":"PlantRunningDI"},{"key":"$out:selectors:0:fields:16:type","value":"1"},{"key":"$out:selectors:0:fields:17:name","value":"PlantStartDI"},{"key":"$out:selectors:0:fields:17:type","value":"1"},{"key":"$out:selectors:0:fields:1:name","value":"ATSOnStandbyDI"},{"key":"$out:selectors:0:fields:1:type","value":"1"},{"key":"$out:selectors:0:fields:2:name","value":"ServicePump1Running_DI"},{"key":"$out:selectors:0:fields:2:type","value":"1"},{"key":"$out:selectors:0:fields:3:name","value":"ServicePump2Running_DI"},{"key":"$out:selectors:0:fields:3:type","value":"1"},{"key":"$out:selectors:0:fields:4:name","value":"PlantShutdownDO"},{"key":"$out:selectors:0:fields:4:type","value":"1"},{"key":"$out:selectors:0:fields:5:name","value":"WaterTowerLevelCommsDI"},{"key":"$out:selectors:0:fields:5:type","value":"1"},{"key":"$out:selectors:0:fields:6:name","value":"PlantEnableChemicalsDO"},{"key":"$out:selectors:0:fields:6:type","value":"1"},{"key":"$out:selectors:0:fields:7:name","value":"CombinedChlorinatorVacDI"},{"key":"$out:selectors:0:fields:7:type","value":"1"},{"key":"$out:selectors:0:fields:8:name","value":"FreeChlorinatorVacDI"},{"key":"$out:selectors:0:fields:8:type","value":"1"},{"key":"$out:selectors:0:fields:9:name","value":"CarbonFeeder.RunningFwd"},{"key":"$out:selectors:0:fields:9:type","value":"1"},{"key":"$out:selectors:0:schemaType","value":"0"},{"key":"$out:selectors:0:selector","value":"0"},{"key":"name","value":"PLC Read"},{"key":"x","value":"125"},{"key":"y","value":"-100"}]}],"pipes":[{"id":"09e8a4e5-5664-44d9-80f8-8f3e9d0bcf01","sourceId":"24ea7022-8eed-493b-876f-f82627624bb7","sinkId":"d968c304-9514-4824-a43c-7559d50301eb","selector":-1},{"id":"3782ff54-6088-4aa5-82ab-1d89e3d3b560","sourceId":"f0c1cbeb-2167-4741-be03-22dcc78fa0b5","sinkId":"00b1a076-9db4-4e3b-8dd2-b54016d5090b","selector":0},{"id":"803a11f6-fbfd-486e-bbfb-f731bbbbc324","sourceId":"3f4a9aa8-d71a-4584-a827-1e3225b38547","sinkId":"2879b81d-e812-49bc-aaeb-089b4abb51c1","selector":0},{"id":"8b47380c-8d4d-434f-9d34-39cb6ebd5bb9","sourceId":"82da4567-fe4c-4f1e-9e34-0c35d6cf529e","sinkId":"f0c1cbeb-2167-4741-be03-22dcc78fa0b5","selector":2},{"id":"9f21207d-393d-4304-b5dd-ff4b0cc4dd36","sourceId":"d968c304-9514-4824-a43c-7559d50301eb","sinkId":"fe776806-a977-40bf-b246-d9652da77cbf","selector":-1},{"id":"a503b249-b3f9-4021-a39b-fee98438c8ad","sourceId":"fe776806-a977-40bf-b246-d9652da77cbf","sinkId":"3f4a9aa8-d71a-4584-a827-1e3225b38547","selector":0},{"id":"e0d86b08-8439-44fe-a622-30c5d207dd2d","sourceId":"f0c1cbeb-2167-4741-be03-22dcc78fa0b5","sinkId":"8cd87da6-4271-451a-94b1-5842c86b75f6","selector":1},{"id":"e4196142-f8fc-40b3-851b-f1ebe99c29b5","sourceId":"2879b81d-e812-49bc-aaeb-089b4abb51c1","sinkId":"82da4567-fe4c-4f1e-9e34-0c35d6cf529e","selector":0}],"id":"5240cb8a-440f-4e85-aac3-789c205e4624","dateCreated":"2024-02-08T21:41:07.4424665","dateLastModified":"2024-03-08T15:16:26.4935474"}],"pipelineJobs":[]}