{"version":1,"request":{"fileName":"flow-koreWater-20240716-125552.json","pipelineIds":["5240cb8a-440f-4e85-aac3-789c205e4624"]},"dashboards":[],"resources":[],"pipelines":[{"entryPointId":"24ea7022-8eed-493b-876f-f82627624bb7","dateLastExecuted":"2024-06-13T14:24:22.1900497","metadata":[{"key":"description","value":"Values with fast update time"},{"key":"name","value":"KORE - Water"}],"operators":[{"id":"006aa4c9-df69-42c4-b9e8-d782bcc2fe19","pipelineTopologyId":"5240cb8a-440f-4e85-aac3-789c205e4624","kind":"std/mqtt/publish","configuration":[{"key":"contentType","value":"application/json"},{"key":"payload","value":"{\r\n    \"TimeStamp\":\"{{data[\"Timestamp\"][0]}}\",\r\n    \"ID\":{{data[\"id\"][0]}},\r\n    \"ChemicalScale1AI.PV\":{\"Val\":{{data[\"ChemicalScale1AI.PV\"][0]}}},\r\n\"ChemicalScale2AI.PV\":{\"Val\":{{data[\"ChemicalScale2AI.PV\"][0]}}},\r\n\"ChemicalScale3AI.PV\":{\"Val\":{{data[\"ChemicalScale3AI.PV\"][0]}}},\r\n\"ChemicalScale4AI.PV\":{\"Val\":{{data[\"ChemicalScale4AI.PV\"][0]}}},\r\n\"pHAI.PV\":{\"Val\":{{data[\"pHAI.PV\"][0]}}},\r\n\"CombinedChlorinatorAI.PV\":{\"Val\":{{data[\"CombinedChlorinatorAI.PV\"][0]}}},\r\n\"FreeChlorinatorAI.PV\":{\"Val\":{{data[\"FreeChlorinatorAI.PV\"][0]}}},\r\n\"RawWaterMeterAI.PV\":{\"Val\":{{data[\"RawWaterMeterAI.PV\"][0]}}},\r\n\"WaterTowerLevelAI.PV\":{\"Val\":{{data[\"WaterTowerLevelAI.PV\"][0]}}},\r\n\"CombinedTurbidityAI.PV\":{\"Val\":{{data[\"CombinedTurbidityAI.PV\"][0]}}},\r\n\"Filter1TurbidityAI.PV\":{\"Val\":{{data[\"Filter1TurbidityAI.PV\"][0]}}},\r\n\"Filter2TurbidityAI.PV\":{\"Val\":{{data[\"Filter2TurbidityAI.PV\"][0]}}},\r\n\"Filter3TurbidityAI.PV\":{\"Val\":{{data[\"Filter3TurbidityAI.PV\"][0]}}},\r\n\"RawWaterMeterTotalizer.CurDay\":{\"Val\":{{data[\"RawWaterMeterTotalizer.CurDay\"][0]}}},\r\n\"RawWaterMeterTotalizer.YesDay\":{\"Val\":{{data[\"RawWaterMeterTotalizer.YesDay\"][0]}}},\r\n\"CarbonFeeder.SpeedAI.PV\":{\"Val\":{{data[\"CarbonFeeder.SpeedAI.PV\"][0]}}}\r\n}"},{"key":"qualityOfService","value":"at-least-once"},{"key":"resource","value":"0936ea23-0ed3-43ec-a60e-c6119bd11d69"},{"key":"retain","value":"false"},{"key":"subscriptionIdentifier","value":"0"},{"key":"topic","value":"devices/914/messages/events/"}],"metadata":[{"key":"$in:schemaType","value":"2"},{"key":"$out:selectors:0:schemaType","value":"1"},{"key":"$out:selectors:0:selector","value":"0"},{"key":"$out:selectors:1:fields:0:name","value":"ReasonCode"},{"key":"$out:selectors:1:fields:0:type","value":"7"},{"key":"$out:selectors:1:fields:1:name","value":"ReasonString"},{"key":"$out:selectors:1:fields:1:type","value":"13"},{"key":"$out:selectors:1:fields:2:name","value":"PacketIdentifier"},{"key":"$out:selectors:1:fields:2:type","value":"4"},{"key":"$out:selectors:1:schemaType","value":"0"},{"key":"$out:selectors:1:selector","value":"1"},{"key":"name","value":"MQTT Publish Topic - Slow"},{"key":"x","value":"2000"},{"key":"y","value":"175"}]},{"id":"00b1a076-9db4-4e3b-8dd2-b54016d5090b","pipelineTopologyId":"5240cb8a-440f-4e85-aac3-789c205e4624","kind":"std/log","configuration":[{"key":"level","value":"info"},{"key":"template","value":"MQTT Log Success"}],"metadata":[{"key":"$in:schemaType","value":"2"},{"key":"name","value":"Log Success"},{"key":"x","value":"2375"},{"key":"y","value":"0"}]},{"id":"1a389f6f-79f7-45ae-87dc-a0b349658fe5","pipelineTopologyId":"5240cb8a-440f-4e85-aac3-789c205e4624","kind":"std/timer","configuration":[{"key":"count","value":"0"},{"key":"interval","value":"5000"}],"metadata":[{"key":"$in:schemaType","value":"2"},{"key":"name","value":"Timer - Slow (5s)"},{"key":"x","value":"250"},{"key":"y","value":"200"}]},{"id":"24ea7022-8eed-493b-876f-f82627624bb7","pipelineTopologyId":"5240cb8a-440f-4e85-aac3-789c205e4624","kind":"std/forward","configuration":[],"metadata":[{"key":"name","value":"Entry Point"},{"key":"x","value":"0"},{"key":"y","value":"0"}]},{"id":"2879b81d-e812-49bc-aaeb-089b4abb51c1","pipelineTopologyId":"5240cb8a-440f-4e85-aac3-789c205e4624","kind":"std/timestamp","configuration":[{"key":"columnName","value":"Timestamp"}],"metadata":[{"key":"$in:schemaType","value":"2"},{"key":"$out:selectors:0:fields:0:name","value":"ChemicalScale1AI.PV"},{"key":"$out:selectors:0:fields:0:type","value":"11"},{"key":"$out:selectors:0:fields:10:name","value":"pHAI.PV"},{"key":"$out:selectors:0:fields:10:type","value":"11"},{"key":"$out:selectors:0:fields:11:name","value":"CombinedChlorinatorAI.PV"},{"key":"$out:selectors:0:fields:11:type","value":"11"},{"key":"$out:selectors:0:fields:12:name","value":"FreeChlorinatorAI.PV"},{"key":"$out:selectors:0:fields:12:type","value":"11"},{"key":"$out:selectors:0:fields:13:name","value":"RawWaterMeterAI.PV"},{"key":"$out:selectors:0:fields:13:type","value":"11"},{"key":"$out:selectors:0:fields:14:name","value":"WaterTowerLevelAI.PV"},{"key":"$out:selectors:0:fields:14:type","value":"11"},{"key":"$out:selectors:0:fields:15:name","value":"CombinedTurbidityAI.PV"},{"key":"$out:selectors:0:fields:15:type","value":"11"},{"key":"$out:selectors:0:fields:16:name","value":"id"},{"key":"$out:selectors:0:fields:16:type","value":"7"},{"key":"$out:selectors:0:fields:17:name","value":"Timestamp"},{"key":"$out:selectors:0:fields:17:type","value":"18"},{"key":"$out:selectors:0:fields:1:name","value":"Filter1TurbidityAI.PV"},{"key":"$out:selectors:0:fields:1:type","value":"11"},{"key":"$out:selectors:0:fields:2:name","value":"Filter2TurbidityAI.PV"},{"key":"$out:selectors:0:fields:2:type","value":"11"},{"key":"$out:selectors:0:fields:3:name","value":"Filter3TurbidityAI.PV"},{"key":"$out:selectors:0:fields:3:type","value":"11"},{"key":"$out:selectors:0:fields:4:name","value":"RawWaterMeterTotalizer.CurDay"},{"key":"$out:selectors:0:fields:4:type","value":"11"},{"key":"$out:selectors:0:fields:5:name","value":"RawWaterMeterTotalizer.YesDay"},{"key":"$out:selectors:0:fields:5:type","value":"11"},{"key":"$out:selectors:0:fields:6:name","value":"CarbonFeeder.SpeedAI.PV"},{"key":"$out:selectors:0:fields:6:type","value":"11"},{"key":"$out:selectors:0:fields:7:name","value":"ChemicalScale2AI.PV"},{"key":"$out:selectors:0:fields:7:type","value":"11"},{"key":"$out:selectors:0:fields:8:name","value":"ChemicalScale3AI.PV"},{"key":"$out:selectors:0:fields:8:type","value":"11"},{"key":"$out:selectors:0:fields:9:name","value":"ChemicalScale4AI.PV"},{"key":"$out:selectors:0:fields:9:type","value":"11"},{"key":"$out:selectors:0:schemaType","value":"0"},{"key":"$out:selectors:0:selector","value":"0"},{"key":"$out:selectors:1:schemaType","value":"1"},{"key":"$out:selectors:1:selector","value":"1"},{"key":"name","value":"Timestamp"},{"key":"x","value":"1250"},{"key":"y","value":"0"}]},{"id":"3f4a9aa8-d71a-4584-a827-1e3225b38547","pipelineTopologyId":"5240cb8a-440f-4e85-aac3-789c205e4624","kind":"std/literal","configuration":[{"key":"columns:0:arrowTypeId","value":"7"},{"key":"columns:0:name","value":"id"},{"key":"columns:0:value","value":"914"}],"metadata":[{"key":"$in:schemaType","value":"2"},{"key":"$out:selectors:0:fields:0:name","value":"ATSNormalRdyDI"},{"key":"$out:selectors:0:fields:0:type","value":"1"},{"key":"$out:selectors:0:fields:10:name","value":"ServicePump1Running_DI"},{"key":"$out:selectors:0:fields:10:type","value":"1"},{"key":"$out:selectors:0:fields:11:name","value":"ServicePump2Running_DI"},{"key":"$out:selectors:0:fields:11:type","value":"1"},{"key":"$out:selectors:0:fields:12:name","value":"PlantShutdownDO"},{"key":"$out:selectors:0:fields:12:type","value":"1"},{"key":"$out:selectors:0:fields:13:name","value":"WaterTowerLevelCommsDI"},{"key":"$out:selectors:0:fields:13:type","value":"1"},{"key":"$out:selectors:0:fields:14:name","value":"PlantEnableChemicalsDO"},{"key":"$out:selectors:0:fields:14:type","value":"1"},{"key":"$out:selectors:0:fields:15:name","value":"CombinedChlorinatorVacDI"},{"key":"$out:selectors:0:fields:15:type","value":"1"},{"key":"$out:selectors:0:fields:16:name","value":"FreeChlorinatorVacDI"},{"key":"$out:selectors:0:fields:16:type","value":"1"},{"key":"$out:selectors:0:fields:17:name","value":"CarbonFeeder.RunningFwd"},{"key":"$out:selectors:0:fields:17:type","value":"1"},{"key":"$out:selectors:0:fields:18:name","value":"id"},{"key":"$out:selectors:0:fields:18:type","value":"7"},{"key":"$out:selectors:0:fields:1:name","value":"ATSStandyByRdyDI"},{"key":"$out:selectors:0:fields:1:type","value":"1"},{"key":"$out:selectors:0:fields:2:name","value":"ClearWellHighLevelDI"},{"key":"$out:selectors:0:fields:2:type","value":"1"},{"key":"$out:selectors:0:fields:3:name","value":"ClearWellLowLevelDI"},{"key":"$out:selectors:0:fields:3:type","value":"1"},{"key":"$out:selectors:0:fields:4:name","value":"GeneratorAlarmDI"},{"key":"$out:selectors:0:fields:4:type","value":"1"},{"key":"$out:selectors:0:fields:5:name","value":"GeneratorStatusDI"},{"key":"$out:selectors:0:fields:5:type","value":"1"},{"key":"$out:selectors:0:fields:6:name","value":"OxygenMonitorDI"},{"key":"$out:selectors:0:fields:6:type","value":"1"},{"key":"$out:selectors:0:fields:7:name","value":"PlantRunningDI"},{"key":"$out:selectors:0:fields:7:type","value":"1"},{"key":"$out:selectors:0:fields:8:name","value":"PlantStartDI"},{"key":"$out:selectors:0:fields:8:type","value":"1"},{"key":"$out:selectors:0:fields:9:name","value":"ATSOnStandbyDI"},{"key":"$out:selectors:0:fields:9:type","value":"1"},{"key":"$out:selectors:0:schemaType","value":"0"},{"key":"$out:selectors:0:selector","value":"0"},{"key":"$out:selectors:1:schemaType","value":"1"},{"key":"$out:selectors:1:selector","value":"1"},{"key":"name","value":"Add ClientID Column (914)"},{"key":"x","value":"1000"},{"key":"y","value":"0"}]},{"id":"5de90407-a371-4468-a316-6e33dd586474","pipelineTopologyId":"5240cb8a-440f-4e85-aac3-789c205e4624","kind":"std/switch","configuration":[{"key":"cases:0:value","value":"Fast"},{"key":"cases:0:valueOperator","value":"EqualTo"},{"key":"cases:1:value","value":"Slow"},{"key":"cases:1:valueOperator","value":"EqualTo"},{"key":"cases:2:value","value":""},{"key":"cases:2:valueOperator","value":""},{"key":"cases:3:value","value":""},{"key":"cases:3:valueOperator","value":""},{"key":"cases:4:value","value":""},{"key":"cases:4:valueOperator","value":""},{"key":"cases:5:value","value":""},{"key":"cases:5:valueOperator","value":""},{"key":"cases:6:value","value":""},{"key":"cases:6:valueOperator","value":""},{"key":"cases:7:value","value":""},{"key":"cases:7:valueOperator","value":""},{"key":"cases:8:value","value":""},{"key":"cases:8:valueOperator","value":""},{"key":"cases:9:value","value":""},{"key":"cases:9:valueOperator","value":""},{"key":"switchColumnName","value":"zUpdateSpeed"}],"metadata":[{"key":"$in:schemaType","value":"2"},{"key":"$out:selectors:0:schemaType","value":"1"},{"key":"$out:selectors:0:selector","value":"1"},{"key":"$out:selectors:1:schemaType","value":"1"},{"key":"$out:selectors:1:selector","value":"2"},{"key":"$out:selectors:2:schemaType","value":"1"},{"key":"$out:selectors:2:selector","value":"3"},{"key":"$out:selectors:3:schemaType","value":"1"},{"key":"$out:selectors:3:selector","value":"4"},{"key":"$out:selectors:4:schemaType","value":"1"},{"key":"$out:selectors:4:selector","value":"5"},{"key":"$out:selectors:5:schemaType","value":"1"},{"key":"$out:selectors:5:selector","value":"6"},{"key":"$out:selectors:6:schemaType","value":"1"},{"key":"$out:selectors:6:selector","value":"7"},{"key":"$out:selectors:7:schemaType","value":"1"},{"key":"$out:selectors:7:selector","value":"8"},{"key":"$out:selectors:8:schemaType","value":"1"},{"key":"$out:selectors:8:selector","value":"9"},{"key":"$out:selectors:9:schemaType","value":"1"},{"key":"$out:selectors:9:selector","value":"10"},{"key":"name","value":"Switch"},{"key":"x","value":"1750"},{"key":"y","value":"0"}]},{"id":"8186d52a-7d68-492e-af30-5ec875a2d210","pipelineTopologyId":"5240cb8a-440f-4e85-aac3-789c205e4624","kind":"plc/read","configuration":[{"key":"$version","value":"1"},{"key":"ids:0","value":"0b77dff6-60d9-4e5c-9f51-07568ecdd1b4"},{"key":"resource","value":"8f7f5141-7b8c-4852-b4df-bd1647696872"}],"metadata":[{"key":"$in:schemaType","value":"1"},{"key":"$out:selectors:0:fields:0:name","value":"ChemicalScale1AI.PV"},{"key":"$out:selectors:0:fields:0:type","value":"11"},{"key":"$out:selectors:0:fields:10:name","value":"pHAI.PV"},{"key":"$out:selectors:0:fields:10:type","value":"11"},{"key":"$out:selectors:0:fields:11:name","value":"CombinedChlorinatorAI.PV"},{"key":"$out:selectors:0:fields:11:type","value":"11"},{"key":"$out:selectors:0:fields:12:name","value":"FreeChlorinatorAI.PV"},{"key":"$out:selectors:0:fields:12:type","value":"11"},{"key":"$out:selectors:0:fields:13:name","value":"RawWaterMeterAI.PV"},{"key":"$out:selectors:0:fields:13:type","value":"11"},{"key":"$out:selectors:0:fields:14:name","value":"WaterTowerLevelAI.PV"},{"key":"$out:selectors:0:fields:14:type","value":"11"},{"key":"$out:selectors:0:fields:15:name","value":"CombinedTurbidityAI.PV"},{"key":"$out:selectors:0:fields:15:type","value":"11"},{"key":"$out:selectors:0:fields:1:name","value":"ChemicalScale2AI.PV"},{"key":"$out:selectors:0:fields:1:type","value":"11"},{"key":"$out:selectors:0:fields:2:name","value":"Filter1TurbidityAI.PV"},{"key":"$out:selectors:0:fields:2:type","value":"11"},{"key":"$out:selectors:0:fields:3:name","value":"Filter2TurbidityAI.PV"},{"key":"$out:selectors:0:fields:3:type","value":"11"},{"key":"$out:selectors:0:fields:4:name","value":"Filter3TurbidityAI.PV"},{"key":"$out:selectors:0:fields:4:type","value":"11"},{"key":"$out:selectors:0:fields:5:name","value":"RawWaterMeterTotalizer.CurDay"},{"key":"$out:selectors:0:fields:5:type","value":"11"},{"key":"$out:selectors:0:fields:6:name","value":"RawWaterMeterTotalizer.YesDay"},{"key":"$out:selectors:0:fields:6:type","value":"11"},{"key":"$out:selectors:0:fields:7:name","value":"CarbonFeeder.SpeedAI.PV"},{"key":"$out:selectors:0:fields:7:type","value":"11"},{"key":"$out:selectors:0:fields:8:name","value":"ChemicalScale3AI.PV"},{"key":"$out:selectors:0:fields:8:type","value":"11"},{"key":"$out:selectors:0:fields:9:name","value":"ChemicalScale4AI.PV"},{"key":"$out:selectors:0:fields:9:type","value":"11"},{"key":"$out:selectors:0:schemaType","value":"0"},{"key":"$out:selectors:0:selector","value":"0"},{"key":"name","value":"PLC Read"},{"key":"x","value":"500"},{"key":"y","value":"175"}]},{"id":"82da4567-fe4c-4f1e-9e34-0c35d6cf529e","pipelineTopologyId":"5240cb8a-440f-4e85-aac3-789c205e4624","kind":"script/execute","configuration":[{"key":"definition:engine","value":"csharp"},{"key":"definition:filesystem:allow","value":"false"},{"key":"definition:id","value":"f33a6380-332d-4fb7-b55a-e3c52ddb4e93"},{"key":"definition:location","value":"inline"},{"key":"definition:network:allow","value":"false"},{"key":"definition:runtime:background","value":"false"},{"key":"definition:runtime:debug","value":"false"},{"key":"definition:runtime:maxExecutionTime","value":"0"},{"key":"definition:source","value":"using Dynics.Arrow; \n\npublic class Script\n{\n    public static readonly string valueColumn = \"Timestamp\";\n\n    public static async Task ExecuteAsync(IScriptContext context, RecordBatch recordBatch, CancellationToken cancellationToken)\n    {\n        var tsColumn = recordBatch.Column(valueColumn) as TimestampArray;\n        var timestamp = DateTimeOffset.FromUnixTimeMilliseconds(tsColumn.GetValue(0).Value).UtcDateTime.ToString(\"O\");\n\n        var builder = new RecordBatch.Builder();\n\n        for (var i = 0; i < recordBatch.Schema.Fields.Count; i++)\n        {\n            var field = recordBatch.Schema.GetFieldByIndex(i);\n            if(field.Name == valueColumn)\n                continue;\n            var array = recordBatch.Column(i);\n            builder.Append(field, array);\n        }\n        builder.Append<StringArray>(valueColumn,false,x=> x.String(s=>s.Append(timestamp)));\n        await context.EmitAsync(builder.Build());\n    }\n}"}],"metadata":[{"key":"$in:schemaType","value":"1"},{"key":"name","value":"Format Timestamp"},{"key":"x","value":"1500"},{"key":"y","value":"0"}]},{"id":"8cd87da6-4271-451a-94b1-5842c86b75f6","pipelineTopologyId":"5240cb8a-440f-4e85-aac3-789c205e4624","kind":"std/log","configuration":[{"key":"level","value":"error"},{"key":"template","value":"MQTT Log Error"}],"metadata":[{"key":"$in:schemaType","value":"2"},{"key":"name","value":"Log Error"},{"key":"x","value":"2375"},{"key":"y","value":"125"}]},{"id":"bfcc6da3-8f8d-43d3-8107-ed30a48731af","pipelineTopologyId":"5240cb8a-440f-4e85-aac3-789c205e4624","kind":"std/literal","configuration":[{"key":"columns:0:arrowTypeId","value":"13"},{"key":"columns:0:name","value":"zUpdateSpeed"},{"key":"columns:0:value","value":"Fast"}],"metadata":[{"key":"name","value":"Add zUpdateSpeed Column (Fast)"},{"key":"x","value":"750"},{"key":"y","value":"0"}]},{"id":"d968c304-9514-4824-a43c-7559d50301eb","pipelineTopologyId":"5240cb8a-440f-4e85-aac3-789c205e4624","kind":"std/timer","configuration":[{"key":"count","value":"0"},{"key":"interval","value":"2000"}],"metadata":[{"key":"$in:schemaType","value":"2"},{"key":"name","value":"Timer - Fast (2s)"},{"key":"x","value":"250"},{"key":"y","value":"0"}]},{"id":"e961ac44-5fa2-415f-b301-6e294c859e5f","pipelineTopologyId":"5240cb8a-440f-4e85-aac3-789c205e4624","kind":"std/log","configuration":[{"key":"level","value":"error"},{"key":"template","value":"PLC Read Error"}],"metadata":[{"key":"$in:schemaType","value":"2"},{"key":"name","value":"PLC Read Error"},{"key":"x","value":"750"},{"key":"y","value":"-125"}]},{"id":"f0c1cbeb-2167-4741-be03-22dcc78fa0b5","pipelineTopologyId":"5240cb8a-440f-4e85-aac3-789c205e4624","kind":"std/mqtt/publish","configuration":[{"key":"contentType","value":"application/json"},{"key":"payload","value":"{\r\n    \"TimeStamp\":\"{{data[\"Timestamp\"][0]}}\",\r\n    \"ID\":{{data[\"id\"][0]}},\r\n    \"ATSNormalRdyDI\":{\"Val\":{{data[\"ATSNormalRdyDI\"][0]}}},\r\n\t\"ATSOnStandbyDI\":{\"Val\":{{data[\"ATSOnStandbyDI\"][0]}}},\r\n\t\"ATSStandyByRdyDI\":{\"Val\":{{data[\"ATSStandyByRdyDI\"][0]}}},\r\n\t\"ClearWellHighLevelDI\":{\"Val\":{{data[\"ClearWellHighLevelDI\"][0]}}},\r\n\t\"ClearWellLowLevelDI\":{\"Val\":{{data[\"ClearWellLowLevelDI\"][0]}}},\r\n\t\"GeneratorAlarmDI\":{\"Val\":{{data[\"GeneratorAlarmDI\"][0]}}},\r\n\t\"GeneratorStatusDI\":{\"Val\":{{data[\"GeneratorStatusDI\"][0]}}},\r\n\t\"OxygenMonitorDI\":{\"Val\":{{data[\"OxygenMonitorDI\"][0]}}},\r\n\t\"PlantRunningDI\":{\"Val\":{{data[\"PlantRunningDI\"][0]}}},\r\n\t\"PlantStartDI\":{\"Val\":{{data[\"PlantStartDI\"][0]}}},\r\n\t\"ServicePump1Running_DI\":{\"Val\":{{data[\"ServicePump1Running_DI\"][0]}}},\r\n\t\"ServicePump2Running_DI\":{\"Val\":{{data[\"ServicePump2Running_DI\"][0]}}},\r\n\t\"PlantShutdownDO\":{\"Val\":{{data[\"PlantShutdownDO\"][0]}}},\r\n\t\"WaterTowerLevelCommsDI\":{\"Val\":{{data[\"WaterTowerLevelCommsDI\"][0]}}},\r\n\t\"PlantEnableChemicalsDO\":{\"Val\":{{data[\"PlantEnableChemicalsDO\"][0]}}},\r\n\t\"CombinedChlorinatorVacDI\":{\"Val\":{{data[\"CombinedChlorinatorVacDI\"][0]}}},\r\n\t\"FreeChlorinatorVacDI\":{\"Val\":{{data[\"FreeChlorinatorVacDI\"][0]}}},\r\n\t\"CarbonFeeder.RunningFwd\":{\"Val\":{{data[\"CarbonFeeder.RunningFwd\"][0]}}}\r\n}"},{"key":"qualityOfService","value":"at-least-once"},{"key":"resource","value":"0936ea23-0ed3-43ec-a60e-c6119bd11d69"},{"key":"retain","value":"false"},{"key":"subscriptionIdentifier","value":"0"},{"key":"topic","value":"devices/914/messages/events/"}],"metadata":[{"key":"$in:schemaType","value":"2"},{"key":"$out:selectors:0:schemaType","value":"1"},{"key":"$out:selectors:0:selector","value":"0"},{"key":"$out:selectors:1:fields:0:name","value":"ReasonCode"},{"key":"$out:selectors:1:fields:0:type","value":"7"},{"key":"$out:selectors:1:fields:1:name","value":"ReasonString"},{"key":"$out:selectors:1:fields:1:type","value":"13"},{"key":"$out:selectors:1:fields:2:name","value":"PacketIdentifier"},{"key":"$out:selectors:1:fields:2:type","value":"4"},{"key":"$out:selectors:1:schemaType","value":"0"},{"key":"$out:selectors:1:selector","value":"1"},{"key":"name","value":"MQTT Publish Topic - Fast"},{"key":"x","value":"2000"},{"key":"y","value":"0"}]},{"id":"f44a647a-a73e-4bb9-b499-9e1a7a6085ae","pipelineTopologyId":"5240cb8a-440f-4e85-aac3-789c205e4624","kind":"std/literal","configuration":[{"key":"columns:0:arrowTypeId","value":"13"},{"key":"columns:0:name","value":"zUpdateSpeed"},{"key":"columns:0:value","value":"Slow"}],"metadata":[{"key":"$in:schemaType","value":"2"},{"key":"$out:selectors:0:fields:0:name","value":"ATSNormalRdyDI"},{"key":"$out:selectors:0:fields:0:type","value":"1"},{"key":"$out:selectors:0:fields:10:name","value":"ServicePump1Running_DI"},{"key":"$out:selectors:0:fields:10:type","value":"1"},{"key":"$out:selectors:0:fields:11:name","value":"ServicePump2Running_DI"},{"key":"$out:selectors:0:fields:11:type","value":"1"},{"key":"$out:selectors:0:fields:12:name","value":"PlantShutdownDO"},{"key":"$out:selectors:0:fields:12:type","value":"1"},{"key":"$out:selectors:0:fields:13:name","value":"WaterTowerLevelCommsDI"},{"key":"$out:selectors:0:fields:13:type","value":"1"},{"key":"$out:selectors:0:fields:14:name","value":"PlantEnableChemicalsDO"},{"key":"$out:selectors:0:fields:14:type","value":"1"},{"key":"$out:selectors:0:fields:15:name","value":"CombinedChlorinatorVacDI"},{"key":"$out:selectors:0:fields:15:type","value":"1"},{"key":"$out:selectors:0:fields:16:name","value":"FreeChlorinatorVacDI"},{"key":"$out:selectors:0:fields:16:type","value":"1"},{"key":"$out:selectors:0:fields:17:name","value":"CarbonFeeder.RunningFwd"},{"key":"$out:selectors:0:fields:17:type","value":"1"},{"key":"$out:selectors:0:fields:18:name","value":"zUpdateSpeed"},{"key":"$out:selectors:0:fields:18:type","value":"13"},{"key":"$out:selectors:0:fields:1:name","value":"ATSStandyByRdyDI"},{"key":"$out:selectors:0:fields:1:type","value":"1"},{"key":"$out:selectors:0:fields:2:name","value":"ClearWellHighLevelDI"},{"key":"$out:selectors:0:fields:2:type","value":"1"},{"key":"$out:selectors:0:fields:3:name","value":"ClearWellLowLevelDI"},{"key":"$out:selectors:0:fields:3:type","value":"1"},{"key":"$out:selectors:0:fields:4:name","value":"GeneratorAlarmDI"},{"key":"$out:selectors:0:fields:4:type","value":"1"},{"key":"$out:selectors:0:fields:5:name","value":"GeneratorStatusDI"},{"key":"$out:selectors:0:fields:5:type","value":"1"},{"key":"$out:selectors:0:fields:6:name","value":"OxygenMonitorDI"},{"key":"$out:selectors:0:fields:6:type","value":"1"},{"key":"$out:selectors:0:fields:7:name","value":"PlantRunningDI"},{"key":"$out:selectors:0:fields:7:type","value":"1"},{"key":"$out:selectors:0:fields:8:name","value":"PlantStartDI"},{"key":"$out:selectors:0:fields:8:type","value":"1"},{"key":"$out:selectors:0:fields:9:name","value":"ATSOnStandbyDI"},{"key":"$out:selectors:0:fields:9:type","value":"1"},{"key":"$out:selectors:0:schemaType","value":"0"},{"key":"$out:selectors:0:selector","value":"0"},{"key":"$out:selectors:1:schemaType","value":"1"},{"key":"$out:selectors:1:selector","value":"1"},{"key":"name","value":"Add zUpdateSpeed Column (Slow)"},{"key":"x","value":"750"},{"key":"y","value":"175"}]},{"id":"fe776806-a977-40bf-b246-d9652da77cbf","pipelineTopologyId":"5240cb8a-440f-4e85-aac3-789c205e4624","kind":"plc/read","configuration":[{"key":"$version","value":"1"},{"key":"ids:0","value":"f373c556-bce5-49c9-b33f-69b623d2b0ce"},{"key":"resource","value":"8f7f5141-7b8c-4852-b4df-bd1647696872"}],"metadata":[{"key":"$in:schemaType","value":"1"},{"key":"$out:selectors:0:fields:0:name","value":"ATSNormalRdyDI"},{"key":"$out:selectors:0:fields:0:type","value":"1"},{"key":"$out:selectors:0:fields:10:name","value":"ATSStandyByRdyDI"},{"key":"$out:selectors:0:fields:10:type","value":"1"},{"key":"$out:selectors:0:fields:11:name","value":"ClearWellHighLevelDI"},{"key":"$out:selectors:0:fields:11:type","value":"1"},{"key":"$out:selectors:0:fields:12:name","value":"ClearWellLowLevelDI"},{"key":"$out:selectors:0:fields:12:type","value":"1"},{"key":"$out:selectors:0:fields:13:name","value":"GeneratorAlarmDI"},{"key":"$out:selectors:0:fields:13:type","value":"1"},{"key":"$out:selectors:0:fields:14:name","value":"GeneratorStatusDI"},{"key":"$out:selectors:0:fields:14:type","value":"1"},{"key":"$out:selectors:0:fields:15:name","value":"OxygenMonitorDI"},{"key":"$out:selectors:0:fields:15:type","value":"1"},{"key":"$out:selectors:0:fields:16:name","value":"PlantRunningDI"},{"key":"$out:selectors:0:fields:16:type","value":"1"},{"key":"$out:selectors:0:fields:17:name","value":"PlantStartDI"},{"key":"$out:selectors:0:fields:17:type","value":"1"},{"key":"$out:selectors:0:fields:1:name","value":"ATSOnStandbyDI"},{"key":"$out:selectors:0:fields:1:type","value":"1"},{"key":"$out:selectors:0:fields:2:name","value":"ServicePump1Running_DI"},{"key":"$out:selectors:0:fields:2:type","value":"1"},{"key":"$out:selectors:0:fields:3:name","value":"ServicePump2Running_DI"},{"key":"$out:selectors:0:fields:3:type","value":"1"},{"key":"$out:selectors:0:fields:4:name","value":"PlantShutdownDO"},{"key":"$out:selectors:0:fields:4:type","value":"1"},{"key":"$out:selectors:0:fields:5:name","value":"WaterTowerLevelCommsDI"},{"key":"$out:selectors:0:fields:5:type","value":"1"},{"key":"$out:selectors:0:fields:6:name","value":"PlantEnableChemicalsDO"},{"key":"$out:selectors:0:fields:6:type","value":"1"},{"key":"$out:selectors:0:fields:7:name","value":"CombinedChlorinatorVacDI"},{"key":"$out:selectors:0:fields:7:type","value":"1"},{"key":"$out:selectors:0:fields:8:name","value":"FreeChlorinatorVacDI"},{"key":"$out:selectors:0:fields:8:type","value":"1"},{"key":"$out:selectors:0:fields:9:name","value":"CarbonFeeder.RunningFwd"},{"key":"$out:selectors:0:fields:9:type","value":"1"},{"key":"$out:selectors:0:schemaType","value":"0"},{"key":"$out:selectors:0:selector","value":"0"},{"key":"name","value":"PLC Read"},{"key":"x","value":"500"},{"key":"y","value":"0"}]}],"pipes":[{"id":"09e8a4e5-5664-44d9-80f8-8f3e9d0bcf01","sourceId":"24ea7022-8eed-493b-876f-f82627624bb7","sinkId":"d968c304-9514-4824-a43c-7559d50301eb","selector":-1},{"id":"3782ff54-6088-4aa5-82ab-1d89e3d3b560","sourceId":"f0c1cbeb-2167-4741-be03-22dcc78fa0b5","sinkId":"00b1a076-9db4-4e3b-8dd2-b54016d5090b","selector":0},{"id":"803a11f6-fbfd-486e-bbfb-f731bbbbc324","sourceId":"3f4a9aa8-d71a-4584-a827-1e3225b38547","sinkId":"2879b81d-e812-49bc-aaeb-089b4abb51c1","selector":0},{"id":"9f21207d-393d-4304-b5dd-ff4b0cc4dd36","sourceId":"d968c304-9514-4824-a43c-7559d50301eb","sinkId":"fe776806-a977-40bf-b246-d9652da77cbf","selector":-1},{"id":"e0d86b08-8439-44fe-a622-30c5d207dd2d","sourceId":"f0c1cbeb-2167-4741-be03-22dcc78fa0b5","sinkId":"8cd87da6-4271-451a-94b1-5842c86b75f6","selector":1},{"id":"e4196142-f8fc-40b3-851b-f1ebe99c29b5","sourceId":"2879b81d-e812-49bc-aaeb-089b4abb51c1","sinkId":"82da4567-fe4c-4f1e-9e34-0c35d6cf529e","selector":0},{"id":"10b35331-6f87-47be-a7b1-339f3048eeab","sourceId":"24ea7022-8eed-493b-876f-f82627624bb7","sinkId":"1a389f6f-79f7-45ae-87dc-a0b349658fe5","selector":-1},{"id":"1824da6c-cd07-4cb3-b010-b22bcd1b99ee","sourceId":"8186d52a-7d68-492e-af30-5ec875a2d210","sinkId":"e961ac44-5fa2-415f-b301-6e294c859e5f","selector":1},{"id":"4358548f-2ee7-411f-a2d3-2e7474b6c645","sourceId":"5de90407-a371-4468-a316-6e33dd586474","sinkId":"f0c1cbeb-2167-4741-be03-22dcc78fa0b5","selector":1},{"id":"4f40d70d-55a4-4fe0-bbd9-18af6b5877fc","sourceId":"006aa4c9-df69-42c4-b9e8-d782bcc2fe19","sinkId":"00b1a076-9db4-4e3b-8dd2-b54016d5090b","selector":0},{"id":"599fe3fe-d14a-4476-9b5c-fbd99295158a","sourceId":"006aa4c9-df69-42c4-b9e8-d782bcc2fe19","sinkId":"8cd87da6-4271-451a-94b1-5842c86b75f6","selector":1},{"id":"6f5a3b0c-aba3-4839-ae95-980497bbad94","sourceId":"5de90407-a371-4468-a316-6e33dd586474","sinkId":"006aa4c9-df69-42c4-b9e8-d782bcc2fe19","selector":2},{"id":"9ccc4884-a72f-4ba9-9e3c-e7164ee7abae","sourceId":"fe776806-a977-40bf-b246-d9652da77cbf","sinkId":"e961ac44-5fa2-415f-b301-6e294c859e5f","selector":1},{"id":"c58b58c2-171a-42c9-9465-84de92676e8f","sourceId":"1a389f6f-79f7-45ae-87dc-a0b349658fe5","sinkId":"8186d52a-7d68-492e-af30-5ec875a2d210","selector":-1},{"id":"f8219779-eeee-465f-a83b-cf6acbf7b329","sourceId":"82da4567-fe4c-4f1e-9e34-0c35d6cf529e","sinkId":"5de90407-a371-4468-a316-6e33dd586474","selector":2},{"id":"31f1855c-979f-4be9-b2a8-4258a98334e6","sourceId":"8186d52a-7d68-492e-af30-5ec875a2d210","sinkId":"f44a647a-a73e-4bb9-b499-9e1a7a6085ae","selector":0},{"id":"6bf4dd10-d943-486c-9fcf-4d0509fb8207","sourceId":"f44a647a-a73e-4bb9-b499-9e1a7a6085ae","sinkId":"3f4a9aa8-d71a-4584-a827-1e3225b38547","selector":0},{"id":"77527d7b-c91f-41ce-9be8-00534fa5fc2a","sourceId":"fe776806-a977-40bf-b246-d9652da77cbf","sinkId":"bfcc6da3-8f8d-43d3-8107-ed30a48731af","selector":0},{"id":"c0da20b9-7399-487e-9a29-85044ecaba9f","sourceId":"bfcc6da3-8f8d-43d3-8107-ed30a48731af","sinkId":"3f4a9aa8-d71a-4584-a827-1e3225b38547","selector":0}],"id":"5240cb8a-440f-4e85-aac3-789c205e4624","dateCreated":"2024-02-08T21:41:07.4424665","dateLastModified":"2024-05-24T14:55:27.61054"}],"pipelineJobs":[]}