{"version":1,"request":{"fileName":"flow-anylogWaterV3-20240805-223406.json","resourceIds":[],"dashboardIds":[],"pipelineIds":["3b4936fa-bd0a-4301-99aa-6b9edd4d967c"],"pipelineJobIds":[],"resolutions":[]},"dashboards":[],"resources":[],"pipelines":[{"entryPointId":"2b1abe9f-4bf2-427d-aa66-622a994da6e9","metadata":[{"key":"description","value":""},{"key":"name","value":"Anylog - Water - v3"},{"key":"annotations:0:key","value":"ae89e7d5-16dc-48eb-9552-abdca000b1eb"},{"key":"annotations:0:x","value":"0"},{"key":"annotations:0:y","value":"-250"},{"key":"annotations:0:width","value":"375"},{"key":"annotations:0:height","value":"125"},{"key":"annotations:0:kind","value":"annotation/comment"},{"key":"annotations:0:configuration:text","value":"v1 - Original Version\nv2 - Added local operator and HTTP Error log\nv3 - Analog items moved to cos_wp_analog. Disconnected the success log to lower quantity of log entries."},{"key":"annotations:0:configuration:fontStyle:size","value":"12"},{"key":"annotations:0:configuration:backgroundColor","value":"#000000"},{"key":"annotations:0:configuration:backgroundOpacity","value":"40"}],"operators":[{"id":"2b1abe9f-4bf2-427d-aa66-622a994da6e9","kind":"std/forward","configuration":[],"metadata":[{"key":"name","value":"Entry Point"},{"key":"x","value":"0"},{"key":"y","value":"0"}]},{"id":"2e2d8fb3-e622-4ca3-8b6a-3d9d5cfbf670","kind":"std/timer","configuration":[{"key":"count","value":"0"},{"key":"interval","value":"30000"}],"metadata":[{"key":"$in:schemaType","value":"2"},{"key":"name","value":"Timer - Slow (30s)"},{"key":"x","value":"250"},{"key":"y","value":"125"}]},{"id":"4374c0e5-5596-4148-9a98-06c7ee1f9382","kind":"std/log","configuration":[{"key":"level","value":"info"},{"key":"template","value":"HTTP Success"}],"metadata":[{"key":"$in:schemaType","value":"2"},{"key":"name","value":"Log Success"},{"key":"x","value":"1250"},{"key":"y","value":"125"}]},{"id":"65618686-d77c-4965-88d7-860e9127e1c2","kind":"std/http","configuration":[{"key":"$version","value":"1"},{"key":"contentColumn","value":"WaterPlant"},{"key":"contentEncoding","value":"0"},{"key":"contentSource","value":"1"},{"key":"contentTemplate","value":""},{"key":"contentType","value":"plain/text"},{"key":"headers:Content-Type","value":"text/plain"},{"key":"headers:User-Agent","value":"AnyLog/1.23"},{"key":"headers:dbms","value":"smart_city"},{"key":"headers:mode","value":"streaming"},{"key":"headers:table","value":"wp_digital"},{"key":"headers:type","value":"json"},{"key":"method","value":"put"},{"key":"resource","value":"88c632dd-21ac-43e3-956a-203f6e0581ef"},{"key":"url","value":""}],"metadata":[{"key":"$in:fields:0:name","value":"WaterPlant"},{"key":"$in:fields:0:type","value":"13"},{"key":"$in:schemaType","value":"0"},{"key":"$out:selectors:0:fields:0:name","value":"Timestamp"},{"key":"$out:selectors:0:fields:0:type","value":"9"},{"key":"$out:selectors:0:fields:1:name","value":"StatusCode"},{"key":"$out:selectors:0:fields:1:type","value":"9"},{"key":"$out:selectors:0:fields:2:name","value":"ContentType"},{"key":"$out:selectors:0:fields:2:type","value":"13"},{"key":"$out:selectors:0:fields:3:name","value":"Content"},{"key":"$out:selectors:0:fields:3:type","value":"13"},{"key":"$out:selectors:0:schemaType","value":"0"},{"key":"$out:selectors:0:selector","value":"0"},{"key":"$out:selectors:1:schemaType","value":"1"},{"key":"$out:selectors:1:selector","value":"1"},{"key":"name","value":"Anylog - Cloud"},{"key":"x","value":"1000"},{"key":"y","value":"0"}]},{"id":"70d02bf7-bb0c-44ce-92da-9283c8ef0bb9","kind":"std/timer","configuration":[{"key":"count","value":"0"},{"key":"interval","value":"10000"}],"metadata":[{"key":"$in:schemaType","value":"2"},{"key":"name","value":"Timer - Fast (10s)"},{"key":"x","value":"250"},{"key":"y","value":"0"}]},{"id":"7458f8ae-4db5-4122-9e20-59aa6d2fa5d0","kind":"std/log","configuration":[{"key":"level","value":"error"},{"key":"template","value":"HTTP Error"}],"metadata":[{"key":"$in:schemaType","value":"2"},{"key":"name","value":"Log Error"},{"key":"x","value":"1250"},{"key":"y","value":"0"}]},{"id":"8aff937e-21a7-4fdb-94b9-b25d1a4b6e38","kind":"script/execute","configuration":[{"key":"definition:engine","value":"csharp"},{"key":"definition:filesystem:allow","value":"false"},{"key":"definition:id","value":"9ade7f10-cc48-4eb2-9760-ca294a9c7d33"},{"key":"definition:location","value":"inline"},{"key":"definition:network:allow","value":"false"},{"key":"definition:runtime:background","value":"false"},{"key":"definition:runtime:debug","value":"false"},{"key":"definition:runtime:maxExecutionTime","value":"0"},{"key":"definition:source","value":"using Dynics.Arrow;\n\npublic class Script\n{\n    private static readonly string columnName = \u0022WaterPlant\u0022;\n\n    public static async Task ExecuteAsync(IScriptContext context, RecordBatch recordBatch, CancellationToken cancellationToken)\n    {\n        // New record builder\n        var builder = new RecordBatch.Builder();\n\n        string json = \u0022{\u0022;\n        \n        foreach (KeyValuePair\u003Cstring, Field\u003E fieldKvPair in recordBatch.Schema.Fields)\n        {\n            var field = fieldKvPair.Value;\n\n            json \u002B= \u0022\\\u0022\u0022 \u002B field.Name.Replace(\u0022.\u0022, \u0022_\u0022) \u002B \u0022\\\u0022:\u0022 \u002B recordBatch.Column(field.Name).GetValue(0);\n\n            if (!fieldKvPair.Equals(recordBatch.Schema.Fields.Last()))\n                json \u002B= \u0027,\u0027;\n        }\n\n        json \u002B= \u0027}\u0027;\n\n        builder.Append\u003CStringArray\u003E(columnName,false,x=\u003E x.String(s=\u003Es.Append(json)));\n\n        // Emit the result\n        await context.EmitAsync(builder.Build());\n    }\n}"}],"metadata":[{"key":"$in:schemaType","value":"1"},{"key":"name","value":"Script"},{"key":"x","value":"750"},{"key":"y","value":"0"}]},{"id":"cbca87f4-14a0-4de5-888e-1a30fab574c0","kind":"std/http","configuration":[{"key":"$version","value":"1"},{"key":"contentColumn","value":"WaterPlant"},{"key":"contentEncoding","value":"0"},{"key":"contentSource","value":"1"},{"key":"contentTemplate","value":""},{"key":"contentType","value":"plain/text"},{"key":"headers:Content-Type","value":"text/plain"},{"key":"headers:User-Agent","value":"AnyLog/1.23"},{"key":"headers:dbms","value":"cos"},{"key":"headers:mode","value":"streaming"},{"key":"headers:table","value":"wp_digital"},{"key":"headers:type","value":"json"},{"key":"method","value":"put"},{"key":"resource","value":"4e7df9ca-ffa0-4135-bd06-314afd7b4627"},{"key":"url","value":""}],"metadata":[{"key":"$in:fields:0:name","value":"WaterPlant"},{"key":"$in:fields:0:type","value":"13"},{"key":"$in:schemaType","value":"0"},{"key":"$out:selectors:0:fields:0:name","value":"Timestamp"},{"key":"$out:selectors:0:fields:0:type","value":"9"},{"key":"$out:selectors:0:fields:1:name","value":"StatusCode"},{"key":"$out:selectors:0:fields:1:type","value":"9"},{"key":"$out:selectors:0:fields:2:name","value":"ContentType"},{"key":"$out:selectors:0:fields:2:type","value":"13"},{"key":"$out:selectors:0:fields:3:name","value":"Content"},{"key":"$out:selectors:0:fields:3:type","value":"13"},{"key":"$out:selectors:0:schemaType","value":"0"},{"key":"$out:selectors:0:selector","value":"0"},{"key":"$out:selectors:1:schemaType","value":"1"},{"key":"$out:selectors:1:selector","value":"1"},{"key":"name","value":"Anylog - Local"},{"key":"x","value":"1000"},{"key":"y","value":"-125"}]},{"id":"ea155852-d42f-4c3f-83f5-36c1bda65140","kind":"plc/read","configuration":[{"key":"$version","value":"1"},{"key":"ids:0","value":"f373c556-bce5-49c9-b33f-69b623d2b0ce"},{"key":"resource","value":"8f7f5141-7b8c-4852-b4df-bd1647696872"}],"metadata":[{"key":"$in:schemaType","value":"1"},{"key":"$out:selectors:0:fields:0:name","value":"ATSNormalRdyDI"},{"key":"$out:selectors:0:fields:0:type","value":"1"},{"key":"$out:selectors:0:fields:10:name","value":"ATSStandyByRdyDI"},{"key":"$out:selectors:0:fields:10:type","value":"1"},{"key":"$out:selectors:0:fields:11:name","value":"ClearWellHighLevelDI"},{"key":"$out:selectors:0:fields:11:type","value":"1"},{"key":"$out:selectors:0:fields:12:name","value":"ClearWellLowLevelDI"},{"key":"$out:selectors:0:fields:12:type","value":"1"},{"key":"$out:selectors:0:fields:13:name","value":"GeneratorAlarmDI"},{"key":"$out:selectors:0:fields:13:type","value":"1"},{"key":"$out:selectors:0:fields:14:name","value":"GeneratorStatusDI"},{"key":"$out:selectors:0:fields:14:type","value":"1"},{"key":"$out:selectors:0:fields:15:name","value":"OxygenMonitorDI"},{"key":"$out:selectors:0:fields:15:type","value":"1"},{"key":"$out:selectors:0:fields:16:name","value":"PlantRunningDI"},{"key":"$out:selectors:0:fields:16:type","value":"1"},{"key":"$out:selectors:0:fields:17:name","value":"PlantStartDI"},{"key":"$out:selectors:0:fields:17:type","value":"1"},{"key":"$out:selectors:0:fields:1:name","value":"ATSOnStandbyDI"},{"key":"$out:selectors:0:fields:1:type","value":"1"},{"key":"$out:selectors:0:fields:2:name","value":"ServicePump1Running_DI"},{"key":"$out:selectors:0:fields:2:type","value":"1"},{"key":"$out:selectors:0:fields:3:name","value":"ServicePump2Running_DI"},{"key":"$out:selectors:0:fields:3:type","value":"1"},{"key":"$out:selectors:0:fields:4:name","value":"PlantShutdownDO"},{"key":"$out:selectors:0:fields:4:type","value":"1"},{"key":"$out:selectors:0:fields:5:name","value":"WaterTowerLevelCommsDI"},{"key":"$out:selectors:0:fields:5:type","value":"1"},{"key":"$out:selectors:0:fields:6:name","value":"PlantEnableChemicalsDO"},{"key":"$out:selectors:0:fields:6:type","value":"1"},{"key":"$out:selectors:0:fields:7:name","value":"CombinedChlorinatorVacDI"},{"key":"$out:selectors:0:fields:7:type","value":"1"},{"key":"$out:selectors:0:fields:8:name","value":"FreeChlorinatorVacDI"},{"key":"$out:selectors:0:fields:8:type","value":"1"},{"key":"$out:selectors:0:fields:9:name","value":"CarbonFeeder.RunningFwd"},{"key":"$out:selectors:0:fields:9:type","value":"1"},{"key":"$out:selectors:0:schemaType","value":"0"},{"key":"$out:selectors:0:selector","value":"0"},{"key":"name","value":"PLC Read - Fast"},{"key":"x","value":"500"},{"key":"y","value":"0"}]},{"id":"ff669721-4ac2-4a52-a85c-03c766432fd7","kind":"plc/read","configuration":[{"key":"$version","value":"1"},{"key":"ids:0","value":"0b77dff6-60d9-4e5c-9f51-07568ecdd1b4"},{"key":"resource","value":"8f7f5141-7b8c-4852-b4df-bd1647696872"}],"metadata":[{"key":"$in:schemaType","value":"1"},{"key":"$out:selectors:0:fields:0:name","value":"ChemicalScale1AI.PV"},{"key":"$out:selectors:0:fields:0:type","value":"11"},{"key":"$out:selectors:0:fields:10:name","value":"pHAI.PV"},{"key":"$out:selectors:0:fields:10:type","value":"11"},{"key":"$out:selectors:0:fields:11:name","value":"CombinedChlorinatorAI.PV"},{"key":"$out:selectors:0:fields:11:type","value":"11"},{"key":"$out:selectors:0:fields:12:name","value":"FreeChlorinatorAI.PV"},{"key":"$out:selectors:0:fields:12:type","value":"11"},{"key":"$out:selectors:0:fields:13:name","value":"RawWaterMeterAI.PV"},{"key":"$out:selectors:0:fields:13:type","value":"11"},{"key":"$out:selectors:0:fields:14:name","value":"WaterTowerLevelAI.PV"},{"key":"$out:selectors:0:fields:14:type","value":"11"},{"key":"$out:selectors:0:fields:15:name","value":"CombinedTurbidityAI.PV"},{"key":"$out:selectors:0:fields:15:type","value":"11"},{"key":"$out:selectors:0:fields:1:name","value":"ChemicalScale2AI.PV"},{"key":"$out:selectors:0:fields:1:type","value":"11"},{"key":"$out:selectors:0:fields:2:name","value":"Filter1TurbidityAI.PV"},{"key":"$out:selectors:0:fields:2:type","value":"11"},{"key":"$out:selectors:0:fields:3:name","value":"Filter2TurbidityAI.PV"},{"key":"$out:selectors:0:fields:3:type","value":"11"},{"key":"$out:selectors:0:fields:4:name","value":"Filter3TurbidityAI.PV"},{"key":"$out:selectors:0:fields:4:type","value":"11"},{"key":"$out:selectors:0:fields:5:name","value":"RawWaterMeterTotalizer.CurDay"},{"key":"$out:selectors:0:fields:5:type","value":"11"},{"key":"$out:selectors:0:fields:6:name","value":"RawWaterMeterTotalizer.YesDay"},{"key":"$out:selectors:0:fields:6:type","value":"11"},{"key":"$out:selectors:0:fields:7:name","value":"CarbonFeeder.SpeedAI.PV"},{"key":"$out:selectors:0:fields:7:type","value":"11"},{"key":"$out:selectors:0:fields:8:name","value":"ChemicalScale3AI.PV"},{"key":"$out:selectors:0:fields:8:type","value":"11"},{"key":"$out:selectors:0:fields:9:name","value":"ChemicalScale4AI.PV"},{"key":"$out:selectors:0:fields:9:type","value":"11"},{"key":"$out:selectors:0:schemaType","value":"0"},{"key":"$out:selectors:0:selector","value":"0"},{"key":"name","value":"PLC Read - Slow"},{"key":"x","value":"500"},{"key":"y","value":"125"}]},{"id":"c628498b-3547-4917-904e-687dc8232af4","kind":"script/execute","configuration":[{"key":"definition:engine","value":"csharp"},{"key":"definition:filesystem:allow","value":"false"},{"key":"definition:id","value":"9ade7f10-cc48-4eb2-9760-ca294a9c7d33"},{"key":"definition:location","value":"inline"},{"key":"definition:network:allow","value":"false"},{"key":"definition:runtime:background","value":"false"},{"key":"definition:runtime:debug","value":"false"},{"key":"definition:runtime:maxExecutionTime","value":"0"},{"key":"definition:source","value":"using Dynics.Arrow;\n\npublic class Script\n{\n    private static readonly string columnName = \u0022WaterPlant\u0022;\n\n    public static async Task ExecuteAsync(IScriptContext context, RecordBatch recordBatch, CancellationToken cancellationToken)\n    {\n        // New record builder\n        var builder = new RecordBatch.Builder();\n\n        string json = \u0022{\u0022;\n        \n        foreach (KeyValuePair\u003Cstring, Field\u003E fieldKvPair in recordBatch.Schema.Fields)\n        {\n            var field = fieldKvPair.Value;\n\n            json \u002B= \u0022\\\u0022\u0022 \u002B field.Name.Replace(\u0022.\u0022, \u0022_\u0022) \u002B \u0022\\\u0022:\u0022 \u002B recordBatch.Column(field.Name).GetValue(0);\n\n            if (!fieldKvPair.Equals(recordBatch.Schema.Fields.Last()))\n                json \u002B= \u0027,\u0027;\n        }\n\n        json \u002B= \u0027}\u0027;\n\n        builder.Append\u003CStringArray\u003E(columnName,false,x=\u003E x.String(s=\u003Es.Append(json)));\n\n        // Emit the result\n        await context.EmitAsync(builder.Build());\n    }\n}"}],"metadata":[{"key":"name","value":"Script"},{"key":"x","value":"750"},{"key":"y","value":"125"}]},{"id":"9120170b-5973-4863-8e11-6ce4ab00cb2d","kind":"std/http","configuration":[{"key":"$version","value":"1"},{"key":"contentColumn","value":"WaterPlant"},{"key":"contentEncoding","value":"0"},{"key":"contentSource","value":"1"},{"key":"contentTemplate","value":""},{"key":"contentType","value":"plain/text"},{"key":"headers:Content-Type","value":"text/plain"},{"key":"headers:User-Agent","value":"AnyLog/1.23"},{"key":"headers:dbms","value":"cos"},{"key":"headers:mode","value":"streaming"},{"key":"headers:table","value":"wp_analog"},{"key":"headers:type","value":"json"},{"key":"method","value":"put"},{"key":"resource","value":"4e7df9ca-ffa0-4135-bd06-314afd7b4627"},{"key":"url","value":""}],"metadata":[{"key":"$in:fields:0:name","value":"WaterPlant"},{"key":"$in:fields:0:type","value":"13"},{"key":"$in:schemaType","value":"0"},{"key":"$out:selectors:0:fields:0:name","value":"Timestamp"},{"key":"$out:selectors:0:fields:0:type","value":"9"},{"key":"$out:selectors:0:fields:1:name","value":"StatusCode"},{"key":"$out:selectors:0:fields:1:type","value":"9"},{"key":"$out:selectors:0:fields:2:name","value":"ContentType"},{"key":"$out:selectors:0:fields:2:type","value":"13"},{"key":"$out:selectors:0:fields:3:name","value":"Content"},{"key":"$out:selectors:0:fields:3:type","value":"13"},{"key":"$out:selectors:0:schemaType","value":"0"},{"key":"$out:selectors:0:selector","value":"0"},{"key":"$out:selectors:1:schemaType","value":"1"},{"key":"$out:selectors:1:selector","value":"1"},{"key":"name","value":"Anylog - Local"},{"key":"x","value":"1000"},{"key":"y","value":"125"}]},{"id":"afa8b418-dd84-4b4d-be61-efae83501e65","kind":"std/http","configuration":[{"key":"$version","value":"1"},{"key":"contentColumn","value":"WaterPlant"},{"key":"contentEncoding","value":"0"},{"key":"contentSource","value":"1"},{"key":"contentTemplate","value":""},{"key":"contentType","value":"plain/text"},{"key":"headers:Content-Type","value":"text/plain"},{"key":"headers:User-Agent","value":"AnyLog/1.23"},{"key":"headers:dbms","value":"smart_city"},{"key":"headers:mode","value":"streaming"},{"key":"headers:table","value":"wp_analog"},{"key":"headers:type","value":"json"},{"key":"method","value":"put"},{"key":"resource","value":"88c632dd-21ac-43e3-956a-203f6e0581ef"},{"key":"url","value":""}],"metadata":[{"key":"$in:fields:0:name","value":"WaterPlant"},{"key":"$in:fields:0:type","value":"13"},{"key":"$in:schemaType","value":"0"},{"key":"$out:selectors:0:fields:0:name","value":"Timestamp"},{"key":"$out:selectors:0:fields:0:type","value":"9"},{"key":"$out:selectors:0:fields:1:name","value":"StatusCode"},{"key":"$out:selectors:0:fields:1:type","value":"9"},{"key":"$out:selectors:0:fields:2:name","value":"ContentType"},{"key":"$out:selectors:0:fields:2:type","value":"13"},{"key":"$out:selectors:0:fields:3:name","value":"Content"},{"key":"$out:selectors:0:fields:3:type","value":"13"},{"key":"$out:selectors:0:schemaType","value":"0"},{"key":"$out:selectors:0:selector","value":"0"},{"key":"$out:selectors:1:schemaType","value":"1"},{"key":"$out:selectors:1:selector","value":"1"},{"key":"name","value":"Anylog - Cloud"},{"key":"x","value":"1000"},{"key":"y","value":"250"}]}],"pipes":[{"id":"872591b3-246f-47db-973d-edd19fe67fca","sourceId":"2e2d8fb3-e622-4ca3-8b6a-3d9d5cfbf670","sinkId":"ff669721-4ac2-4a52-a85c-03c766432fd7","selector":-1},{"id":"93c22697-d593-49a2-b1de-edca17816985","sourceId":"2b1abe9f-4bf2-427d-aa66-622a994da6e9","sinkId":"70d02bf7-bb0c-44ce-92da-9283c8ef0bb9","selector":-1},{"id":"96122a09-35b2-4571-ae9b-ef6120d19ea6","sourceId":"70d02bf7-bb0c-44ce-92da-9283c8ef0bb9","sinkId":"ea155852-d42f-4c3f-83f5-36c1bda65140","selector":-1},{"id":"b3ec5dde-765c-40dc-a4ab-db66434e8919","sourceId":"2b1abe9f-4bf2-427d-aa66-622a994da6e9","sinkId":"2e2d8fb3-e622-4ca3-8b6a-3d9d5cfbf670","selector":-1},{"id":"dd8cfbb9-b76b-4d3a-b126-9652ce931472","sourceId":"ea155852-d42f-4c3f-83f5-36c1bda65140","sinkId":"8aff937e-21a7-4fdb-94b9-b25d1a4b6e38","selector":0},{"id":"0ccc62fe-cbdf-4c04-9af5-45b6b7609069","sourceId":"65618686-d77c-4965-88d7-860e9127e1c2","sinkId":"7458f8ae-4db5-4122-9e20-59aa6d2fa5d0","selector":1},{"id":"7f26a6f3-a2a9-4e7c-a972-6a6913977be7","sourceId":"cbca87f4-14a0-4de5-888e-1a30fab574c0","sinkId":"7458f8ae-4db5-4122-9e20-59aa6d2fa5d0","selector":1},{"id":"933e8332-5d32-404c-9302-cc35d0f5c656","sourceId":"8aff937e-21a7-4fdb-94b9-b25d1a4b6e38","sinkId":"cbca87f4-14a0-4de5-888e-1a30fab574c0","selector":2},{"id":"acf277e7-62dd-4c29-aa9a-e65d53833b88","sourceId":"ff669721-4ac2-4a52-a85c-03c766432fd7","sinkId":"c628498b-3547-4917-904e-687dc8232af4","selector":0},{"id":"86c79172-e6dc-4d37-ab66-d95749d44d96","sourceId":"8aff937e-21a7-4fdb-94b9-b25d1a4b6e38","sinkId":"65618686-d77c-4965-88d7-860e9127e1c2","selector":2},{"id":"d870daf6-aefa-4c78-8031-8a51306ea37a","sourceId":"c628498b-3547-4917-904e-687dc8232af4","sinkId":"9120170b-5973-4863-8e11-6ce4ab00cb2d","selector":2},{"id":"d33e336c-1fb2-4606-a257-88ba3c9375ea","sourceId":"c628498b-3547-4917-904e-687dc8232af4","sinkId":"afa8b418-dd84-4b4d-be61-efae83501e65","selector":2},{"id":"390c7823-6b64-411d-83a4-bea58c901361","sourceId":"9120170b-5973-4863-8e11-6ce4ab00cb2d","sinkId":"7458f8ae-4db5-4122-9e20-59aa6d2fa5d0","selector":1},{"id":"e1c9234d-139d-4b39-888c-760c5b170634","sourceId":"afa8b418-dd84-4b4d-be61-efae83501e65","sinkId":"7458f8ae-4db5-4122-9e20-59aa6d2fa5d0","selector":1}],"id":"3b4936fa-bd0a-4301-99aa-6b9edd4d967c","dateCreated":"0001-01-01T00:00:00","dateLastModified":"0001-01-01T00:00:00"}],"pipelineJobs":[]}