{"version":1,"request":{"fileName":"flow-koreWaterFastupdates-20240524-150006.json","pipelineIds":["70a034af-42cd-4e7d-a43b-384cb591cc60"]},"dashboards":[],"resources":[],"pipelines":[{"entryPointId":"d67dd5bd-9b86-4416-b2ef-120098dd8cf1","metadata":[{"key":"description","value":"Values with fast update time"},{"key":"name","value":"KORE - Water - FastUpdates"}],"operators":[{"id":"0b872ddf-b206-487c-b221-8bbbb733a62c","pipelineTopologyId":"70a034af-42cd-4e7d-a43b-384cb591cc60","kind":"std/log","configuration":[{"key":"level","value":"error"},{"key":"template","value":"MQTT Log Error"}],"metadata":[{"key":"$in:schemaType","value":"2"},{"key":"name","value":"Log"},{"key":"x","value":"575"},{"key":"y","value":"250"}]},{"id":"16818473-f4e1-4dfb-8220-9628895b7dc2","pipelineTopologyId":"70a034af-42cd-4e7d-a43b-384cb591cc60","kind":"std/log","configuration":[{"key":"level","value":"info"},{"key":"template","value":"Log Event - Fast"}],"metadata":[{"key":"$in:schemaType","value":"2"},{"key":"name","value":"Log Trigger Fast"},{"key":"x","value":"500"},{"key":"y","value":"-200"}]},{"id":"218a75da-7cff-4175-bf96-aa104f13d3d1","pipelineTopologyId":"70a034af-42cd-4e7d-a43b-384cb591cc60","kind":"std/timer","configuration":[{"key":"count","value":"0"},{"key":"interval","value":"10000"}],"metadata":[{"key":"$in:schemaType","value":"2"},{"key":"name","value":"Timer"},{"key":"x","value":"125"},{"key":"y","value":"-200"}]},{"id":"26ec3b74-765c-406b-85f9-362f0a4d63fd","pipelineTopologyId":"70a034af-42cd-4e7d-a43b-384cb591cc60","kind":"plc/read","configuration":[{"key":"$version","value":"1"},{"key":"ids:0","value":"f373c556-bce5-49c9-b33f-69b623d2b0ce"},{"key":"resource","value":"8f7f5141-7b8c-4852-b4df-bd1647696872"}],"metadata":[{"key":"$in:schemaType","value":"1"},{"key":"$out:selectors:0:fields:0:name","value":"ATSNormalRdyDI"},{"key":"$out:selectors:0:fields:0:type","value":"1"},{"key":"$out:selectors:0:fields:10:name","value":"ATSStandyByRdyDI"},{"key":"$out:selectors:0:fields:10:type","value":"1"},{"key":"$out:selectors:0:fields:11:name","value":"ClearWellHighLevelDI"},{"key":"$out:selectors:0:fields:11:type","value":"1"},{"key":"$out:selectors:0:fields:12:name","value":"ClearWellLowLevelDI"},{"key":"$out:selectors:0:fields:12:type","value":"1"},{"key":"$out:selectors:0:fields:13:name","value":"GeneratorAlarmDI"},{"key":"$out:selectors:0:fields:13:type","value":"1"},{"key":"$out:selectors:0:fields:14:name","value":"GeneratorStatusDI"},{"key":"$out:selectors:0:fields:14:type","value":"1"},{"key":"$out:selectors:0:fields:15:name","value":"OxygenMonitorDI"},{"key":"$out:selectors:0:fields:15:type","value":"1"},{"key":"$out:selectors:0:fields:16:name","value":"PlantRunningDI"},{"key":"$out:selectors:0:fields:16:type","value":"1"},{"key":"$out:selectors:0:fields:17:name","value":"PlantStartDI"},{"key":"$out:selectors:0:fields:17:type","value":"1"},{"key":"$out:selectors:0:fields:1:name","value":"ATSOnStandbyDI"},{"key":"$out:selectors:0:fields:1:type","value":"1"},{"key":"$out:selectors:0:fields:2:name","value":"ServicePump1Running_DI"},{"key":"$out:selectors:0:fields:2:type","value":"1"},{"key":"$out:selectors:0:fields:3:name","value":"ServicePump2Running_DI"},{"key":"$out:selectors:0:fields:3:type","value":"1"},{"key":"$out:selectors:0:fields:4:name","value":"PlantShutdownDO"},{"key":"$out:selectors:0:fields:4:type","value":"1"},{"key":"$out:selectors:0:fields:5:name","value":"WaterTowerLevelCommsDI"},{"key":"$out:selectors:0:fields:5:type","value":"1"},{"key":"$out:selectors:0:fields:6:name","value":"PlantEnableChemicalsDO"},{"key":"$out:selectors:0:fields:6:type","value":"1"},{"key":"$out:selectors:0:fields:7:name","value":"CombinedChlorinatorVacDI"},{"key":"$out:selectors:0:fields:7:type","value":"1"},{"key":"$out:selectors:0:fields:8:name","value":"FreeChlorinatorVacDI"},{"key":"$out:selectors:0:fields:8:type","value":"1"},{"key":"$out:selectors:0:fields:9:name","value":"CarbonFeeder.RunningFwd"},{"key":"$out:selectors:0:fields:9:type","value":"1"},{"key":"$out:selectors:0:schemaType","value":"0"},{"key":"$out:selectors:0:selector","value":"0"},{"key":"name","value":"PLC Read"},{"key":"x","value":"125"},{"key":"y","value":"-100"}]},{"id":"3dce79cd-760e-4a39-a644-69f83c6e52b1","pipelineTopologyId":"70a034af-42cd-4e7d-a43b-384cb591cc60","kind":"std/literal","configuration":[{"key":"columns:0:arrowTypeId","value":"7"},{"key":"columns:0:name","value":"id"},{"key":"columns:0:value","value":"914"}],"metadata":[{"key":"$in:schemaType","value":"2"},{"key":"$out:selectors:0:fields:0:name","value":"ATSNormalRdyDI"},{"key":"$out:selectors:0:fields:0:type","value":"1"},{"key":"$out:selectors:0:fields:10:name","value":"ServicePump1Running_DI"},{"key":"$out:selectors:0:fields:10:type","value":"1"},{"key":"$out:selectors:0:fields:11:name","value":"ServicePump2Running_DI"},{"key":"$out:selectors:0:fields:11:type","value":"1"},{"key":"$out:selectors:0:fields:12:name","value":"PlantShutdownDO"},{"key":"$out:selectors:0:fields:12:type","value":"1"},{"key":"$out:selectors:0:fields:13:name","value":"WaterTowerLevelCommsDI"},{"key":"$out:selectors:0:fields:13:type","value":"1"},{"key":"$out:selectors:0:fields:14:name","value":"PlantEnableChemicalsDO"},{"key":"$out:selectors:0:fields:14:type","value":"1"},{"key":"$out:selectors:0:fields:15:name","value":"CombinedChlorinatorVacDI"},{"key":"$out:selectors:0:fields:15:type","value":"1"},{"key":"$out:selectors:0:fields:16:name","value":"FreeChlorinatorVacDI"},{"key":"$out:selectors:0:fields:16:type","value":"1"},{"key":"$out:selectors:0:fields:17:name","value":"CarbonFeeder.RunningFwd"},{"key":"$out:selectors:0:fields:17:type","value":"1"},{"key":"$out:selectors:0:fields:18:name","value":"id"},{"key":"$out:selectors:0:fields:18:type","value":"7"},{"key":"$out:selectors:0:fields:1:name","value":"ATSStandyByRdyDI"},{"key":"$out:selectors:0:fields:1:type","value":"1"},{"key":"$out:selectors:0:fields:2:name","value":"ClearWellHighLevelDI"},{"key":"$out:selectors:0:fields:2:type","value":"1"},{"key":"$out:selectors:0:fields:3:name","value":"ClearWellLowLevelDI"},{"key":"$out:selectors:0:fields:3:type","value":"1"},{"key":"$out:selectors:0:fields:4:name","value":"GeneratorAlarmDI"},{"key":"$out:selectors:0:fields:4:type","value":"1"},{"key":"$out:selectors:0:fields:5:name","value":"GeneratorStatusDI"},{"key":"$out:selectors:0:fields:5:type","value":"1"},{"key":"$out:selectors:0:fields:6:name","value":"OxygenMonitorDI"},{"key":"$out:selectors:0:fields:6:type","value":"1"},{"key":"$out:selectors:0:fields:7:name","value":"PlantRunningDI"},{"key":"$out:selectors:0:fields:7:type","value":"1"},{"key":"$out:selectors:0:fields:8:name","value":"PlantStartDI"},{"key":"$out:selectors:0:fields:8:type","value":"1"},{"key":"$out:selectors:0:fields:9:name","value":"ATSOnStandbyDI"},{"key":"$out:selectors:0:fields:9:type","value":"1"},{"key":"$out:selectors:0:schemaType","value":"0"},{"key":"$out:selectors:0:selector","value":"0"},{"key":"$out:selectors:1:schemaType","value":"1"},{"key":"$out:selectors:1:selector","value":"1"},{"key":"name","value":"Literal"},{"key":"x","value":"100"},{"key":"y","value":"25"}]},{"id":"443b0c7b-9aee-47c6-8976-c1d8320652e7","pipelineTopologyId":"70a034af-42cd-4e7d-a43b-384cb591cc60","kind":"std/mqtt/publish","configuration":[{"key":"contentType","value":"application/json"},{"key":"payload","value":"{\r\n    \"TimeStamp\":\"{{data[\"Timestamp\"][0]}}\",\r\n    \"ID\":{{data[\"id\"][0]}},\r\n    \"ATSNormalRdyDI\":{\"Val\":{{data[\"ATSNormalRdyDI\"][0]}}},\r\n\t\"ATSOnStandbyDI\":{\"Val\":{{data[\"ATSOnStandbyDI\"][0]}}},\r\n\t\"ATSStandyByRdyDI\":{\"Val\":{{data[\"ATSStandyByRdyDI\"][0]}}},\r\n\t\"ClearWellHighLevelDI\":{\"Val\":{{data[\"ClearWellHighLevelDI\"][0]}}},\r\n\t\"ClearWellLowLevelDI\":{\"Val\":{{data[\"ClearWellLowLevelDI\"][0]}}},\r\n\t\"GeneratorAlarmDI\":{\"Val\":{{data[\"GeneratorAlarmDI\"][0]}}},\r\n\t\"GeneratorStatusDI\":{\"Val\":{{data[\"GeneratorStatusDI\"][0]}}},\r\n\t\"OxygenMonitorDI\":{\"Val\":{{data[\"OxygenMonitorDI\"][0]}}},\r\n\t\"PlantRunningDI\":{\"Val\":{{data[\"PlantRunningDI\"][0]}}},\r\n\t\"PlantStartDI\":{\"Val\":{{data[\"PlantStartDI\"][0]}}},\r\n\t\"ServicePump1Running_DI\":{\"Val\":{{data[\"ServicePump1Running_DI\"][0]}}},\r\n\t\"ServicePump2Running_DI\":{\"Val\":{{data[\"ServicePump2Running_DI\"][0]}}},\r\n\t\"PlantShutdownDO\":{\"Val\":{{data[\"PlantShutdownDO\"][0]}}},\r\n\t\"WaterTowerLevelCommsDI\":{\"Val\":{{data[\"WaterTowerLevelCommsDI\"][0]}}},\r\n\t\"PlantEnableChemicalsDO\":{\"Val\":{{data[\"PlantEnableChemicalsDO\"][0]}}},\r\n\t\"CombinedChlorinatorVacDI\":{\"Val\":{{data[\"CombinedChlorinatorVacDI\"][0]}}},\r\n\t\"FreeChlorinatorVacDI\":{\"Val\":{{data[\"FreeChlorinatorVacDI\"][0]}}},\r\n\t\"CarbonFeeder.RunningFwd\":{\"Val\":{{data[\"CarbonFeeder.RunningFwd\"][0]}}}\r\n}"},{"key":"qualityOfService","value":"at-least-once"},{"key":"resource","value":"0936ea23-0ed3-43ec-a60e-c6119bd11d69"},{"key":"retain","value":"false"},{"key":"subscriptionIdentifier","value":"0"},{"key":"topic","value":"devices/914/messages/events/"}],"metadata":[{"key":"$in:schemaType","value":"2"},{"key":"$out:selectors:0:schemaType","value":"1"},{"key":"$out:selectors:0:selector","value":"0"},{"key":"$out:selectors:1:fields:0:name","value":"ReasonCode"},{"key":"$out:selectors:1:fields:0:type","value":"7"},{"key":"$out:selectors:1:fields:1:name","value":"ReasonString"},{"key":"$out:selectors:1:fields:1:type","value":"13"},{"key":"$out:selectors:1:fields:2:name","value":"PacketIdentifier"},{"key":"$out:selectors:1:fields:2:type","value":"4"},{"key":"$out:selectors:1:schemaType","value":"0"},{"key":"$out:selectors:1:selector","value":"1"},{"key":"name","value":"MQTT Publish Topic"},{"key":"x","value":"325"},{"key":"y","value":"150"}]},{"id":"600a652a-639b-479d-9fe8-9ae819e549f2","pipelineTopologyId":"70a034af-42cd-4e7d-a43b-384cb591cc60","kind":"std/timestamp","configuration":[{"key":"columnName","value":"Timestamp"}],"metadata":[{"key":"$in:schemaType","value":"2"},{"key":"$out:selectors:0:fields:0:name","value":"ChemicalScale1AI.PV"},{"key":"$out:selectors:0:fields:0:type","value":"11"},{"key":"$out:selectors:0:fields:10:name","value":"pHAI.PV"},{"key":"$out:selectors:0:fields:10:type","value":"11"},{"key":"$out:selectors:0:fields:11:name","value":"CombinedChlorinatorAI.PV"},{"key":"$out:selectors:0:fields:11:type","value":"11"},{"key":"$out:selectors:0:fields:12:name","value":"FreeChlorinatorAI.PV"},{"key":"$out:selectors:0:fields:12:type","value":"11"},{"key":"$out:selectors:0:fields:13:name","value":"RawWaterMeterAI.PV"},{"key":"$out:selectors:0:fields:13:type","value":"11"},{"key":"$out:selectors:0:fields:14:name","value":"WaterTowerLevelAI.PV"},{"key":"$out:selectors:0:fields:14:type","value":"11"},{"key":"$out:selectors:0:fields:15:name","value":"CombinedTurbidityAI.PV"},{"key":"$out:selectors:0:fields:15:type","value":"11"},{"key":"$out:selectors:0:fields:16:name","value":"id"},{"key":"$out:selectors:0:fields:16:type","value":"7"},{"key":"$out:selectors:0:fields:17:name","value":"Timestamp"},{"key":"$out:selectors:0:fields:17:type","value":"18"},{"key":"$out:selectors:0:fields:1:name","value":"Filter1TurbidityAI.PV"},{"key":"$out:selectors:0:fields:1:type","value":"11"},{"key":"$out:selectors:0:fields:2:name","value":"Filter2TurbidityAI.PV"},{"key":"$out:selectors:0:fields:2:type","value":"11"},{"key":"$out:selectors:0:fields:3:name","value":"Filter3TurbidityAI.PV"},{"key":"$out:selectors:0:fields:3:type","value":"11"},{"key":"$out:selectors:0:fields:4:name","value":"RawWaterMeterTotalizer.CurDay"},{"key":"$out:selectors:0:fields:4:type","value":"11"},{"key":"$out:selectors:0:fields:5:name","value":"RawWaterMeterTotalizer.YesDay"},{"key":"$out:selectors:0:fields:5:type","value":"11"},{"key":"$out:selectors:0:fields:6:name","value":"CarbonFeeder.SpeedAI.PV"},{"key":"$out:selectors:0:fields:6:type","value":"11"},{"key":"$out:selectors:0:fields:7:name","value":"ChemicalScale2AI.PV"},{"key":"$out:selectors:0:fields:7:type","value":"11"},{"key":"$out:selectors:0:fields:8:name","value":"ChemicalScale3AI.PV"},{"key":"$out:selectors:0:fields:8:type","value":"11"},{"key":"$out:selectors:0:fields:9:name","value":"ChemicalScale4AI.PV"},{"key":"$out:selectors:0:fields:9:type","value":"11"},{"key":"$out:selectors:0:schemaType","value":"0"},{"key":"$out:selectors:0:selector","value":"0"},{"key":"$out:selectors:1:schemaType","value":"1"},{"key":"$out:selectors:1:selector","value":"1"},{"key":"name","value":"Timestamp"},{"key":"x","value":"325"},{"key":"y","value":"25"}]},{"id":"60e8e27b-9681-4d3b-9b24-7937ae1468aa","pipelineTopologyId":"70a034af-42cd-4e7d-a43b-384cb591cc60","kind":"std/log","configuration":[{"key":"level","value":"info"},{"key":"template","value":"MQTT Log Success"}],"metadata":[{"key":"$in:schemaType","value":"2"},{"key":"name","value":"Log"},{"key":"x","value":"575"},{"key":"y","value":"125"}]},{"id":"cfb3b591-9aae-4000-b3d9-d2b463344678","pipelineTopologyId":"70a034af-42cd-4e7d-a43b-384cb591cc60","kind":"std/log","configuration":[{"key":"level","value":"info"},{"key":"template","value":"Read Tags Success - Fast"}],"metadata":[{"key":"$in:schemaType","value":"2"},{"key":"name","value":"PLC Read Success Fast"},{"key":"x","value":"725"},{"key":"y","value":"-200"}]},{"id":"d67dd5bd-9b86-4416-b2ef-120098dd8cf1","pipelineTopologyId":"70a034af-42cd-4e7d-a43b-384cb591cc60","kind":"std/forward","configuration":[],"metadata":[{"key":"name","value":"Entry Point"},{"key":"x","value":"-100"},{"key":"y","value":"-200"}]},{"id":"e468cbd5-7180-40d2-918e-88f9b4a21f62","pipelineTopologyId":"70a034af-42cd-4e7d-a43b-384cb591cc60","kind":"script/execute","configuration":[{"key":"definition:engine","value":"csharp"},{"key":"definition:filesystem:allow","value":"false"},{"key":"definition:id","value":"f33a6380-332d-4fb7-b55a-e3c52ddb4e93"},{"key":"definition:location","value":"inline"},{"key":"definition:network:allow","value":"false"},{"key":"definition:runtime:background","value":"false"},{"key":"definition:runtime:debug","value":"false"},{"key":"definition:runtime:maxExecutionTime","value":"0"},{"key":"definition:source","value":"using Dynics.Arrow; \n\npublic class Script\n{\n    public static readonly string valueColumn = \"Timestamp\";\n\n    public static async Task ExecuteAsync(IScriptContext context, RecordBatch recordBatch, CancellationToken cancellationToken)\n    {\n        var tsColumn = recordBatch.Column(valueColumn) as TimestampArray;\n        var timestamp = DateTimeOffset.FromUnixTimeMilliseconds(tsColumn.GetValue(0).Value).UtcDateTime.ToString(\"O\");\n\n        var builder = new RecordBatch.Builder();\n\n        for (var i = 0; i < recordBatch.Schema.Fields.Count; i++)\n        {\n            var field = recordBatch.Schema.GetFieldByIndex(i);\n            if(field.Name == valueColumn)\n                continue;\n            var array = recordBatch.Column(i);\n            builder.Append(field, array);\n        }\n        builder.Append<StringArray>(valueColumn,false,x=> x.String(s=>s.Append(timestamp)));\n        await context.EmitAsync(builder.Build());\n    }\n}"}],"metadata":[{"key":"$in:schemaType","value":"1"},{"key":"name","value":"Format Timestamp"},{"key":"x","value":"100"},{"key":"y","value":"150"}]}],"pipes":[{"id":"083358f3-1173-4a36-938e-0e1f25c15b25","sourceId":"3dce79cd-760e-4a39-a644-69f83c6e52b1","sinkId":"600a652a-639b-479d-9fe8-9ae819e549f2","selector":0},{"id":"50e069e0-7b14-4f3d-89d7-efba607d1483","sourceId":"443b0c7b-9aee-47c6-8976-c1d8320652e7","sinkId":"0b872ddf-b206-487c-b221-8bbbb733a62c","selector":1},{"id":"531dae95-6d52-434d-a4d5-dbc75c907430","sourceId":"e468cbd5-7180-40d2-918e-88f9b4a21f62","sinkId":"443b0c7b-9aee-47c6-8976-c1d8320652e7","selector":2},{"id":"7c2343e8-34a3-4979-bf96-8cb410839643","sourceId":"218a75da-7cff-4175-bf96-aa104f13d3d1","sinkId":"26ec3b74-765c-406b-85f9-362f0a4d63fd","selector":-1},{"id":"99413760-f7b4-4875-8bbc-27236e066bb9","sourceId":"600a652a-639b-479d-9fe8-9ae819e549f2","sinkId":"e468cbd5-7180-40d2-918e-88f9b4a21f62","selector":0},{"id":"a4cefc2b-c9e3-4feb-b57e-eb9245e4fb90","sourceId":"26ec3b74-765c-406b-85f9-362f0a4d63fd","sinkId":"3dce79cd-760e-4a39-a644-69f83c6e52b1","selector":0},{"id":"ab1b92f4-5c87-4fc0-8910-7a69e12c73f8","sourceId":"d67dd5bd-9b86-4416-b2ef-120098dd8cf1","sinkId":"218a75da-7cff-4175-bf96-aa104f13d3d1","selector":-1},{"id":"f17d8456-9952-4659-adad-a7989658a872","sourceId":"443b0c7b-9aee-47c6-8976-c1d8320652e7","sinkId":"60e8e27b-9681-4d3b-9b24-7937ae1468aa","selector":0}],"id":"70a034af-42cd-4e7d-a43b-384cb591cc60","dateCreated":"2024-05-24T14:45:17.8207549","dateLastModified":"2024-05-24T14:48:59.4627356"}],"pipelineJobs":[]}