{"version":1,"request":{"fileName":"flow-slowupdates-20240503-152246.json","pipelineIds":["38e69a63-7230-4e3d-8d45-705ece029afc"]},"dashboards":[],"resources":[],"pipelines":[{"entryPointId":"e0d2d5a8-6d2a-407d-be53-890f04bdc199","dateLastExecuted":"2024-03-25T21:43:03.4538797","metadata":[{"key":"description","value":"Values with slow update time"},{"key":"name","value":"SlowUpdates"}],"operators":[{"id":"0e908499-209e-4857-851f-61108b9d37a7","pipelineTopologyId":"38e69a63-7230-4e3d-8d45-705ece029afc","kind":"std/log","configuration":[{"key":"level","value":"error"},{"key":"template","value":"MQTT Log Error"}],"metadata":[{"key":"$in:schemaType","value":"2"},{"key":"name","value":"Log"},{"key":"x","value":"575"},{"key":"y","value":"250"}]},{"id":"16cc3840-fa87-448f-9cea-da8cd7e5beda","pipelineTopologyId":"38e69a63-7230-4e3d-8d45-705ece029afc","kind":"std/mqtt/publish","configuration":[{"key":"contentType","value":"application/json"},{"key":"payload","value":"{\r\n    \"TimeStamp\":\"{{data[\"Timestamp\"][0]}}\",\r\n    \"ID\":{{data[\"id\"][0]}},\r\n    \"ChemicalScale1AI.PV\":{\"Val\":{{data[\"ChemicalScale1AI.PV\"][0]}}},\r\n\"ChemicalScale2AI.PV\":{\"Val\":{{data[\"ChemicalScale2AI.PV\"][0]}}},\r\n\"ChemicalScale3AI.PV\":{\"Val\":{{data[\"ChemicalScale3AI.PV\"][0]}}},\r\n\"ChemicalScale4AI.PV\":{\"Val\":{{data[\"ChemicalScale4AI.PV\"][0]}}},\r\n\"pHAI.PV\":{\"Val\":{{data[\"pHAI.PV\"][0]}}},\r\n\"CombinedChlorinatorAI.PV\":{\"Val\":{{data[\"CombinedChlorinatorAI.PV\"][0]}}},\r\n\"FreeChlorinatorAI.PV\":{\"Val\":{{data[\"FreeChlorinatorAI.PV\"][0]}}},\r\n\"RawWaterMeterAI.PV\":{\"Val\":{{data[\"RawWaterMeterAI.PV\"][0]}}},\r\n\"WaterTowerLevelAI.PV\":{\"Val\":{{data[\"WaterTowerLevelAI.PV\"][0]}}},\r\n\"CombinedTurbidityAI.PV\":{\"Val\":{{data[\"CombinedTurbidityAI.PV\"][0]}}},\r\n\"Filter1TurbidityAI.PV\":{\"Val\":{{data[\"Filter1TurbidityAI.PV\"][0]}}},\r\n\"Filter2TurbidityAI.PV\":{\"Val\":{{data[\"Filter2TurbidityAI.PV\"][0]}}},\r\n\"Filter3TurbidityAI.PV\":{\"Val\":{{data[\"Filter3TurbidityAI.PV\"][0]}}},\r\n\"RawWaterMeterTotalizer.CurDay\":{\"Val\":{{data[\"RawWaterMeterTotalizer.CurDay\"][0]}}},\r\n\"RawWaterMeterTotalizer.YesDay\":{\"Val\":{{data[\"RawWaterMeterTotalizer.YesDay\"][0]}}},\r\n\"CarbonFeeder.SpeedAI.PV\":{\"Val\":{{data[\"CarbonFeeder.SpeedAI.PV\"][0]}}}\r\n}"},{"key":"qualityOfService","value":"at-least-once"},{"key":"resource","value":"0936ea23-0ed3-43ec-a60e-c6119bd11d69"},{"key":"retain","value":"false"},{"key":"subscriptionIdentifier","value":"0"},{"key":"topic","value":"devices/802/messages/events/"}],"metadata":[{"key":"$in:schemaType","value":"2"},{"key":"$out:selectors:0:schemaType","value":"1"},{"key":"$out:selectors:0:selector","value":"0"},{"key":"$out:selectors:1:fields:0:name","value":"ReasonCode"},{"key":"$out:selectors:1:fields:0:type","value":"7"},{"key":"$out:selectors:1:fields:1:name","value":"ReasonString"},{"key":"$out:selectors:1:fields:1:type","value":"13"},{"key":"$out:selectors:1:fields:2:name","value":"PacketIdentifier"},{"key":"$out:selectors:1:fields:2:type","value":"4"},{"key":"$out:selectors:1:schemaType","value":"0"},{"key":"$out:selectors:1:selector","value":"1"},{"key":"name","value":"MQTT Publish Topic"},{"key":"x","value":"325"},{"key":"y","value":"150"}]},{"id":"2f4500e4-c083-4cb9-85a6-2c41c5fc336c","pipelineTopologyId":"38e69a63-7230-4e3d-8d45-705ece029afc","kind":"script/execute","configuration":[{"key":"definition:engine","value":"csharp"},{"key":"definition:filesystem:allow","value":"false"},{"key":"definition:id","value":"f33a6380-332d-4fb7-b55a-e3c52ddb4e93"},{"key":"definition:location","value":"inline"},{"key":"definition:network:allow","value":"false"},{"key":"definition:runtime:background","value":"false"},{"key":"definition:runtime:debug","value":"false"},{"key":"definition:runtime:maxExecutionTime","value":"0"},{"key":"definition:source","value":"using Dynics.Arrow; \n\npublic class Script\n{\n    public static readonly string valueColumn = \"Timestamp\";\n\n    public static async Task ExecuteAsync(IScriptContext context, RecordBatch recordBatch, CancellationToken cancellationToken)\n    {\n        var tsColumn = recordBatch.Column(valueColumn) as TimestampArray;\n        var timestamp = DateTimeOffset.FromUnixTimeMilliseconds(tsColumn.GetValue(0).Value).UtcDateTime.ToString(\"O\");\n\n        var builder = new RecordBatch.Builder();\n\n        for (var i = 0; i < recordBatch.Schema.Fields.Count; i++)\n        {\n            var field = recordBatch.Schema.GetFieldByIndex(i);\n            if(field.Name == valueColumn)\n                continue;\n            var array = recordBatch.Column(i);\n            builder.Append(field, array);\n        }\n        builder.Append<StringArray>(valueColumn,false,x=> x.String(s=>s.Append(timestamp)));\n        await context.EmitAsync(builder.Build());\n    }\n}"}],"metadata":[{"key":"$in:schemaType","value":"1"},{"key":"name","value":"Format Timestamp"},{"key":"x","value":"100"},{"key":"y","value":"150"}]},{"id":"50f5aa60-7cfa-41bb-91bf-1ac6b2f514c3","pipelineTopologyId":"38e69a63-7230-4e3d-8d45-705ece029afc","kind":"std/log","configuration":[{"key":"level","value":"info"},{"key":"template","value":"Read Tags Success - Slow"}],"metadata":[{"key":"$in:schemaType","value":"2"},{"key":"name","value":"PLC Read Success Slow"},{"key":"x","value":"725"},{"key":"y","value":"-200"}]},{"id":"59e627d6-de49-4604-b5d0-4aada3487a8f","pipelineTopologyId":"38e69a63-7230-4e3d-8d45-705ece029afc","kind":"std/timer","configuration":[{"key":"count","value":"0"},{"key":"interval","value":"10000"}],"metadata":[{"key":"$in:schemaType","value":"2"},{"key":"name","value":"Timer"},{"key":"x","value":"125"},{"key":"y","value":"-200"}]},{"id":"667c4e7f-4185-4786-9f2f-6cab3cef0bed","pipelineTopologyId":"38e69a63-7230-4e3d-8d45-705ece029afc","kind":"std/timestamp","configuration":[{"key":"columnName","value":"Timestamp"}],"metadata":[{"key":"$in:schemaType","value":"2"},{"key":"$out:selectors:0:fields:0:name","value":"ChemicalScale1AI.PV"},{"key":"$out:selectors:0:fields:0:type","value":"11"},{"key":"$out:selectors:0:fields:10:name","value":"pHAI.PV"},{"key":"$out:selectors:0:fields:10:type","value":"11"},{"key":"$out:selectors:0:fields:11:name","value":"CombinedChlorinatorAI.PV"},{"key":"$out:selectors:0:fields:11:type","value":"11"},{"key":"$out:selectors:0:fields:12:name","value":"FreeChlorinatorAI.PV"},{"key":"$out:selectors:0:fields:12:type","value":"11"},{"key":"$out:selectors:0:fields:13:name","value":"RawWaterMeterAI.PV"},{"key":"$out:selectors:0:fields:13:type","value":"11"},{"key":"$out:selectors:0:fields:14:name","value":"WaterTowerLevelAI.PV"},{"key":"$out:selectors:0:fields:14:type","value":"11"},{"key":"$out:selectors:0:fields:15:name","value":"CombinedTurbidityAI.PV"},{"key":"$out:selectors:0:fields:15:type","value":"11"},{"key":"$out:selectors:0:fields:16:name","value":"id"},{"key":"$out:selectors:0:fields:16:type","value":"7"},{"key":"$out:selectors:0:fields:17:name","value":"Timestamp"},{"key":"$out:selectors:0:fields:17:type","value":"18"},{"key":"$out:selectors:0:fields:1:name","value":"Filter1TurbidityAI.PV"},{"key":"$out:selectors:0:fields:1:type","value":"11"},{"key":"$out:selectors:0:fields:2:name","value":"Filter2TurbidityAI.PV"},{"key":"$out:selectors:0:fields:2:type","value":"11"},{"key":"$out:selectors:0:fields:3:name","value":"Filter3TurbidityAI.PV"},{"key":"$out:selectors:0:fields:3:type","value":"11"},{"key":"$out:selectors:0:fields:4:name","value":"RawWaterMeterTotalizer.CurDay"},{"key":"$out:selectors:0:fields:4:type","value":"11"},{"key":"$out:selectors:0:fields:5:name","value":"RawWaterMeterTotalizer.YesDay"},{"key":"$out:selectors:0:fields:5:type","value":"11"},{"key":"$out:selectors:0:fields:6:name","value":"CarbonFeeder.SpeedAI.PV"},{"key":"$out:selectors:0:fields:6:type","value":"11"},{"key":"$out:selectors:0:fields:7:name","value":"ChemicalScale2AI.PV"},{"key":"$out:selectors:0:fields:7:type","value":"11"},{"key":"$out:selectors:0:fields:8:name","value":"ChemicalScale3AI.PV"},{"key":"$out:selectors:0:fields:8:type","value":"11"},{"key":"$out:selectors:0:fields:9:name","value":"ChemicalScale4AI.PV"},{"key":"$out:selectors:0:fields:9:type","value":"11"},{"key":"$out:selectors:0:schemaType","value":"0"},{"key":"$out:selectors:0:selector","value":"0"},{"key":"$out:selectors:1:schemaType","value":"1"},{"key":"$out:selectors:1:selector","value":"1"},{"key":"name","value":"Timestamp"},{"key":"x","value":"325"},{"key":"y","value":"25"}]},{"id":"770b44b0-b0bb-45f9-ba23-42a182d16032","pipelineTopologyId":"38e69a63-7230-4e3d-8d45-705ece029afc","kind":"std/literal","configuration":[{"key":"columns:0:arrowTypeId","value":"7"},{"key":"columns:0:name","value":"id"},{"key":"columns:0:value","value":"802"}],"metadata":[{"key":"$in:schemaType","value":"2"},{"key":"$out:selectors:0:fields:0:name","value":"ChemicalScale1AI.PV"},{"key":"$out:selectors:0:fields:0:type","value":"11"},{"key":"$out:selectors:0:fields:10:name","value":"pHAI.PV"},{"key":"$out:selectors:0:fields:10:type","value":"11"},{"key":"$out:selectors:0:fields:11:name","value":"CombinedChlorinatorAI.PV"},{"key":"$out:selectors:0:fields:11:type","value":"11"},{"key":"$out:selectors:0:fields:12:name","value":"FreeChlorinatorAI.PV"},{"key":"$out:selectors:0:fields:12:type","value":"11"},{"key":"$out:selectors:0:fields:13:name","value":"RawWaterMeterAI.PV"},{"key":"$out:selectors:0:fields:13:type","value":"11"},{"key":"$out:selectors:0:fields:14:name","value":"WaterTowerLevelAI.PV"},{"key":"$out:selectors:0:fields:14:type","value":"11"},{"key":"$out:selectors:0:fields:15:name","value":"CombinedTurbidityAI.PV"},{"key":"$out:selectors:0:fields:15:type","value":"11"},{"key":"$out:selectors:0:fields:16:name","value":"id"},{"key":"$out:selectors:0:fields:16:type","value":"7"},{"key":"$out:selectors:0:fields:1:name","value":"Filter1TurbidityAI.PV"},{"key":"$out:selectors:0:fields:1:type","value":"11"},{"key":"$out:selectors:0:fields:2:name","value":"Filter2TurbidityAI.PV"},{"key":"$out:selectors:0:fields:2:type","value":"11"},{"key":"$out:selectors:0:fields:3:name","value":"Filter3TurbidityAI.PV"},{"key":"$out:selectors:0:fields:3:type","value":"11"},{"key":"$out:selectors:0:fields:4:name","value":"RawWaterMeterTotalizer.CurDay"},{"key":"$out:selectors:0:fields:4:type","value":"11"},{"key":"$out:selectors:0:fields:5:name","value":"RawWaterMeterTotalizer.YesDay"},{"key":"$out:selectors:0:fields:5:type","value":"11"},{"key":"$out:selectors:0:fields:6:name","value":"CarbonFeeder.SpeedAI.PV"},{"key":"$out:selectors:0:fields:6:type","value":"11"},{"key":"$out:selectors:0:fields:7:name","value":"ChemicalScale2AI.PV"},{"key":"$out:selectors:0:fields:7:type","value":"11"},{"key":"$out:selectors:0:fields:8:name","value":"ChemicalScale3AI.PV"},{"key":"$out:selectors:0:fields:8:type","value":"11"},{"key":"$out:selectors:0:fields:9:name","value":"ChemicalScale4AI.PV"},{"key":"$out:selectors:0:fields:9:type","value":"11"},{"key":"$out:selectors:0:schemaType","value":"0"},{"key":"$out:selectors:0:selector","value":"0"},{"key":"$out:selectors:1:schemaType","value":"1"},{"key":"$out:selectors:1:selector","value":"1"},{"key":"name","value":"Literal"},{"key":"x","value":"100"},{"key":"y","value":"25"}]},{"id":"c3011efc-9b0f-48e9-a35a-798f8765c3c6","pipelineTopologyId":"38e69a63-7230-4e3d-8d45-705ece029afc","kind":"std/log","configuration":[{"key":"level","value":"info"},{"key":"template","value":"MQTT Log Success"}],"metadata":[{"key":"$in:schemaType","value":"2"},{"key":"name","value":"Log"},{"key":"x","value":"575"},{"key":"y","value":"125"}]},{"id":"e0d2d5a8-6d2a-407d-be53-890f04bdc199","pipelineTopologyId":"38e69a63-7230-4e3d-8d45-705ece029afc","kind":"std/forward","configuration":[],"metadata":[{"key":"name","value":"Entry Point"},{"key":"x","value":"-100"},{"key":"y","value":"-200"}]},{"id":"e33eae94-8d8d-40ac-8c42-139c739ef71f","pipelineTopologyId":"38e69a63-7230-4e3d-8d45-705ece029afc","kind":"std/log","configuration":[{"key":"level","value":"info"},{"key":"template","value":"Log Event - Slow"}],"metadata":[{"key":"$in:schemaType","value":"2"},{"key":"name","value":"Log Trigger Slow"},{"key":"x","value":"500"},{"key":"y","value":"-200"}]},{"id":"e7ca2aa6-cb3f-445c-89aa-99e9ea7f879a","pipelineTopologyId":"38e69a63-7230-4e3d-8d45-705ece029afc","kind":"plc/read","configuration":[{"key":"$version","value":"1"},{"key":"ids:0","value":"0b77dff6-60d9-4e5c-9f51-07568ecdd1b4"},{"key":"resource","value":"8f7f5141-7b8c-4852-b4df-bd1647696872"}],"metadata":[{"key":"$in:schemaType","value":"1"},{"key":"$out:selectors:0:fields:0:name","value":"ChemicalScale1AI.PV"},{"key":"$out:selectors:0:fields:0:type","value":"11"},{"key":"$out:selectors:0:fields:10:name","value":"Filter1TurbidityAI.PV"},{"key":"$out:selectors:0:fields:10:type","value":"11"},{"key":"$out:selectors:0:fields:11:name","value":"Filter2TurbidityAI.PV"},{"key":"$out:selectors:0:fields:11:type","value":"11"},{"key":"$out:selectors:0:fields:12:name","value":"Filter3TurbidityAI.PV"},{"key":"$out:selectors:0:fields:12:type","value":"11"},{"key":"$out:selectors:0:fields:13:name","value":"RawWaterMeterTotalizer.CurDay"},{"key":"$out:selectors:0:fields:13:type","value":"11"},{"key":"$out:selectors:0:fields:14:name","value":"RawWaterMeterTotalizer.YesDay"},{"key":"$out:selectors:0:fields:14:type","value":"11"},{"key":"$out:selectors:0:fields:15:name","value":"CarbonFeeder.SpeedAI.PV"},{"key":"$out:selectors:0:fields:15:type","value":"11"},{"key":"$out:selectors:0:fields:1:name","value":"ChemicalScale2AI.PV"},{"key":"$out:selectors:0:fields:1:type","value":"11"},{"key":"$out:selectors:0:fields:2:name","value":"ChemicalScale3AI.PV"},{"key":"$out:selectors:0:fields:2:type","value":"11"},{"key":"$out:selectors:0:fields:3:name","value":"ChemicalScale4AI.PV"},{"key":"$out:selectors:0:fields:3:type","value":"11"},{"key":"$out:selectors:0:fields:4:name","value":"pHAI.PV"},{"key":"$out:selectors:0:fields:4:type","value":"11"},{"key":"$out:selectors:0:fields:5:name","value":"CombinedChlorinatorAI.PV"},{"key":"$out:selectors:0:fields:5:type","value":"11"},{"key":"$out:selectors:0:fields:6:name","value":"FreeChlorinatorAI.PV"},{"key":"$out:selectors:0:fields:6:type","value":"11"},{"key":"$out:selectors:0:fields:7:name","value":"RawWaterMeterAI.PV"},{"key":"$out:selectors:0:fields:7:type","value":"11"},{"key":"$out:selectors:0:fields:8:name","value":"WaterTowerLevelAI.PV"},{"key":"$out:selectors:0:fields:8:type","value":"11"},{"key":"$out:selectors:0:fields:9:name","value":"CombinedTurbidityAI.PV"},{"key":"$out:selectors:0:fields:9:type","value":"11"},{"key":"$out:selectors:0:schemaType","value":"0"},{"key":"$out:selectors:0:selector","value":"0"},{"key":"name","value":"PLC Read"},{"key":"x","value":"125"},{"key":"y","value":"-100"}]}],"pipes":[{"id":"04297552-4cc0-408e-a53f-d11e5a1f8d62","sourceId":"2f4500e4-c083-4cb9-85a6-2c41c5fc336c","sinkId":"16cc3840-fa87-448f-9cea-da8cd7e5beda","selector":2},{"id":"30ffb9d2-8f33-4b2b-b147-f496d3337b51","sourceId":"770b44b0-b0bb-45f9-ba23-42a182d16032","sinkId":"667c4e7f-4185-4786-9f2f-6cab3cef0bed","selector":0},{"id":"31a97262-b8f5-4cac-96cc-2c61db551298","sourceId":"e0d2d5a8-6d2a-407d-be53-890f04bdc199","sinkId":"59e627d6-de49-4604-b5d0-4aada3487a8f","selector":-1},{"id":"80b40ec7-a0a4-48b1-a615-5216545c2baa","sourceId":"16cc3840-fa87-448f-9cea-da8cd7e5beda","sinkId":"0e908499-209e-4857-851f-61108b9d37a7","selector":1},{"id":"9474d934-b14d-464e-b69a-6a27a8ae54c0","sourceId":"16cc3840-fa87-448f-9cea-da8cd7e5beda","sinkId":"c3011efc-9b0f-48e9-a35a-798f8765c3c6","selector":0},{"id":"a9204a01-ade2-46bc-99d1-ef141dfcbd47","sourceId":"667c4e7f-4185-4786-9f2f-6cab3cef0bed","sinkId":"2f4500e4-c083-4cb9-85a6-2c41c5fc336c","selector":0},{"id":"b77e1233-e1da-4cd4-bc84-c97b56556aec","sourceId":"59e627d6-de49-4604-b5d0-4aada3487a8f","sinkId":"e7ca2aa6-cb3f-445c-89aa-99e9ea7f879a","selector":-1},{"id":"f0317ed0-3e0b-4d45-a2c1-ae5ed36ccc86","sourceId":"e7ca2aa6-cb3f-445c-89aa-99e9ea7f879a","sinkId":"770b44b0-b0bb-45f9-ba23-42a182d16032","selector":0}],"id":"38e69a63-7230-4e3d-8d45-705ece029afc","dateCreated":"2024-02-07T17:25:30.3549212","dateLastModified":"2024-03-25T21:42:59.7274913"}],"pipelineJobs":[]}