{"version":1,"request":{"fileName":"flow-ciscoAnylogWater-20240503-152255.json","pipelineIds":["f1b04fbc-f92b-42c8-8efa-5b472eba7982"]},"dashboards":[],"resources":[],"pipelines":[{"entryPointId":"949579b4-781d-4551-a1d4-be80e1539494","dateLastExecuted":"2024-04-25T17:01:35.9471884","metadata":[{"key":"description","value":""},{"key":"name","value":"Cisco Anylog - Water"}],"operators":[{"id":"0810ec9f-948b-470e-b111-f61a3e0bf7f4","pipelineTopologyId":"f1b04fbc-f92b-42c8-8efa-5b472eba7982","kind":"plc/read","configuration":[{"key":"$version","value":"1"},{"key":"ids:0","value":"0b77dff6-60d9-4e5c-9f51-07568ecdd1b4"},{"key":"resource","value":"8f7f5141-7b8c-4852-b4df-bd1647696872"}],"metadata":[{"key":"$in:schemaType","value":"1"},{"key":"$out:selectors:0:fields:0:name","value":"ChemicalScale1AI.PV"},{"key":"$out:selectors:0:fields:0:type","value":"11"},{"key":"$out:selectors:0:fields:10:name","value":"pHAI.PV"},{"key":"$out:selectors:0:fields:10:type","value":"11"},{"key":"$out:selectors:0:fields:11:name","value":"CombinedChlorinatorAI.PV"},{"key":"$out:selectors:0:fields:11:type","value":"11"},{"key":"$out:selectors:0:fields:12:name","value":"FreeChlorinatorAI.PV"},{"key":"$out:selectors:0:fields:12:type","value":"11"},{"key":"$out:selectors:0:fields:13:name","value":"RawWaterMeterAI.PV"},{"key":"$out:selectors:0:fields:13:type","value":"11"},{"key":"$out:selectors:0:fields:14:name","value":"WaterTowerLevelAI.PV"},{"key":"$out:selectors:0:fields:14:type","value":"11"},{"key":"$out:selectors:0:fields:15:name","value":"CombinedTurbidityAI.PV"},{"key":"$out:selectors:0:fields:15:type","value":"11"},{"key":"$out:selectors:0:fields:1:name","value":"ChemicalScale2AI.PV"},{"key":"$out:selectors:0:fields:1:type","value":"11"},{"key":"$out:selectors:0:fields:2:name","value":"Filter1TurbidityAI.PV"},{"key":"$out:selectors:0:fields:2:type","value":"11"},{"key":"$out:selectors:0:fields:3:name","value":"Filter2TurbidityAI.PV"},{"key":"$out:selectors:0:fields:3:type","value":"11"},{"key":"$out:selectors:0:fields:4:name","value":"Filter3TurbidityAI.PV"},{"key":"$out:selectors:0:fields:4:type","value":"11"},{"key":"$out:selectors:0:fields:5:name","value":"RawWaterMeterTotalizer.CurDay"},{"key":"$out:selectors:0:fields:5:type","value":"11"},{"key":"$out:selectors:0:fields:6:name","value":"RawWaterMeterTotalizer.YesDay"},{"key":"$out:selectors:0:fields:6:type","value":"11"},{"key":"$out:selectors:0:fields:7:name","value":"CarbonFeeder.SpeedAI.PV"},{"key":"$out:selectors:0:fields:7:type","value":"11"},{"key":"$out:selectors:0:fields:8:name","value":"ChemicalScale3AI.PV"},{"key":"$out:selectors:0:fields:8:type","value":"11"},{"key":"$out:selectors:0:fields:9:name","value":"ChemicalScale4AI.PV"},{"key":"$out:selectors:0:fields:9:type","value":"11"},{"key":"$out:selectors:0:schemaType","value":"0"},{"key":"$out:selectors:0:selector","value":"0"},{"key":"name","value":"PLC Read - Slow"},{"key":"x","value":"500"},{"key":"y","value":"125"}]},{"id":"296f103f-85dc-4140-91a5-89b49ae5a5ae","pipelineTopologyId":"f1b04fbc-f92b-42c8-8efa-5b472eba7982","kind":"std/timer","configuration":[{"key":"count","value":"0"},{"key":"interval","value":"10000"}],"metadata":[{"key":"$in:schemaType","value":"2"},{"key":"name","value":"Timer - Fast (10ms)"},{"key":"x","value":"250"},{"key":"y","value":"0"}]},{"id":"2b1ac4d1-17e1-473b-9fc0-44a7da22609e","pipelineTopologyId":"f1b04fbc-f92b-42c8-8efa-5b472eba7982","kind":"plc/read","configuration":[{"key":"$version","value":"1"},{"key":"ids:0","value":"f373c556-bce5-49c9-b33f-69b623d2b0ce"},{"key":"resource","value":"8f7f5141-7b8c-4852-b4df-bd1647696872"}],"metadata":[{"key":"$in:schemaType","value":"1"},{"key":"$out:selectors:0:fields:0:name","value":"ATSNormalRdyDI"},{"key":"$out:selectors:0:fields:0:type","value":"1"},{"key":"$out:selectors:0:fields:10:name","value":"ATSStandyByRdyDI"},{"key":"$out:selectors:0:fields:10:type","value":"1"},{"key":"$out:selectors:0:fields:11:name","value":"ClearWellHighLevelDI"},{"key":"$out:selectors:0:fields:11:type","value":"1"},{"key":"$out:selectors:0:fields:12:name","value":"ClearWellLowLevelDI"},{"key":"$out:selectors:0:fields:12:type","value":"1"},{"key":"$out:selectors:0:fields:13:name","value":"GeneratorAlarmDI"},{"key":"$out:selectors:0:fields:13:type","value":"1"},{"key":"$out:selectors:0:fields:14:name","value":"GeneratorStatusDI"},{"key":"$out:selectors:0:fields:14:type","value":"1"},{"key":"$out:selectors:0:fields:15:name","value":"OxygenMonitorDI"},{"key":"$out:selectors:0:fields:15:type","value":"1"},{"key":"$out:selectors:0:fields:16:name","value":"PlantRunningDI"},{"key":"$out:selectors:0:fields:16:type","value":"1"},{"key":"$out:selectors:0:fields:17:name","value":"PlantStartDI"},{"key":"$out:selectors:0:fields:17:type","value":"1"},{"key":"$out:selectors:0:fields:1:name","value":"ATSOnStandbyDI"},{"key":"$out:selectors:0:fields:1:type","value":"1"},{"key":"$out:selectors:0:fields:2:name","value":"ServicePump1Running_DI"},{"key":"$out:selectors:0:fields:2:type","value":"1"},{"key":"$out:selectors:0:fields:3:name","value":"ServicePump2Running_DI"},{"key":"$out:selectors:0:fields:3:type","value":"1"},{"key":"$out:selectors:0:fields:4:name","value":"PlantShutdownDO"},{"key":"$out:selectors:0:fields:4:type","value":"1"},{"key":"$out:selectors:0:fields:5:name","value":"WaterTowerLevelCommsDI"},{"key":"$out:selectors:0:fields:5:type","value":"1"},{"key":"$out:selectors:0:fields:6:name","value":"PlantEnableChemicalsDO"},{"key":"$out:selectors:0:fields:6:type","value":"1"},{"key":"$out:selectors:0:fields:7:name","value":"CombinedChlorinatorVacDI"},{"key":"$out:selectors:0:fields:7:type","value":"1"},{"key":"$out:selectors:0:fields:8:name","value":"FreeChlorinatorVacDI"},{"key":"$out:selectors:0:fields:8:type","value":"1"},{"key":"$out:selectors:0:fields:9:name","value":"CarbonFeeder.RunningFwd"},{"key":"$out:selectors:0:fields:9:type","value":"1"},{"key":"$out:selectors:0:schemaType","value":"0"},{"key":"$out:selectors:0:selector","value":"0"},{"key":"name","value":"PLC Read - Fast"},{"key":"x","value":"500"},{"key":"y","value":"0"}]},{"id":"2c2e4056-ea11-4f44-9fff-8af38c56565a","pipelineTopologyId":"f1b04fbc-f92b-42c8-8efa-5b472eba7982","kind":"std/timer","configuration":[{"key":"count","value":"0"},{"key":"interval","value":"30000"}],"metadata":[{"key":"$in:schemaType","value":"2"},{"key":"name","value":"Timer - Slow (30ms)"},{"key":"x","value":"250"},{"key":"y","value":"125"}]},{"id":"4ac0e9b9-46ec-465c-bf25-dc14feb817a2","pipelineTopologyId":"f1b04fbc-f92b-42c8-8efa-5b472eba7982","kind":"std/log","configuration":[{"key":"level","value":"info"},{"key":"template","value":"HTTP Success"}],"metadata":[{"key":"$in:schemaType","value":"2"},{"key":"name","value":"Log"},{"key":"x","value":"1250"},{"key":"y","value":"0"}]},{"id":"4b990fb9-710b-4007-985c-e8bdbdda1ca1","pipelineTopologyId":"f1b04fbc-f92b-42c8-8efa-5b472eba7982","kind":"script/execute","configuration":[{"key":"definition:engine","value":"csharp"},{"key":"definition:filesystem:allow","value":"false"},{"key":"definition:id","value":"9ade7f10-cc48-4eb2-9760-ca294a9c7d33"},{"key":"definition:location","value":"inline"},{"key":"definition:network:allow","value":"false"},{"key":"definition:runtime:background","value":"false"},{"key":"definition:runtime:debug","value":"false"},{"key":"definition:runtime:maxExecutionTime","value":"0"},{"key":"definition:source","value":"using Dynics.Arrow;\n\npublic class Script\n{\n    private static readonly string columnName = \"WaterPlant\";\n\n    public static async Task ExecuteAsync(IScriptContext context, RecordBatch recordBatch, CancellationToken cancellationToken)\n    {\n        // New record builder\n        var builder = new RecordBatch.Builder();\n\n        string json = \"{\";\n        \n        foreach (KeyValuePair<string, Field> fieldKvPair in recordBatch.Schema.Fields)\n        {\n            var field = fieldKvPair.Value;\n\n            json += \"\\\"\" + field.Name.Replace(\".\", \"_\") + \"\\\":\" + recordBatch.Column(field.Name).GetValue(0);\n\n            if (!fieldKvPair.Equals(recordBatch.Schema.Fields.Last()))\n                json += ',';\n        }\n\n        json += '}';\n\n        builder.Append<StringArray>(columnName,false,x=> x.String(s=>s.Append(json)));\n\n        // Emit the result\n        await context.EmitAsync(builder.Build());\n    }\n}"}],"metadata":[{"key":"$in:schemaType","value":"1"},{"key":"name","value":"Script"},{"key":"x","value":"750"},{"key":"y","value":"0"}]},{"id":"4faa7813-9a1d-4f98-be12-447b627203be","pipelineTopologyId":"f1b04fbc-f92b-42c8-8efa-5b472eba7982","kind":"std/http","configuration":[{"key":"$version","value":"1"},{"key":"contentColumn","value":"WaterPlant"},{"key":"contentEncoding","value":"0"},{"key":"contentSource","value":"1"},{"key":"contentTemplate","value":""},{"key":"contentType","value":"plain/text"},{"key":"headers:Content-Type","value":"text/plain"},{"key":"headers:User-Agent","value":"AnyLog/1.23"},{"key":"headers:dbms","value":"city_of_sabetha"},{"key":"headers:mode","value":"streaming"},{"key":"headers:table","value":"CoS_WP"},{"key":"headers:type","value":"json"},{"key":"method","value":"put"},{"key":"resource","value":"88c632dd-21ac-43e3-956a-203f6e0581ef"},{"key":"url","value":""}],"metadata":[{"key":"$in:fields:0:name","value":"WaterPlant"},{"key":"$in:fields:0:type","value":"13"},{"key":"$in:schemaType","value":"0"},{"key":"$out:selectors:0:fields:0:name","value":"Timestamp"},{"key":"$out:selectors:0:fields:0:type","value":"9"},{"key":"$out:selectors:0:fields:1:name","value":"StatusCode"},{"key":"$out:selectors:0:fields:1:type","value":"9"},{"key":"$out:selectors:0:fields:2:name","value":"ContentType"},{"key":"$out:selectors:0:fields:2:type","value":"13"},{"key":"$out:selectors:0:fields:3:name","value":"Content"},{"key":"$out:selectors:0:fields:3:type","value":"13"},{"key":"$out:selectors:0:schemaType","value":"0"},{"key":"$out:selectors:0:selector","value":"0"},{"key":"$out:selectors:1:schemaType","value":"1"},{"key":"$out:selectors:1:selector","value":"1"},{"key":"name","value":"HTTP Request"},{"key":"x","value":"1000"},{"key":"y","value":"0"}]},{"id":"949579b4-781d-4551-a1d4-be80e1539494","pipelineTopologyId":"f1b04fbc-f92b-42c8-8efa-5b472eba7982","kind":"std/forward","configuration":[],"metadata":[{"key":"name","value":"Entry Point"},{"key":"x","value":"0"},{"key":"y","value":"0"}]}],"pipes":[{"id":"18a5522a-eb00-4dd7-8cde-406277e42d5e","sourceId":"949579b4-781d-4551-a1d4-be80e1539494","sinkId":"296f103f-85dc-4140-91a5-89b49ae5a5ae","selector":-1},{"id":"077934ae-4032-47dd-bdfc-c8bc6b717e7d","sourceId":"0810ec9f-948b-470e-b111-f61a3e0bf7f4","sinkId":"4b990fb9-710b-4007-985c-e8bdbdda1ca1","selector":0},{"id":"39ed86e9-08dd-4e2e-b4e0-b07d2b40f0dd","sourceId":"2c2e4056-ea11-4f44-9fff-8af38c56565a","sinkId":"0810ec9f-948b-470e-b111-f61a3e0bf7f4","selector":-1},{"id":"475ff4ca-4d24-4521-9d8a-dd598e3b7321","sourceId":"4b990fb9-710b-4007-985c-e8bdbdda1ca1","sinkId":"4faa7813-9a1d-4f98-be12-447b627203be","selector":2},{"id":"4e6c984e-6dbe-4b5e-b65c-ff42dd79d647","sourceId":"949579b4-781d-4551-a1d4-be80e1539494","sinkId":"2c2e4056-ea11-4f44-9fff-8af38c56565a","selector":-1},{"id":"bdf43006-412d-492f-8fa9-82c813d32083","sourceId":"4faa7813-9a1d-4f98-be12-447b627203be","sinkId":"4ac0e9b9-46ec-465c-bf25-dc14feb817a2","selector":0},{"id":"eb3a9ca2-3f2c-4795-8d60-aec761556f94","sourceId":"2b1ac4d1-17e1-473b-9fc0-44a7da22609e","sinkId":"4b990fb9-710b-4007-985c-e8bdbdda1ca1","selector":0},{"id":"efbadf24-d1ad-42f4-b656-2ff82a2debc5","sourceId":"296f103f-85dc-4140-91a5-89b49ae5a5ae","sinkId":"2b1ac4d1-17e1-473b-9fc0-44a7da22609e","selector":-1}],"id":"f1b04fbc-f92b-42c8-8efa-5b472eba7982","dateCreated":"2024-04-25T15:27:16.5222108","dateLastModified":"2024-04-25T17:01:24.4970294"}],"pipelineJobs":[]}