{"version":1,"request":{"fileName":"resource-industrialpro-20240503-152306.json","resourceIds":["0936ea23-0ed3-43ec-a60e-c6119bd11d69"]},"dashboards":[],"resources":[{"name":"IndustrialPro","kind":"mqtt/client","version":0,"configuration":[{"key":"auth:allowUntrustedCertificates","value":"true"},{"key":"auth:certificate:content","value":""},{"key":"auth:certificate:contentType","value":""},{"key":"auth:certificate:name","value":""},{"key":"auth:ignoreCertificateChainErrors","value":"true"},{"key":"auth:ignoreCertificateRevocationErrors","value":"true"},{"key":"auth:password","value":"SharedAccessSignature sr=demotenant-846.azure-devices.net%2Fdevices%2F802&sig=VvD1GmEZqxKPjawDXbCsivKsl7nsUCbIbJeJTbNU%2F%2Fw%3D&se=1806285071"},{"key":"auth:privateKey:content","value":""},{"key":"auth:privateKey:contentType","value":""},{"key":"auth:privateKey:name","value":""},{"key":"auth:serverCertificate:content","value":""},{"key":"auth:serverCertificate:contentType","value":""},{"key":"auth:serverCertificate:name","value":""},{"key":"auth:username","value":"demotenant-846.azure-devices.net/802/?api-version=2021-04-12"},{"key":"clientId","value":"802"},{"key":"host","value":"demotenant-846.azure-devices.net"},{"key":"port","value":"8883"},{"key":"timeout","value":"30000"},{"key":"tls","value":"tls12"}],"id":"0936ea23-0ed3-43ec-a60e-c6119bd11d69","dateCreated":"2024-01-26T21:44:00.9053798","dateLastModified":"2024-01-26T16:18:23.0247196"}],"pipelines":[],"pipelineJobs":[]}