{"version":1,"request":{"fileName":"resource-cosWaterPlantL81e-20240716-125323.json","resourceIds":["8f7f5141-7b8c-4852-b4df-bd1647696872"]},"dashboards":[],"resources":[{"name":"CoS Water Plant L81E","kind":"plc/allenbradley","version":0,"configuration":[{"key":"connection:maxConnections","value":"5"},{"key":"connection:model","value":"ControlLogix"},{"key":"connection:routePath","value":"10.10.1.26,1,0"},{"key":"connection:timeoutConnectMilliseconds","value":"30000"},{"key":"connection:timeoutTransactionMilliseconds","value":"30000"},{"key":"tagGroups:0:id","value":"f373c556-bce5-49c9-b33f-69b623d2b0ce"},{"key":"tagGroups:0:name","value":"UpdateFast"},{"key":"tagGroups:0:tagIds:0","value":"732acbb1-2eb5-4868-84a9-578b5b12de62"},{"key":"tagGroups:0:tagIds:1","value":"5e9c132c-6abc-4e60-b2dc-6c34a2a7e9f8"},{"key":"tagGroups:0:tagIds:10","value":"6b71e47f-a1be-4c63-94ae-2906f0ee23e2"},{"key":"tagGroups:0:tagIds:11","value":"8b89749a-4248-42a9-a75d-1d53300bae3d"},{"key":"tagGroups:0:tagIds:12","value":"eb604458-19d1-4520-af3b-9c0209531576"},{"key":"tagGroups:0:tagIds:13","value":"ca811c10-6fd1-41ad-8e4f-afcee921c6cc"},{"key":"tagGroups:0:tagIds:14","value":"ef82d0ee-18b4-45ad-aeb6-21d7d4f29569"},{"key":"tagGroups:0:tagIds:15","value":"dd555615-3f84-4464-aa83-9440327d8d67"},{"key":"tagGroups:0:tagIds:16","value":"6691bbe5-1a9d-4fb1-85a0-fe5a58b939b4"},{"key":"tagGroups:0:tagIds:17","value":"ee1934b6-1c47-470e-b2fe-b0879895fefd"},{"key":"tagGroups:0:tagIds:2","value":"5bd4a577-d013-4ac4-80e6-f12d0f9ac08c"},{"key":"tagGroups:0:tagIds:3","value":"00131692-73d6-4255-8e61-59f50add07e8"},{"key":"tagGroups:0:tagIds:4","value":"797a0959-90d5-405a-b430-4e71043f44f8"},{"key":"tagGroups:0:tagIds:5","value":"f9e8d533-2c26-44ae-a061-4909ce1c2f40"},{"key":"tagGroups:0:tagIds:6","value":"809bae22-8ef8-4c68-9137-6d12ea7dc489"},{"key":"tagGroups:0:tagIds:7","value":"ee87d714-89e6-46d0-85cc-20f14ee841a3"},{"key":"tagGroups:0:tagIds:8","value":"0cc4a7cd-0cf2-400d-b9c4-2ddf101be8c3"},{"key":"tagGroups:0:tagIds:9","value":"35dd744e-9dad-4f7c-860b-6932b38a6e95"},{"key":"tagGroups:1:id","value":"0b77dff6-60d9-4e5c-9f51-07568ecdd1b4"},{"key":"tagGroups:1:name","value":"UpdateSlow"},{"key":"tagGroups:1:tagIds:0","value":"34075e31-b8a6-4750-b197-85e13250e6cb"},{"key":"tagGroups:1:tagIds:1","value":"42ae1670-4eae-4c15-9cff-2cdaff85ea66"},{"key":"tagGroups:1:tagIds:10","value":"95a27552-42a9-4bec-ac7f-0acbd392ec69"},{"key":"tagGroups:1:tagIds:11","value":"470d00f7-fe00-4db4-ab12-da87b50a2096"},{"key":"tagGroups:1:tagIds:12","value":"22fd12fc-7717-4d24-883f-b3860123d332"},{"key":"tagGroups:1:tagIds:13","value":"1f87a9aa-c330-48eb-b67c-37dd771221c4"},{"key":"tagGroups:1:tagIds:14","value":"52c7ad9e-7d68-4df0-8d19-4920011ca8f4"},{"key":"tagGroups:1:tagIds:15","value":"6623eaaf-5f87-4339-b9a4-73681758bd73"},{"key":"tagGroups:1:tagIds:2","value":"56c98317-a149-4992-880c-34c92d137a53"},{"key":"tagGroups:1:tagIds:3","value":"5b25a2cd-9b9f-43c4-82ec-e1f0f9ccc767"},{"key":"tagGroups:1:tagIds:4","value":"a34f6c6e-5f45-4d4c-9f57-25ea737dbf4e"},{"key":"tagGroups:1:tagIds:5","value":"15e4e1fc-81fe-4076-bbdc-53ab3bf18b2e"},{"key":"tagGroups:1:tagIds:6","value":"409dbaf4-1c90-4169-880f-0112ad019fdb"},{"key":"tagGroups:1:tagIds:7","value":"1a74dab3-482d-47ad-bcfc-8371ac2af9fe"},{"key":"tagGroups:1:tagIds:8","value":"e7394eaa-413a-49fc-9a5c-4ca66d649e73"},{"key":"tagGroups:1:tagIds:9","value":"6d29caf0-22d0-4cd1-afe8-b706913ad98c"},{"key":"tags:0:address","value":"ATSNormalRdyDI"},{"key":"tags:0:id","value":"732acbb1-2eb5-4868-84a9-578b5b12de62"},{"key":"tags:0:index","value":"0"},{"key":"tags:0:length","value":"1"},{"key":"tags:0:name","value":"ATSNormalRdyDI"},{"key":"tags:0:type","value":"1"},{"key":"tags:10:address","value":"CombinedChlorinatorAI.PV"},{"key":"tags:10:id","value":"15e4e1fc-81fe-4076-bbdc-53ab3bf18b2e"},{"key":"tags:10:index","value":"10"},{"key":"tags:10:length","value":"1"},{"key":"tags:10:name","value":"CombinedChlorinatorAI.PV"},{"key":"tags:10:type","value":"10"},{"key":"tags:11:address","value":"FreeChlorinatorAI.PV"},{"key":"tags:11:id","value":"409dbaf4-1c90-4169-880f-0112ad019fdb"},{"key":"tags:11:index","value":"11"},{"key":"tags:11:length","value":"1"},{"key":"tags:11:name","value":"FreeChlorinatorAI.PV"},{"key":"tags:11:type","value":"10"},{"key":"tags:12:address","value":"RawWaterMeterAI.PV"},{"key":"tags:12:id","value":"1a74dab3-482d-47ad-bcfc-8371ac2af9fe"},{"key":"tags:12:index","value":"12"},{"key":"tags:12:length","value":"1"},{"key":"tags:12:name","value":"RawWaterMeterAI.PV"},{"key":"tags:12:type","value":"10"},{"key":"tags:13:address","value":"WaterTowerLevelAI.PV"},{"key":"tags:13:id","value":"e7394eaa-413a-49fc-9a5c-4ca66d649e73"},{"key":"tags:13:index","value":"13"},{"key":"tags:13:length","value":"1"},{"key":"tags:13:name","value":"WaterTowerLevelAI.PV"},{"key":"tags:13:type","value":"10"},{"key":"tags:14:address","value":"GeneratorAlarmDI"},{"key":"tags:14:id","value":"f9e8d533-2c26-44ae-a061-4909ce1c2f40"},{"key":"tags:14:index","value":"14"},{"key":"tags:14:length","value":"1"},{"key":"tags:14:name","value":"GeneratorAlarmDI"},{"key":"tags:14:type","value":"1"},{"key":"tags:15:address","value":"GeneratorStatusDI"},{"key":"tags:15:id","value":"809bae22-8ef8-4c68-9137-6d12ea7dc489"},{"key":"tags:15:index","value":"15"},{"key":"tags:15:length","value":"1"},{"key":"tags:15:name","value":"GeneratorStatusDI"},{"key":"tags:15:type","value":"1"},{"key":"tags:16:address","value":"OxygenMonitorDI"},{"key":"tags:16:id","value":"ee87d714-89e6-46d0-85cc-20f14ee841a3"},{"key":"tags:16:index","value":"16"},{"key":"tags:16:length","value":"1"},{"key":"tags:16:name","value":"OxygenMonitorDI"},{"key":"tags:16:type","value":"1"},{"key":"tags:17:address","value":"PlantRunningDI"},{"key":"tags:17:id","value":"0cc4a7cd-0cf2-400d-b9c4-2ddf101be8c3"},{"key":"tags:17:index","value":"17"},{"key":"tags:17:length","value":"1"},{"key":"tags:17:name","value":"PlantRunningDI"},{"key":"tags:17:type","value":"1"},{"key":"tags:18:address","value":"PlantStartDI"},{"key":"tags:18:id","value":"35dd744e-9dad-4f7c-860b-6932b38a6e95"},{"key":"tags:18:index","value":"18"},{"key":"tags:18:length","value":"1"},{"key":"tags:18:name","value":"PlantStartDI"},{"key":"tags:18:type","value":"1"},{"key":"tags:19:address","value":"ServicePump1Running_DI"},{"key":"tags:19:id","value":"6b71e47f-a1be-4c63-94ae-2906f0ee23e2"},{"key":"tags:19:index","value":"19"},{"key":"tags:19:length","value":"1"},{"key":"tags:19:name","value":"ServicePump1Running_DI"},{"key":"tags:19:type","value":"1"},{"key":"tags:1:address","value":"ATSOnStandbyDI"},{"key":"tags:1:id","value":"5e9c132c-6abc-4e60-b2dc-6c34a2a7e9f8"},{"key":"tags:1:index","value":"1"},{"key":"tags:1:length","value":"1"},{"key":"tags:1:name","value":"ATSOnStandbyDI"},{"key":"tags:1:type","value":"1"},{"key":"tags:20:address","value":"ServicePump2Running_DI"},{"key":"tags:20:id","value":"8b89749a-4248-42a9-a75d-1d53300bae3d"},{"key":"tags:20:index","value":"20"},{"key":"tags:20:length","value":"1"},{"key":"tags:20:name","value":"ServicePump2Running_DI"},{"key":"tags:20:type","value":"1"},{"key":"tags:21:address","value":"PlantShutdownDO"},{"key":"tags:21:id","value":"eb604458-19d1-4520-af3b-9c0209531576"},{"key":"tags:21:index","value":"21"},{"key":"tags:21:length","value":"1"},{"key":"tags:21:name","value":"PlantShutdownDO"},{"key":"tags:21:type","value":"1"},{"key":"tags:22:address","value":"WaterTowerLevelCommsDI"},{"key":"tags:22:id","value":"ca811c10-6fd1-41ad-8e4f-afcee921c6cc"},{"key":"tags:22:index","value":"22"},{"key":"tags:22:length","value":"1"},{"key":"tags:22:name","value":"WaterTowerLevelCommsDI"},{"key":"tags:22:type","value":"1"},{"key":"tags:23:address","value":"CombinedTurbidityAI.PV"},{"key":"tags:23:id","value":"6d29caf0-22d0-4cd1-afe8-b706913ad98c"},{"key":"tags:23:index","value":"23"},{"key":"tags:23:length","value":"1"},{"key":"tags:23:name","value":"CombinedTurbidityAI.PV"},{"key":"tags:23:type","value":"10"},{"key":"tags:24:address","value":"Filter1TurbidityAI.PV"},{"key":"tags:24:id","value":"95a27552-42a9-4bec-ac7f-0acbd392ec69"},{"key":"tags:24:index","value":"24"},{"key":"tags:24:length","value":"1"},{"key":"tags:24:name","value":"Filter1TurbidityAI.PV"},{"key":"tags:24:type","value":"10"},{"key":"tags:25:address","value":"Filter2TurbidityAI.PV"},{"key":"tags:25:id","value":"470d00f7-fe00-4db4-ab12-da87b50a2096"},{"key":"tags:25:index","value":"25"},{"key":"tags:25:length","value":"1"},{"key":"tags:25:name","value":"Filter2TurbidityAI.PV"},{"key":"tags:25:type","value":"10"},{"key":"tags:26:address","value":"Filter3TurbidityAI.PV"},{"key":"tags:26:id","value":"22fd12fc-7717-4d24-883f-b3860123d332"},{"key":"tags:26:index","value":"26"},{"key":"tags:26:length","value":"1"},{"key":"tags:26:name","value":"Filter3TurbidityAI.PV"},{"key":"tags:26:type","value":"10"},{"key":"tags:27:address","value":"RawWaterMeterTotalizer.CurDay"},{"key":"tags:27:id","value":"1f87a9aa-c330-48eb-b67c-37dd771221c4"},{"key":"tags:27:index","value":"27"},{"key":"tags:27:length","value":"1"},{"key":"tags:27:name","value":"RawWaterMeterTotalizer.CurDay"},{"key":"tags:27:type","value":"10"},{"key":"tags:28:address","value":"RawWaterMeterTotalizer.YesDay"},{"key":"tags:28:id","value":"52c7ad9e-7d68-4df0-8d19-4920011ca8f4"},{"key":"tags:28:index","value":"28"},{"key":"tags:28:length","value":"1"},{"key":"tags:28:name","value":"RawWaterMeterTotalizer.YesDay"},{"key":"tags:28:type","value":"10"},{"key":"tags:29:address","value":"PlantEnableChemicalsDO"},{"key":"tags:29:id","value":"ef82d0ee-18b4-45ad-aeb6-21d7d4f29569"},{"key":"tags:29:index","value":"29"},{"key":"tags:29:length","value":"1"},{"key":"tags:29:name","value":"PlantEnableChemicalsDO"},{"key":"tags:29:type","value":"1"},{"key":"tags:2:address","value":"ATSStandyByRdyDI"},{"key":"tags:2:id","value":"5bd4a577-d013-4ac4-80e6-f12d0f9ac08c"},{"key":"tags:2:index","value":"2"},{"key":"tags:2:length","value":"1"},{"key":"tags:2:name","value":"ATSStandyByRdyDI"},{"key":"tags:2:type","value":"1"},{"key":"tags:30:address","value":"CombinedChlorinatorVacDI"},{"key":"tags:30:id","value":"dd555615-3f84-4464-aa83-9440327d8d67"},{"key":"tags:30:index","value":"30"},{"key":"tags:30:length","value":"1"},{"key":"tags:30:name","value":"CombinedChlorinatorVacDI"},{"key":"tags:30:type","value":"1"},{"key":"tags:31:address","value":"FreeChlorinatorVacDI"},{"key":"tags:31:id","value":"6691bbe5-1a9d-4fb1-85a0-fe5a58b939b4"},{"key":"tags:31:index","value":"31"},{"key":"tags:31:length","value":"1"},{"key":"tags:31:name","value":"FreeChlorinatorVacDI"},{"key":"tags:31:type","value":"1"},{"key":"tags:32:address","value":"CarbonFeeder.RunningFwd"},{"key":"tags:32:id","value":"ee1934b6-1c47-470e-b2fe-b0879895fefd"},{"key":"tags:32:index","value":"32"},{"key":"tags:32:length","value":"1"},{"key":"tags:32:name","value":"CarbonFeeder.RunningFwd"},{"key":"tags:32:type","value":"1"},{"key":"tags:33:address","value":"CarbonFeeder.SpeedAI.PV"},{"key":"tags:33:id","value":"6623eaaf-5f87-4339-b9a4-73681758bd73"},{"key":"tags:33:index","value":"33"},{"key":"tags:33:length","value":"1"},{"key":"tags:33:name","value":"CarbonFeeder.SpeedAI.PV"},{"key":"tags:33:type","value":"10"},{"key":"tags:3:address","value":"ChemicalScale1AI.PV"},{"key":"tags:3:id","value":"34075e31-b8a6-4750-b197-85e13250e6cb"},{"key":"tags:3:index","value":"3"},{"key":"tags:3:length","value":"1"},{"key":"tags:3:name","value":"ChemicalScale1AI.PV"},{"key":"tags:3:type","value":"10"},{"key":"tags:4:address","value":"ChemicalScale2AI.PV"},{"key":"tags:4:id","value":"42ae1670-4eae-4c15-9cff-2cdaff85ea66"},{"key":"tags:4:index","value":"4"},{"key":"tags:4:length","value":"1"},{"key":"tags:4:name","value":"ChemicalScale2AI.PV"},{"key":"tags:4:type","value":"10"},{"key":"tags:5:address","value":"ChemicalScale3AI.PV"},{"key":"tags:5:id","value":"56c98317-a149-4992-880c-34c92d137a53"},{"key":"tags:5:index","value":"5"},{"key":"tags:5:length","value":"1"},{"key":"tags:5:name","value":"ChemicalScale3AI.PV"},{"key":"tags:5:type","value":"10"},{"key":"tags:6:address","value":"ChemicalScale4AI.PV"},{"key":"tags:6:id","value":"5b25a2cd-9b9f-43c4-82ec-e1f0f9ccc767"},{"key":"tags:6:index","value":"6"},{"key":"tags:6:length","value":"1"},{"key":"tags:6:name","value":"ChemicalScale4AI.PV"},{"key":"tags:6:type","value":"10"},{"key":"tags:7:address","value":"ClearWellHighLevelDI"},{"key":"tags:7:id","value":"00131692-73d6-4255-8e61-59f50add07e8"},{"key":"tags:7:index","value":"7"},{"key":"tags:7:length","value":"1"},{"key":"tags:7:name","value":"ClearWellHighLevelDI"},{"key":"tags:7:type","value":"1"},{"key":"tags:8:address","value":"ClearWellLowLevelDI"},{"key":"tags:8:id","value":"797a0959-90d5-405a-b430-4e71043f44f8"},{"key":"tags:8:index","value":"8"},{"key":"tags:8:length","value":"1"},{"key":"tags:8:name","value":"ClearWellLowLevelDI"},{"key":"tags:8:type","value":"1"},{"key":"tags:9:address","value":"pHAI.PV"},{"key":"tags:9:id","value":"a34f6c6e-5f45-4d4c-9f57-25ea737dbf4e"},{"key":"tags:9:index","value":"9"},{"key":"tags:9:length","value":"1"},{"key":"tags:9:name","value":"pHAI.PV"},{"key":"tags:9:type","value":"10"}],"id":"8f7f5141-7b8c-4852-b4df-bd1647696872","dateCreated":"2024-01-17T09:44:56.3304411","dateLastModified":"2024-02-07T17:23:47.374168"}],"pipelines":[],"pipelineJobs":[]}