{"version":1,"request":{"fileName":"resource-influxdbCheyenne-20240716-125333.json","resourceIds":["d54f8274-5e13-4d78-86ce-4a59c404ea70"]},"dashboards":[],"resources":[{"name":"InfluxDB - Cheyenne","kind":"webservice/rest","version":0,"configuration":[{"key":"authentication:credential","value":""},{"key":"authentication:kind","value":"token"},{"key":"authentication:token","value":"Token _4w1n1IExGwUn9vgrhzVw_yRRW_xYoqnoIoWOWmhurDsrkSI63UI3UxWb-tLWH0QK-X71y01IE2xG_1GJVfJrw=="},{"key":"baseUri","value":"https://us-central1-1.gcp.cloud2.influxdata.com"},{"key":"connectTimeout","value":"5000"},{"key":"headers:Accept","value":"application/json"},{"key":"proxy:credential","value":""},{"key":"proxy:enabled","value":"false"},{"key":"proxy:host","value":""},{"key":"proxy:port","value":"443"},{"key":"proxy:token","value":""},{"key":"responseTimeout","value":"30000"},{"key":"security:ignoreCertificateErrors","value":"false"},{"key":"useCookies","value":"true"}],"id":"d54f8274-5e13-4d78-86ce-4a59c404ea70","dateCreated":"2024-04-25T03:10:31.0300751","dateLastModified":"2024-05-23T18:53:17.0448425"}],"pipelines":[],"pipelineJobs":[]}