{"version":1,"request":{"fileName":"resource-influxdbCheyenne-20240807-131345.json","resourceIds":["d54f8274-5e13-4d78-86ce-4a59c404ea70"],"dashboardIds":[],"pipelineIds":[],"pipelineJobIds":[],"resolutions":[]},"dashboards":[],"resources":[{"name":"InfluxDB - Cheyenne","kind":"webservice/rest","version":0,"configuration":[{"key":"authentication:credential","value":""},{"key":"authentication:kind","value":"token"},{"key":"authentication:token","value":"Token _4w1n1IExGwUn9vgrhzVw_yRRW_xYoqnoIoWOWmhurDsrkSI63UI3UxWb-tLWH0QK-X71y01IE2xG_1GJVfJrw=="},{"key":"baseUri","value":"https://us-central1-1.gcp.cloud2.influxdata.com"},{"key":"connectTimeout","value":"5000"},{"key":"headers:Accept","value":"application/json"},{"key":"proxy:credential","value":""},{"key":"proxy:enabled","value":"false"},{"key":"proxy:host","value":""},{"key":"proxy:port","value":"443"},{"key":"proxy:token","value":""},{"key":"responseTimeout","value":"30000"},{"key":"security:ignoreCertificateErrors","value":"false"},{"key":"useCookies","value":"true"}],"id":"d54f8274-5e13-4d78-86ce-4a59c404ea70","dateCreated":"2024-04-25T03:10:31.0300751","dateLastModified":"2024-05-23T18:53:17.0448425"}],"pipelines":[],"pipelineJobs":[{"pipelineTopologyId":"53440c38-7c0c-4f51-bd11-f3bc52793c07","status":4,"dateStarted":"2024-08-06T12:53:49.724651","alertSummary":[{"severity":2,"count":0},{"severity":3,"count":0},{"severity":0,"count":0},{"severity":1,"count":0}],"id":"a3704e18-723d-4931-9830-17e77e3a2328","dateCreated":"2024-08-06T12:53:49.6847821","dateLastModified":"2024-08-06T12:53:49.6847821"},{"pipelineTopologyId":"3b4936fa-bd0a-4301-99aa-6b9edd4d967c","status":4,"dateStarted":"2024-08-06T03:16:25.7741869","alertSummary":[{"severity":2,"count":0},{"severity":3,"count":0},{"severity":0,"count":0},{"severity":1,"count":0}],"id":"2fb288ac-63ac-4f6c-a6e8-0ea712c249f8","dateCreated":"2024-08-06T03:16:25.7344689","dateLastModified":"2024-08-06T03:16:25.7344689"}]}