{"version":1,"request":{"fileName":"resource-anylogLocalOperator-20240716-125337.json","resourceIds":["4e7df9ca-ffa0-4135-bd06-314afd7b4627"]},"dashboards":[],"resources":[{"name":"Anylog - Local Operator","kind":"webservice/rest","version":0,"configuration":[{"key":"authentication:credential","value":""},{"key":"authentication:kind","value":"none"},{"key":"authentication:token","value":""},{"key":"baseUri","value":"http://10.10.1.15:32149"},{"key":"connectTimeout","value":"5000"},{"key":"proxy:credential","value":""},{"key":"proxy:enabled","value":"false"},{"key":"proxy:host","value":""},{"key":"proxy:port","value":"443"},{"key":"proxy:token","value":""},{"key":"responseTimeout","value":"30000"},{"key":"security:ignoreCertificateErrors","value":"false"},{"key":"useCookies","value":"true"}],"id":"4e7df9ca-ffa0-4135-bd06-314afd7b4627","dateCreated":"2024-05-31T21:32:29.6966805","dateLastModified":"2024-05-31T16:51:47.4959235"}],"pipelines":[],"pipelineJobs":[]}