{"version":1,"request":{"fileName":"resource-koreIndustrialpro-20240716-125328.json","resourceIds":["0936ea23-0ed3-43ec-a60e-c6119bd11d69"]},"dashboards":[],"resources":[{"name":"KORE - IndustrialPro","kind":"mqtt/client","version":0,"configuration":[{"key":"auth:allowUntrustedCertificates","value":"true"},{"key":"auth:certificate:content","value":""},{"key":"auth:certificate:contentType","value":""},{"key":"auth:certificate:name","value":""},{"key":"auth:ignoreCertificateChainErrors","value":"true"},{"key":"auth:ignoreCertificateRevocationErrors","value":"true"},{"key":"auth:password","value":"SharedAccessSignature sr=cityofsabetha-923.azure-devices.net%2Fdevices%2F914&sig=5uF5UGZ1ROspbX3CI9SxyCmXoxtnMqDXFnUzbNTwIK0%3D&se=1815769101"},{"key":"auth:privateKey:content","value":""},{"key":"auth:privateKey:contentType","value":""},{"key":"auth:privateKey:name","value":""},{"key":"auth:serverCertificate:content","value":""},{"key":"auth:serverCertificate:contentType","value":""},{"key":"auth:serverCertificate:name","value":""},{"key":"auth:username","value":"cityofsabetha-923.azure-devices.net/914/?api-version=2021-04-12"},{"key":"clientId","value":"914"},{"key":"host","value":"cityofsabetha-923.azure-devices.net"},{"key":"port","value":"8883"},{"key":"timeout","value":"30000"},{"key":"tls","value":"tls12"}],"id":"0936ea23-0ed3-43ec-a60e-c6119bd11d69","dateCreated":"2024-01-27T03:44:00.9053798","dateLastModified":"2024-05-23T18:49:25.2837769"}],"pipelines":[],"pipelineJobs":[]}